Type,SKU,Name,Published,Is featured?,Visibility in catalog,Short description,Description,Tax status,In stock?,Stock,Regular price,Sale price,Categories,Tags,Images,External URL,Button text,Meta: _affiliate_network,Meta: _merchant_brand
"external","cj-396171f91d96be517603","Adam Wolfe - All Episodes","1","1","visible","Step into the shoes of Adam Wolfe, investigator of the supernatural. Driven by your sister's mysterious disappearance, take to the brooding streets of San Fr...","Step into the shoes of Adam Wolfe, investigator of the supernatural. Driven by your sister's mysterious disappearance, take to the brooding streets of San Fr...","none","1","","19.99","0.49","Fashion","cj,fashion,plugindigital","https://www.yuplay.com/media/products/adam-wolfe-all-episodes/616/4a550f8e47a18b1c1b055252d96affbf7fd50fc4.jpg","https://www.yuplay.com/product/adam-wolfe-all-episodes/?partner=cj","Ver Oferta","CJ","Plug In Digital"
"external","cj-131ba6c89971c1d8f51b","Slash It 2","1","1","visible","Slash It 2 is a 2D colorful arcade game. The goal is to press letters, numbers and type words in the right time and direction.","Slash It 2 is a 2D colorful arcade game. The goal is to press letters, numbers and type words in the right time and direction.","none","1","","39.99","1.14","Accessories","cj,accessories,saindustry","https://www.yuplay.com/media/products/slash-it-2/616/d7c0b4e8e47d4aeeacae693b6cdd28fc3da977fb.jpg","https://www.yuplay.com/product/slash-it-2/?partner=cj","Ver Oferta","CJ","SA Industry"
"external","cj-106b954aca053cb59e4c","The Sundew","1","1","visible","You are Anna Isobe, a cyborg cop abandoned by progress and thrust into the midst of a global conspiracy. Experience classic point and click gameplay as you t...","You are Anna Isobe, a cyborg cop abandoned by progress and thrust into the midst of a global conspiracy. Experience classic point and click gameplay as you t...","none","1","","12.49","0.36","Accessories","cj,accessories,2054","https://www.yuplay.com/media/products/the-sundew/616/fa140149315239fdf5ef20cd93d7f5b8697a28b1.jpg","https://www.yuplay.com/product/the-sundew/?partner=cj","Ver Oferta","CJ","2054"
"external","cj-00f17c3d08ee0b9a8d3d","Bus Driver Simulator","1","1","visible","Complete journeys around the city and its suburbs, strictly following the schedule. Earn money by successfully delivering passengers and following the traffi...","Complete journeys around the city and its suburbs, strictly following the schedule. Earn money by successfully delivering passengers and following the traffi...","none","1","","24.99","0.74","Accessories","cj,accessories,kishmishgames","https://www.yuplay.com/media/products/bus-driver-simulator/616/d518952be571c3e8a76878920619c0558be8954e.jpg","https://www.yuplay.com/product/bus-driver-simulator/?partner=cj","Ver Oferta","CJ","KishMish Games"
"external","cj-264f1bd52ff7f9c4b4f5","Puppet Kings","1","1","visible","In a land where The Ancient Law states that kings of the four races should take turns to rule, the current king is determined to rule forever. But to do it h...","In a land where The Ancient Law states that kings of the four races should take turns to rule, the current king is determined to rule forever. But to do it h...","none","1","","9.99","0.30","Accessories","cj,accessories,plugindigital","https://www.yuplay.com/media/products/puppet-kings/616/7335265656ef5aff265c9efaa541ccdd38c0710c.jpg","https://www.yuplay.com/product/puppet-kings/?partner=cj","Ver Oferta","CJ","Plug In Digital"
"external","cj-2c9df3a6221cbf60c6c9","The Inner World","1","1","visible","Robert is a novice, a bit clueless, but with a heart of gold. He lives a peaceful life as a court musician in Asposia's largest wind monastery. Contrary to t...","Robert is a novice, a bit clueless, but with a heart of gold. He lives a peaceful life as a court musician in Asposia's largest wind monastery. Contrary to t...","none","1","","13.99","0.46","Accessories","cj,accessories,headup","https://www.yuplay.com/media/products/the-inner-world/616/25e85741eeddd05dd8f4387225952762bf7a46e1.jpg","https://www.yuplay.com/product/the-inner-world/?partner=cj","Ver Oferta","CJ","Headup"
"external","cj-2a2a0d6fa078cd7d58f5","This Means Warp","1","1","visible","It's co-op space survival fun, Jim, but not as we know it. This Means Warp is an intense spaceship management roguelite experience for 1-4 players. Explore a...","It's co-op space survival fun, Jim, but not as we know it. This Means Warp is an intense spaceship management roguelite experience for 1-4 players. Explore a...","none","1","","19.99","0.66","Accessories","cj,accessories,jagex","https://www.yuplay.com/media/products/this-means-warp/616/ee39905b268f9d1a637dd00b2447d622b09d79b1.jpg","https://www.yuplay.com/product/this-means-warp/?partner=cj","Ver Oferta","CJ","Jagex"
"external","cj-373d5d9ca699076c4ac1","Zoeti","1","1","visible","Zoeti is a turn-based roguelite that features a deck of playing cards used to create card combos and activate skills in the heat of battle.","Zoeti is a turn-based roguelite that features a deck of playing cards used to create card combos and activate skills in the heat of battle.","none","1","","19.99","0.66","Accessories","cj,accessories,akuparagames","https://www.yuplay.com/media/products/zoeti/616/bbb9bb3d207b4d5c005ff8d98ad419ecd8c92fa6.jpg","https://www.yuplay.com/product/zoeti/?partner=cj","Ver Oferta","CJ","Akupara Games"
"external","cj-25bc0f18ab92b6e6e319","You Suck at Parking - Complete Edition","1","1","visible","You Suck at Parking is the only racing game where your goal is to stop and parking your ride is more important than your driving skills.","You Suck at Parking is the only racing game where your goal is to stop and parking your ride is more important than your driving skills.","none","1","","19.50","0.67","Books","cj,books,curvegames","https://www.yuplay.com/media/products/you-suck-at-parking-complete-edition/616/aa795193a271a8e5884564bb3392c13961c371c2.jpg","https://www.yuplay.com/product/you-suck-at-parking-complete-edition/?partner=cj","Ver Oferta","CJ","Curve Games"
"external","cj-1869df667777cd268cdf","Bridge Constructor Medieval","1","1","visible","Dive into the Middle Ages and play the successor to the worldwide #1 hit, Bridge ConstructorBridge Constructor Medieval turns back the clock a few centuries ...","Dive into the Middle Ages and play the successor to the worldwide #1 hit, Bridge ConstructorBridge Constructor Medieval turns back the clock a few centuries ...","none","1","","9.99","0.36","Accessories","cj,accessories,headup","https://www.yuplay.com/media/products/bridge-constructor-medieval/616/bc909eb6a9ac1b8887f37daa67ed08ea1102d571.jpg","https://www.yuplay.com/product/bridge-constructor-medieval/?partner=cj","Ver Oferta","CJ","Headup"
"external","cj-2f5c27138a8abfa59751","Men of War: Assault Squad","1","1","visible","Like previous games in the series, Men of War: Assault Squad  includes the unique &#8220;direct control&#8221; feature which enables players to  maneuver uni...","Like previous games in the series, Men of War: Assault Squad  includes the unique &#8220;direct control&#8221; feature which enables players to  maneuver uni...","none","1","","9.99","0.36","Accessories","cj,accessories,fulqrumpublishing","https://www.yuplay.com/media/products/men-of-war-assault-squad/616/c14b1bbca5eb91baeb6208a13c2d9b261fcf14e0.jpg","https://www.yuplay.com/product/men-of-war-assault-squad/?partner=cj","Ver Oferta","CJ","Fulqrum Publishing"
"external","cj-0792e0d308ffa4b41c7f","My Little Riding Champion","1","1","visible","Your horse. Your passion.","Your horse. Your passion.","none","1","","29.99","1.09","Accessories","cj,accessories,toplitzproductions","https://www.yuplay.com/media/products/my-little-riding-champion/616/03ed7266b94ef327e13250e624580f8351b4ae07.jpg","https://www.yuplay.com/product/my-little-riding-champion/?partner=cj","Ver Oferta","CJ","Toplitz Productions"
"external","cj-187e110581a81225d82e","Helheim Hassle","1","1","visible","Helheim Hassle is a narrative adventure game that is as much about friendship as it is about body parts.","Helheim Hassle is a narrative adventure game that is as much about friendship as it is about body parts.","none","1","","19.99","0.73","Accessories","cj,accessories,theyogscast","https://www.yuplay.com/media/products/helheim-hassle/616/6cb0ab51c25fce664fdf641629d5d0c29cf8d81a.jpg","https://www.yuplay.com/product/helheim-hassle/?partner=cj","Ver Oferta","CJ","The Yogscast"
"external","cj-00777ab33273b40d48cb","5 Star Miami Resort","1","1","visible","In the Champions League of hotel management Lucy has to tackle her next mega project: creating a ground-breaking hotel resort in Miami. And you are her helpf...","In the Champions League of hotel management Lucy has to tackle her next mega project: creating a ground-breaking hotel resort in Miami. And you are her helpf...","none","1","","8.99","0.33","Accessories","cj,accessories,familyplay","https://www.yuplay.com/media/products/5-star-miami-resort/616/e3f638c97aa03880bccf3aaeab135ca0e94b0e3b.jpg","https://www.yuplay.com/product/5-star-miami-resort/?partner=cj","Ver Oferta","CJ","familyplay"
"external","cj-3fa5c30cbc8ff6a83aac","Zombie Solitaire 2 Chapter 1","1","1","visible","Your escape from the zombies continues - now with even more of a bite! Play your cards right and escape the blood-thirsty zombies and their hunger for human ...","Your escape from the zombies continues - now with even more of a bite! Play your cards right and escape the blood-thirsty zombies and their hunger for human ...","none","1","","8.99","0.33","Accessories","cj,accessories,rokaplay","https://www.yuplay.com/media/products/zombie-solitaire-2-chapter-1/616/a36707b951e82c558d5cc8cc6a19525ba216f558.jpg","https://www.yuplay.com/product/zombie-solitaire-2-chapter-1/?partner=cj","Ver Oferta","CJ","rokaplay"
"external","cj-25534fdfddf275b897d0","My Vet Practice - Marine Patrol","1","1","visible","Your very own vet practice at the ocean! In the north of Canada the most popular creatures of the coast and sea need your help. Along with other young vets y...","Your very own vet practice at the ocean! In the north of Canada the most popular creatures of the coast and sea need your help. Along with other young vets y...","none","1","","14.99","0.56","Accessories","cj,accessories,familyplay","https://www.yuplay.com/media/products/my-vet-practice-marine-patrol/616/4ab58c2f53838cb00934d688c8dffe8e08df3dcc.jpg","https://www.yuplay.com/product/my-vet-practice-marine-patrol/?partner=cj","Ver Oferta","CJ","familyplay"
"external","cj-1a0580a987574ddec9f3","Minute of Islands","1","1","visible","You are Mo, a skilled tinkerer, living with her family on a pastoral archipelago, once inhabited by an ancient race of inscrutable giants. Their otherworldly...","You are Mo, a skilled tinkerer, living with her family on a pastoral archipelago, once inhabited by an ancient race of inscrutable giants. Their otherworldly...","none","1","","19.99","0.78","Home","cj,home,assembleentertainment","https://www.yuplay.com/media/products/minute-of-islands/616/f62cd1b3b83e71ba2fe2022379471f6918593e2e.jpg","https://www.yuplay.com/product/minute-of-islands/?partner=cj","Ver Oferta","CJ","Assemble Entertainment"
"external","cj-39050b45c18f003d1e58","City Patrol Police","1","1","visible","Attention! The City Patrol Special Unit is recruiting new members &#8212; and they want YOU! Enforce order in the city's streets and highways, be the arm of ...","Attention! The City Patrol Special Unit is recruiting new members &#8212; and they want YOU! Enforce order in the city's streets and highways, be the arm of ...","none","1","","24.99","0.98","Accessories","cj,accessories,topwareinteractive","https://www.yuplay.com/media/products/city-patrol-police/616/5c32137505d7c8e0435df3e59d2cfc27d7f00429.jpg","https://www.yuplay.com/product/city-patrol-police/?partner=cj","Ver Oferta","CJ","TopWare Interactive"
"external","cj-07321bacd1d085af71a0","Beat Cop","1","1","visible","New York, more like a beast than a city. Explore it's darkest corners and uncover its secrets as Jack Kelly, a former detective who has been framed for a mur...","New York, more like a beast than a city. Explore it's darkest corners and uncover its secrets as Jack Kelly, a former detective who has been framed for a mur...","none","1","","14.99","0.60","Accessories","cj,accessories,11bitstudios","https://www.yuplay.com/media/products/beat-cop/616/fbf344a32b0733cca497f121fd7b33fd12721a3c.jpg","https://www.yuplay.com/product/beat-cop/?partner=cj","Ver Oferta","CJ","11 bit studios"
"external","cj-1e6ec79737af59847717","Starsand","1","1","visible","Your day started as planned. Motivated and full of ambition you started the run of your life, in the middle of the desert, surrounded by like-minded people. ...","Your day started as planned. Motivated and full of ambition you started the run of your life, in the middle of the desert, surrounded by like-minded people. ...","none","1","","16.79","0.68","Accessories","cj,accessories,toplitzproductions","https://www.yuplay.com/media/products/starsand/616/9e2ca630a1554910c864ebf3b2ac6ab4ba7bff3c.jpg","https://www.yuplay.com/product/starsand/?partner=cj","Ver Oferta","CJ","Toplitz Productions"
"external","cj-3417dca8092e7a9beebc","Ludo XXL","1","1","visible","The popular dice game for the whole family!This classic game par excellence has brought young and old together for generations. The much-loved original, with...","The popular dice game for the whole family!This classic game par excellence has brought young and old together for generations. The much-loved original, with...","none","1","","14.99","0.61","Accessories","cj,accessories,familyplay","https://www.yuplay.com/media/products/ludo-xxl/616/aed7961c1d9b3e483831c338af003ceb693faf9f.jpg","https://www.yuplay.com/product/ludo-xxl/?partner=cj","Ver Oferta","CJ","familyplay"
"external","cj-19d521708f1e5c75dfde","STORY OF SEASONS: Pioneers of Olive Town","1","1","visible","Welcome to Olive Town, a peaceful community established by your trailblazing grandfather and his friends. Now that you've taken over his farm, it's your job ...","Welcome to Olive Town, a peaceful community established by your trailblazing grandfather and his friends. Now that you've taken over his farm, it's your job ...","none","1","","39.99","1.63","Accessories","cj,accessories,xseedgames","https://www.yuplay.com/media/products/story-of-seasons-pioneers-of-olive-town/616/cd4c22556432cb6d7acf98dcfed8f6beb19c14f7.jpg","https://www.yuplay.com/product/story-of-seasons-pioneers-of-olive-town/?partner=cj","Ver Oferta","CJ","XSEED Games"
"external","cj-294ad3212fe5d90d3f50","Mass Effect 2 Digital Deluxe Edition","1","1","visible","Mass Effect 2 Digital Deluxe:Collector Armor and Assault RifleTwo bonus in-game items: advanced regeneration armor and a powerful shield-shredding assault ri...","Mass Effect 2 Digital Deluxe:Collector Armor and Assault RifleTwo bonus in-game items: advanced regeneration armor and a powerful shield-shredding assault ri...","none","1","","29.99","1.23","Electronics","cj,electronics,electronicarts","https://www.yuplay.com/media/products/mass-effect-2-digital-deluxe-edition/616/9180ae3e13fe77c9ac021289f9dcc363616e3052.jpg","https://www.yuplay.com/product/mass-effect-2-digital-deluxe-edition/?partner=cj","Ver Oferta","CJ","Electronic Arts"
"external","cj-211e40e32c364414646d","Aurion: Legacy of the Kori-Odan","1","1","visible","Aurion: Legacy of the Kori-Odan is a 2D African Fantasy Action-RPG which seeks to innovate in this genre. The dynamic gameplay partly inspired by the old sch...","Aurion: Legacy of the Kori-Odan is a 2D African Fantasy Action-RPG which seeks to innovate in this genre. The dynamic gameplay partly inspired by the old sch...","none","1","","9.99","0.41","Accessories","cj,accessories,dearvillagers","https://www.yuplay.com/media/products/aurion-legacy-of-the-kori-odan/616/7b5b48b3bd93b80f0945e585165eee4eb5405f90.jpg","https://www.yuplay.com/product/aurion-legacy-of-the-kori-odan/?partner=cj","Ver Oferta","CJ","Dear Villagers"
"external","cj-2d6bb3512dd5c86b15ca","Theme Park Studio","1","1","visible","Theme Park Studio is a powerful suite of tools that allows players to design, build, and experience stunning amusement parks of their own design.","Theme Park Studio is a powerful suite of tools that allows players to design, build, and experience stunning amusement parks of their own design.","none","1","","27.99","1.16","Fashion","cj,fashion,panteraentertainment","https://www.yuplay.com/media/products/theme-park-studio/616/d8fb436c339f866eb7148f8f48dc56825ee7d3d6.jpg","https://www.yuplay.com/product/theme-park-studio/?partner=cj","Ver Oferta","CJ","Pantera Entertainment"
"external","cj-1e6552b2a7ba5d8d9df1","Lords of the Black Sun","1","1","visible","Star Lords is an epic, complex, dense, turn-based 4X PC strategy game, set in deep space.Take command of one race to join the struggle for supremacy in the g...","Star Lords is an epic, complex, dense, turn-based 4X PC strategy game, set in deep space.Take command of one race to join the struggle for supremacy in the g...","none","1","","27.99","1.19","Home","cj,home,iceberginteractive","https://www.yuplay.com/media/products/lords-of-the-black-sun/616/77ad2d0161062ed8244c6d2e1e5570109f2db576.jpg","https://www.yuplay.com/product/lords-of-the-black-sun/?partner=cj","Ver Oferta","CJ","Iceberg Interactive"
"external","cj-32c9da1772f568fecba2","Tropico 3: Gold Edition","1","1","visible","Engage in a tropical power trip! Become the dictator of a remote island during the Cold War. Charm, persuade, intimidate, oppress, or cheat your people to st...","Engage in a tropical power trip! Become the dictator of a remote island during the Cold War. Charm, persuade, intimidate, oppress, or cheat your people to st...","none","1","","14.99","0.64","Books","cj,books,kalypsomedia","https://www.yuplay.com/media/products/tropico-3-gold/616/c643ad6325d72b6f2903b619e28c80c918a3019e.jpg","https://www.yuplay.com/product/tropico-3-gold/?partner=cj","Ver Oferta","CJ","Kalypso Media"
"external","cj-183f9bc9cf6fd293aa5c","Space Moth: Lunar Edition","1","1","visible","1CC Games first shoot em up returns with totally overhauled visuals, all-new enemies and attacks, a deeper scoring system, remixed soundtrack and fresh..","1CC Games first shoot em up returns with totally overhauled visuals, all-new enemies and attacks, a deeper scoring system, remixed soundtrack and fresh..","none","1","","6.99","0.30","Books","cj,books,chorusworldwidegames","https://www.yuplay.com/media/products/space-moth-lunar-edition/616/1ca339b4422ab6f7a200136f4d53e9ee62d8356b.jpg","https://www.yuplay.com/product/space-moth-lunar-edition/?partner=cj","Ver Oferta","CJ","Chorus Worldwide Games"
"external","cj-22003a4187b54a0b54e8","Honey, I Joined a Cult","1","1","visible","In Honey, I Joined a Cult you must build and expand your base, manage your cultists and resources, and increase your faith, funds and following.Base Building...","In Honey, I Joined a Cult you must build and expand your base, manage your cultists and resources, and increase your faith, funds and following.Base Building...","none","1","","19.99","0.87","Home","cj,home,team17","https://www.yuplay.com/media/products/honey-i-joined-a-cult/616/9ecec561b422db072e20cc8bb2f7fdaf2ea7e065.jpg","https://www.yuplay.com/product/honey-i-joined-a-cult/?partner=cj","Ver Oferta","CJ","Team17"
"external","cj-35fc96327f88ed8e018f","King's Bounty II","1","1","visible","King's Bounty II is the long-awaited sequel to the legendary King's Bounty video games franchise, one of the most iconic representatives of the turn-based RP...","King's Bounty II is the long-awaited sequel to the legendary King's Bounty video games franchise, one of the most iconic representatives of the turn-based RP...","none","1","","39.99","1.76","Accessories","cj,accessories,fulqrumpublishing","https://www.yuplay.com/media/products/kings-bounty-ii/616/d66e87c57068ca312f8265e8e468262c3a4cd1ab.jpg","https://www.yuplay.com/product/kings-bounty-ii/?partner=cj","Ver Oferta","CJ","Fulqrum Publishing"
"external","cj-188e38e3d8efd9adc87f","Arelite Core","1","1","visible","The age of heroes is passed, yet an ancient evil rises again. Follow the adventures of Karden, a blacksmith on the path to mastering his craft, forced to tak...","The age of heroes is passed, yet an ancient evil rises again. Follow the adventures of Karden, a blacksmith on the path to mastering his craft, forced to tak...","none","1","","19.99","0.88","Accessories","cj,accessories,plugindigital","https://www.yuplay.com/media/products/arelite-core/616/de54caa23c6e254f7af1b31b0e6c9be512e6d401.jpg","https://www.yuplay.com/product/arelite-core/?partner=cj","Ver Oferta","CJ","Plug In Digital"
"external","cj-08d87a3e452089380cbb","King's Bounty II Duke's Edition","1","1","visible","King's Bounty II is the long-awaited sequel to the legendary King's Bounty video games franchise, one of the most iconic representatives of the turn-based RP...","King's Bounty II is the long-awaited sequel to the legendary King's Bounty video games franchise, one of the most iconic representatives of the turn-based RP...","none","1","","49.99","2.21","Books","cj,books,fulqrumpublishing","https://www.yuplay.com/media/products/kings-bounty-2-dukes-edition/616/da5a35070ce9dc766d9a146c82fb144a1d133f0a.jpeg","https://www.yuplay.com/product/kings-bounty-2-dukes-edition/?partner=cj","Ver Oferta","CJ","Fulqrum Publishing"
"external","cj-2284005a5f5c443b5487","The Divine Invasion","1","1","visible","Strange events occur in the cyberpunk age: a mysterious criminal steals museum pieces, historical documents in order to make certain corrections and then put...","Strange events occur in the cyberpunk age: a mysterious criminal steals museum pieces, historical documents in order to make certain corrections and then put...","none","1","","20.99","0.93","Accessories","cj,accessories,whalerockgames","https://www.yuplay.com/media/products/the-divine-invasion/616/d0e5bde4e01e1c6bbc1e96be64a145492ba87866.jpg","https://www.yuplay.com/product/the-divine-invasion/?partner=cj","Ver Oferta","CJ","Whale Rock Games"
"external","cj-007e89b802b3eb577137","The Smurfs - Mission Vileaf","1","1","visible","Go on an adventure to save your forest!In a dusty grimoire, the wizard Gargamel just put his hands on the formula of an evil plant: the VILEAF.This plant pro...","Go on an adventure to save your forest!In a dusty grimoire, the wizard Gargamel just put his hands on the formula of an evil plant: the VILEAF.This plant pro...","none","1","","29.99","1.33","Accessories","cj,accessories,microids","https://www.yuplay.com/media/products/the-smurfs-mission-vileaf/616/54cd8ff974ce27be4efef6c36e46084a95fa4150.jpg","https://www.yuplay.com/product/the-smurfs-mission-vileaf/?partner=cj","Ver Oferta","CJ","Microids"
"external","cj-30393d6657c33b5d8852","Who Wants To Be A Millionaire","1","1","visible","With 15 questions to answer, it will become harder and harder to increase the prize fund: over 3,000 themed questions waiting to be answered (geographic, sci...","With 15 questions to answer, it will become harder and harder to increase the prize fund: over 3,000 themed questions waiting to be answered (geographic, sci...","none","1","","29.99","1.33","Accessories","cj,accessories,microids","https://www.yuplay.com/media/products/who-wants-to-be-a-millionaire/616/dd2f20394494cbac833bec780f017f6d3d818e4d.jpg","https://www.yuplay.com/product/who-wants-to-be-a-millionaire/?partner=cj","Ver Oferta","CJ","Microids"
"external","cj-38cdcf6ead4936774abe","Dolmen Day One Edition","1","1","visible","Dolmen casts players onto a hostile alien world known as Revion Prime.","Dolmen casts players onto a hostile alien world known as Revion Prime.","none","1","","39.99","1.84","Sports","cj,sports,primematter","https://www.yuplay.com/media/products/dolmen-day-one-edition/616/3d4e4f3444a7a7278dad410a1931397d9196ad09.jpg","https://www.yuplay.com/product/dolmen-day-one-edition/?partner=cj","Ver Oferta","CJ","Prime Matter"
"external","cj-0322c5dd0f5a63c7a685","Clocker","1","1","visible","Clocker is a puzzle game about time. It stages a story between a father and daughter using a dual protagonists technique. By controlling two individual chara...","Clocker is a puzzle game about time. It stages a story between a father and daughter using a dual protagonists technique. By controlling two individual chara...","none","1","","9.99","0.46","Electronics","cj,electronics,plugindigital","https://www.yuplay.com/media/products/clocker/616/bd287fc5527bf181a0972663322e96ddde2846aa.jpg","https://www.yuplay.com/product/clocker/?partner=cj","Ver Oferta","CJ","Plug In Digital"
"external","cj-35c101f91570e0a4fd12","King's Bounty Warriors of the North: Valhalla Upgrade","1","1","visible","King's Bounty: Warriors of the North - Valhalla Edition includes Valhalla Armor Set: These unique in-game items are an armor set the hero can collect in the ...","King's Bounty: Warriors of the North - Valhalla Edition includes Valhalla Armor Set: These unique in-game items are an armor set the hero can collect in the ...","none","1","","9.99","0.46","Books","cj,books,fulqrumpublishing","https://www.yuplay.com/media/products/kings-bounty-warriors-of-the-north-valhalla-upgrade/616/858bdd3d1a3ea8b297954785e179ba6609f5b843.jpg","https://www.yuplay.com/product/kings-bounty-warriors-of-the-north-valhalla-upgrade/?partner=cj","Ver Oferta","CJ","Fulqrum Publishing"
"external","cj-369b078cbd377ba82b31","Claws of Furry","1","1","visible","With fifty levels of catastrophic mayhem, players will punch and scratch their way through enemies to rescue their Master from the evil claws of an unknown b...","With fifty levels of catastrophic mayhem, players will punch and scratch their way through enemies to rescue their Master from the evil claws of an unknown b...","none","1","","9.99","0.46","Accessories","cj,accessories,plugindigital","https://www.yuplay.com/media/products/claws-of-furry/616/d0dd8f7a7df95ccf0686e67a9dc3d54c96d7a6cb.jpg","https://www.yuplay.com/product/claws-of-furry/?partner=cj","Ver Oferta","CJ","Plug In Digital"
"external","cj-0f2682b2ad59b9c9a440","Ghost of a Tale","1","1","visible","You are Tilo, a courageous minstrel Mouse on a perilous quest to find his true love. Use stealth and cunning as you explore Dwindling Heights Keep&#8212;from...","You are Tilo, a courageous minstrel Mouse on a perilous quest to find his true love. Use stealth and cunning as you explore Dwindling Heights Keep&#8212;from...","none","1","","22.99","1.06","Electronics","cj,electronics,plugindigital","https://www.yuplay.com/media/products/ghost-of-a-tale/616/e734522376a408646d70fdf38baa9fc470aa576b.jpg","https://www.yuplay.com/product/ghost-of-a-tale/?partner=cj","Ver Oferta","CJ","Plug In Digital"
"external","cj-36515202d1f27d15655a","Slash It Ultimate","1","1","visible","Slash It Ultimate is a colorful rhythm arcade game that uses a mix of 2D and 3D play styles.","Slash It Ultimate is a colorful rhythm arcade game that uses a mix of 2D and 3D play styles.","none","1","","29.99","1.40","Sports","cj,sports,saindustry","https://www.yuplay.com/media/products/slash-it-ultimate/616/03e91e6f32fe6a735466ab41720a9ac43a2da1b2.jpg","https://www.yuplay.com/product/slash-it-ultimate/?partner=cj","Ver Oferta","CJ","SA Industry"
"external","cj-2c3e3786e1b5d7627d6e","An interesting journey of Monsieur PAF","1","1","visible","Trapped in an ancient temple during an archeological expedition, Monsieur PAF needs to find a way to get out by solving puzzles left by a forgotten civilizat...","Trapped in an ancient temple during an archeological expedition, Monsieur PAF needs to find a way to get out by solving puzzles left by a forgotten civilizat...","none","1","","14.99","0.70","Books","cj,books,plugindigital","https://www.yuplay.com/media/products/an-interesting-journey-of-monsieur-paf/616/209c8187bd9b88d72620bd6816b7e6fd6008de36.jpg","https://www.yuplay.com/product/an-interesting-journey-of-monsieur-paf/?partner=cj","Ver Oferta","CJ","Plug In Digital"
"external","cj-252746aaad622dbb2745","Joe Danger + Joe Danger 2: The Movie Bundle","1","1","visible","Items Included in this Package    Joe Danger    Joe Danger 2: The Movie    The Making of Joe Danger eBook - which details the rollercoaster ride four friends...","Items Included in this Package    Joe Danger    Joe Danger 2: The Movie    The Making of Joe Danger eBook - which details the rollercoaster ride four friends...","none","1","","22.99","1.08","Books","cj,books,hellogames","https://www.yuplay.com/media/products/joe-danger-joe-danger-2-the-movie-bundle/616/e213317dde9b371f4b7b277a8d47b2ccdf67f184.jpg","https://www.yuplay.com/product/joe-danger-joe-danger-2-the-movie-bundle/?partner=cj","Ver Oferta","CJ","Hello Games"
"external","cj-25e5f6d895cce29f80c8","Porcunipine","1","1","visible","Porcunipine is a couch multiplayer about balding porcupines fighting courageously for survival using their very last pointy quills.","Porcunipine is a couch multiplayer about balding porcupines fighting courageously for survival using their very last pointy quills.","none","1","","9.99","0.47","Accessories","cj,accessories,curvegames","https://www.yuplay.com/media/products/porcunipine/616/95c285c6853f3d54f596af11013181b527c43956.jpg","https://www.yuplay.com/product/porcunipine/?partner=cj","Ver Oferta","CJ","Curve Games"
"external","cj-1dcc61dc49ea5fcacfc6","Settlement Survival","1","1","visible","In this city-building game, you will lead a group of survivors in their search for a new home.","In this city-building game, you will lead a group of survivors in their search for a new home.","none","1","","19.50","0.93","Home","cj,home,team17","https://www.yuplay.com/media/products/settlement-survival/616/d75f309f9e05cec1cc284f538e41bb5cc33e662c.jpg","https://www.yuplay.com/product/settlement-survival/?partner=cj","Ver Oferta","CJ","Team17"
"external","cj-28af627cf5a937bcba0b","AER Memories of Old","1","1","visible","The gods of old are forgotten, lost in the events that shattered the world, leaving only fragments of islands in the sky. This mystic world of endless skies,...","The gods of old are forgotten, lost in the events that shattered the world, leaving only fragments of islands in the sky. This mystic world of endless skies,...","none","1","","14.99","0.72","Accessories","cj,accessories,daedalicentertainment","https://www.yuplay.com/media/products/aer-memories-of-old/616/c93d18355b57016270212faa744f5959ef310da4.jpg","https://www.yuplay.com/product/aer-memories-of-old/?partner=cj","Ver Oferta","CJ","Daedalic Entertainment"
"external","cj-070f73d2f13c517d31a8","Interrogation: You will be deceived","1","1","visible","GameplayIn the pursuit of terrorist organization The Liberation Front, you have to coordinate your team to gather information, manage your limited budget and...","GameplayIn the pursuit of terrorist organization The Liberation Front, you have to coordinate your team to gather information, manage your limited budget and...","none","1","","12.99","0.63","Fashion","cj,fashion,assembleentertainment","https://www.yuplay.com/media/products/interrogation-you-will-be-deceived/616/3fb1eaedfe2b9845c3de0d98cdc667aaddb71ea0.jpg","https://www.yuplay.com/product/interrogation-you-will-be-deceived/?partner=cj","Ver Oferta","CJ","Assemble Entertainment"
"external","cj-3e9721662c9da18ce9a6","Slime-san","1","1","visible","Slime-san was minding his own business, sliming around in a peaceful forest when suddenly&#8230;A giant worm appeared and gobbled him up! &#8232;Now deep wit...","Slime-san was minding his own business, sliming around in a peaceful forest when suddenly&#8230;A giant worm appeared and gobbled him up! &#8232;Now deep wit...","none","1","","14.99","0.73","Accessories","cj,accessories,headup","https://www.yuplay.com/media/products/slime-san/616/4617f7e09f46906216c1bacb2f527e2808a63d57.jpg","https://www.yuplay.com/product/slime-san/?partner=cj","Ver Oferta","CJ","Headup"
"external","cj-1d010336314181ef867f","Midnight's Blessing 2","1","1","visible","A mysterious force targets Sidni, and she must flee to keep her home and friends safe! Sidni finds herself in a strange land that holds the keys to her past....","A mysterious force targets Sidni, and she must flee to keep her home and friends safe! Sidni finds herself in a strange land that holds the keys to her past....","none","1","","7.99","0.39","Home","cj,home,warfarestudios","https://www.yuplay.com/media/products/midnights-blessing-2/616/20f9b53051366cacdd8fe9a09efa8395fec408be.jpg","https://www.yuplay.com/product/midnights-blessing-2/?partner=cj","Ver Oferta","CJ","Warfare Studios"
"external","cj-347e33dad70e337e6bd2","Machinika Museum","1","1","visible","Welcome to the Museum! Machinika Museum is a mystery game where you discover beautiful and mysterious machines of extra-terrestrial origins in an atmospheric...","Welcome to the Museum! Machinika Museum is a mystery game where you discover beautiful and mysterious machines of extra-terrestrial origins in an atmospheric...","none","1","","7.99","0.39","Accessories","cj,accessories,plugindigital","https://www.yuplay.com/media/products/machinika-museum/616/97b526ec92a5d8b3521de0e3bf615c6fb770a4d8.jpg","https://www.yuplay.com/product/machinika-museum/?partner=cj","Ver Oferta","CJ","Plug In Digital"
"external","cj-24edfd8730e9f61d5619","ShootMania Storm","1","1","visible","ShootMania Storm is revolutionizing the multiplayer FPS by adding a  community dimension and unlimited replayability. Developed by the Nadeo  studio, renowne...","ShootMania Storm is revolutionizing the multiplayer FPS by adding a  community dimension and unlimited replayability. Developed by the Nadeo  studio, renowne...","none","1","","19.99","0.98","Accessories","cj,accessories,ubisoft","https://www.yuplay.com/media/products/shootmania-storm/616/90c6ee0c577a778710c30876aa2a307d944f4996.jpg","https://www.yuplay.com/product/shootmania-storm/?partner=cj","Ver Oferta","CJ","Ubisoft"
"external","cj-2ade322dd2ecf98ab813","Human: Fall Flat","1","1","visible","Human Fall Flat is a hilarious, light-hearted platformer set in floating dreamscapes that can be played solo or with up to 8 players online.","Human Fall Flat is a hilarious, light-hearted platformer set in floating dreamscapes that can be played solo or with up to 8 players online.","none","1","","19.99","0.99","Home","cj,home,curvegames","https://www.yuplay.com/media/products/human-fall-flat/616/bb59735df96eb5c5f03e80019c668da13aef27f7.jpg","https://www.yuplay.com/product/human-fall-flat/?partner=cj","Ver Oferta","CJ","Curve Games"
"external","cj-2eb664fbc06a522c91c9","Regions Of Ruin","1","1","visible","Ever wonder what would happen if Kingdom met a broad, skill based open world RPG? Welcome to Regions of Ruin.Regions of Ruin is a 2D side-scrolling RPG with ...","Ever wonder what would happen if Kingdom met a broad, skill based open world RPG? Welcome to Regions of Ruin.Regions of Ruin is a 2D side-scrolling RPG with ...","none","1","","11.99","0.60","Accessories","cj,accessories,phangd","https://www.yuplay.com/media/products/regions-of-ruin/616/dd2b6f5020a6477b022896d9c2c279681e914f98.jpg","https://www.yuplay.com/product/regions-of-ruin/?partner=cj","Ver Oferta","CJ","Phangd"
"external","cj-14f1bf582aa1aa6acef7","Love Letter","1","1","visible","DRAW, PLAY AND BLUFF, FOR ONLY ONE SUITOR WILL BE ABLE TO WIN THE HEART OF THE PRINCESSYou and other suitors are prepared to do anything to get your love let...","DRAW, PLAY AND BLUFF, FOR ONLY ONE SUITOR WILL BE ABLE TO WIN THE HEART OF THE PRINCESSYou and other suitors are prepared to do anything to get your love let...","none","1","","6.99","0.35","Fashion","cj,fashion,plugindigital","https://www.yuplay.com/media/products/love-letter/616/bede71de7405c7604701e33afc51bdce3504b009.jpg","https://www.yuplay.com/product/love-letter/?partner=cj","Ver Oferta","CJ","Plug In Digital"
"external","cj-1d10efcd43af2d6c8871","Deponia 2: Chaos on Deponia","1","1","visible","With this long-expected sequel to the critically highly acclaimed and  lavishly praised Deponia.","With this long-expected sequel to the critically highly acclaimed and  lavishly praised Deponia.","none","1","","19.99","1.01","Accessories","cj,accessories,daedalicentertainment","https://www.yuplay.com/media/products/deponia-2-chaos-on-deponia/616/1608b37e0472633bedfaf17d2981f30f2c39e130.jpg","https://www.yuplay.com/product/deponia-2-chaos-on-deponia/?partner=cj","Ver Oferta","CJ","Daedalic Entertainment"
"external","cj-294c7c6c0024163f178d","Age of Wonders III","1","1","visible","Age of Wonders III is the long anticipated sequel to the award-winning strategy series. Delivering a unique mix of Empire Building, Role Playing and Warfare,...","Age of Wonders III is the long anticipated sequel to the award-winning strategy series. Delivering a unique mix of Empire Building, Role Playing and Warfare,...","none","1","","29.99","1.54","Accessories","cj,accessories,paradoxinteractive","https://www.yuplay.com/media/products/age-of-wonders-iii/616/d81829c5bd2c5e5345b8f3f536e4a9d355895240.jpg","https://www.yuplay.com/product/age-of-wonders-iii/?partner=cj","Ver Oferta","CJ","Paradox Interactive"
"external","cj-38f6746e8c60c66dce4d","Ozymandias: Bronze Age Empire Sim","1","1","visible","At the dawn of history, Bronze Age kings built the first empires. Strategize their rise to power in a uniquely streamlined 4X. Expand your borders, build cit...","At the dawn of history, Bronze Age kings built the first empires. Strategize their rise to power in a uniquely streamlined 4X. Expand your borders, build cit...","none","1","","14.99","0.77","Home","cj,home,goblinzpublishing","https://www.yuplay.com/media/products/ozymandias-bronze-age-empire-sim/616/b70ee870a6e9019cb66ac732103902ddb3db6dd3.jpg","https://www.yuplay.com/product/ozymandias-bronze-age-empire-sim/?partner=cj","Ver Oferta","CJ","Goblinz Publishing"
"external","cj-408112a04834141732b0","Shift Quantum","1","1","visible","Greetings subject 32763. Welcome to Shift Quantum, the latest version of our immersive experimentation system. SHIFT the world, twist your environment, bend ...","Greetings subject 32763. Welcome to Shift Quantum, the latest version of our immersive experimentation system. SHIFT the world, twist your environment, bend ...","none","1","","19.99","1.03","Accessories","cj,accessories,plugindigital","https://www.yuplay.com/media/products/shift-quantum/616/7633f3d961f05b73f3f8b540d2ebf88bdd156080.jpg","https://www.yuplay.com/product/shift-quantum/?partner=cj","Ver Oferta","CJ","Plug In Digital"
"external","cj-07d83564eaeaef4e8f5b","Sunblaze","1","1","visible","Sunblaze is a brain-twisting precision platformer with hundreds of challenging, handcrafted levels to keep you dying for hours and hours.","Sunblaze is a brain-twisting precision platformer with hundreds of challenging, handcrafted levels to keep you dying for hours and hours.","none","1","","14.99","0.78","Accessories","cj,accessories,bonusstagepublishing","https://www.yuplay.com/media/products/sunblaze/616/f209f2a3b02f0989a85bdf5ab76f96170a78dcd2.jpg","https://www.yuplay.com/product/sunblaze/?partner=cj","Ver Oferta","CJ","Bonus Stage Publishing"
"external","cj-0dcf1d9bfb316d365a96","War Mongrels","1","1","visible","War Mongrels is an isometric real-time tactics game that takes place on the eastern front of World War II.","War Mongrels is an isometric real-time tactics game that takes place on the eastern front of World War II.","none","1","","44.99","2.36","Accessories","cj,accessories,destructivecreations","https://www.yuplay.com/media/products/war-mongrels/616/21194411d0b86e358ba08e4e52e77a108ff812f4.jpg","https://www.yuplay.com/product/war-mongrels/?partner=cj","Ver Oferta","CJ","Destructive Creations"
"external","cj-3653a473428045a4dd2e","Time Loader","1","1","visible","Time Loader is a story-driven, physics-based puzzle platformer with a twist. At the helm of a small robot, youll travel back to the 90s to prevent a tragic a...","Time Loader is a story-driven, physics-based puzzle platformer with a twist. At the helm of a small robot, youll travel back to the 90s to prevent a tragic a...","none","1","","12.49","0.66","Accessories","cj,accessories,postmetagamesltd","https://www.yuplay.com/media/products/time-loader/616/7af50f0331583a952c6d52d642fe6b52888591a9.jpg","https://www.yuplay.com/product/time-loader/?partner=cj","Ver Oferta","CJ","Postmeta Games Ltd"
"external","cj-3260004be2e85053f73e","The Tale of a Common Man","1","1","visible","Undefeated's devs are back with a bigger, better tale of a man seeking revenge for the cruel murders of his wife and son.","Undefeated's devs are back with a bigger, better tale of a man seeking revenge for the cruel murders of his wife and son.","none","1","","9.75","0.52","Accessories","cj,accessories,aldorleagames","https://www.yuplay.com/media/products/the-tale-of-a-common-man/616/a07949ee07b692bac7e17a59819bf8e883f2358e.jpg","https://www.yuplay.com/product/the-tale-of-a-common-man/?partner=cj","Ver Oferta","CJ","Aldorlea Games"
"external","cj-34fee481a7e0b0ccebd8","Heretic's Fork","1","1","visible","Dear candidate, Thank you for submitting your application for the position of Hell's Manager. We are pleased to offer you the job and extend a warm welcome t...","Dear candidate, Thank you for submitting your application for the position of Hell's Manager. We are pleased to offer you the job and extend a warm welcome t...","none","1","","9.75","0.53","Accessories","cj,accessories,ravenagegames","https://www.yuplay.com/media/products/heretics-fork/616/4dd8a2cc07e9b042d6b491bc310ca8c4a5aa4f64.jpg","https://www.yuplay.com/product/heretics-fork/?partner=cj","Ver Oferta","CJ","Ravenage Games"
"external","cj-2874115fc1765fb4369b","Arson & Plunder: Unleashed","1","1","visible","Arson & Plunder is a 2D arcade/beat'em up adventure based on the genre classics of the 90's. The classic gameplay has been brought up to speed with the lates...","Arson & Plunder is a 2D arcade/beat'em up adventure based on the genre classics of the 90's. The classic gameplay has been brought up to speed with the lates...","none","1","","6.99","0.38","Accessories","cj,accessories,headup","https://www.yuplay.com/media/products/arson-and-plunder-unleashed/616/c5ff7d8ed05c0dadccaaccc42254342acdfbdc7e.jpg","https://www.yuplay.com/product/arson-and-plunder-unleashed/?partner=cj","Ver Oferta","CJ","Headup"
"external","cj-1eacfc9cbb04f1b28797","REZ PLZ","1","1","visible","A puzzle platformer with a new twist on co-op and single player gameplay. Solve puzzles, platforming challenges, and encounter dangerous monsters and traps t...","A puzzle platformer with a new twist on co-op and single player gameplay. Solve puzzles, platforming challenges, and encounter dangerous monsters and traps t...","none","1","","12.49","0.68","Accessories","cj,accessories,graffitigames","https://www.yuplay.com/media/products/rez-plz/616/e0bf4d42167bcf7a420c0eb60a97e53afe02319d.jpg","https://www.yuplay.com/product/rez-plz/?partner=cj","Ver Oferta","CJ","Graffiti Games"
"external","cj-12b8765df370c63aa95a","OVERPASS (Steam)","1","1","visible","In OVERPASS, the scree slopes, steep inclines, tree trunks and bogs present as much of an obstacle to victory as other drivers.At the controls of powerful bu...","In OVERPASS, the scree slopes, steep inclines, tree trunks and bogs present as much of an obstacle to victory as other drivers.At the controls of powerful bu...","none","1","","29.99","1.64","Accessories","cj,accessories,nacon","https://www.yuplay.com/media/products/overpasstm-steam/616/ad3756567c5dab95ec0481f5168f1479c417cb00.jpg","https://www.yuplay.com/product/overpasstm-steam/?partner=cj","Ver Oferta","CJ","Nacon"
"external","cj-272901069f3576e9c9cc","Warhammer: Vermintide 2","1","1","visible","The sequel to the critically acclaimed Vermintide is a visually stunning and groundbreaking melee action game pushing the boundaries of the first person co-o...","The sequel to the critically acclaimed Vermintide is a visually stunning and groundbreaking melee action game pushing the boundaries of the first person co-o...","none","1","","27.99","1.54","Accessories","cj,accessories,fatshark","https://www.yuplay.com/media/products/warhammer-vermintide-2/616/5889e5a57b3500d44ac32b7c72e9872f4ae9a92f.jpg","https://www.yuplay.com/product/warhammer-vermintide-2/?partner=cj","Ver Oferta","CJ","Fatshark"
"external","cj-1ce1cc1b8d2010122af2","Darksiders Warmastered Edition","1","1","visible","Deceived by the forces of evil into prematurely bringing about the end of the world, War - the first Horseman of the Apocalypse - stands accused of breaking ...","Deceived by the forces of evil into prematurely bringing about the end of the world, War - the first Horseman of the Apocalypse - stands accused of breaking ...","none","1","","19.99","1.10","Sports","cj,sports,thqnordic","https://www.yuplay.com/media/products/darksiders-warmastered-edition/616/c8819450780936987f16983748ed128db1272ee8.jpg","https://www.yuplay.com/product/darksiders-warmastered-edition/?partner=cj","Ver Oferta","CJ","THQ Nordic"
"external","cj-3e5c4ba842afb38d5c60","Electrician Simulator","1","1","visible","In the Electrician Simulator game you will take on the role of an electrician.Learn the secrets of the electrician profession and become the best professiona...","In the Electrician Simulator game you will take on the role of an electrician.Learn the secrets of the electrician profession and become the best professiona...","none","1","","17.99","1.00","Sports","cj,sports,ultimategamessa","https://www.yuplay.com/media/products/electrician-simulator/616/3c45113b3aab8fd46f8d9e50ca43ba6bcd1ea64a.jpg","https://www.yuplay.com/product/electrician-simulator/?partner=cj","Ver Oferta","CJ","Ultimate Games S.A"
"external","cj-3ff3369ffef9f23d47db","R&#246;ki","1","1","visible","Rediscover magic and chart your adventure through this forgotten northern world of mystery and monsters. Find your courage, discover hidden paths, solve anci...","Rediscover magic and chart your adventure through this forgotten northern world of mystery and monsters. Find your courage, discover hidden paths, solve anci...","none","1","","21.99","1.23","Accessories","cj,accessories,cigames","https://www.yuplay.com/media/products/roki/616/076c317d1308c40ccc777d54f19ca2bd579533c1.jpg","https://www.yuplay.com/product/roki/?partner=cj","Ver Oferta","CJ","CI Games"
"external","cj-079988955d2459fed718","Backgammon + Checkers + Mills","1","1","visible","Discover three exciting board games!Backgammon, checkers and mills are among the oldest strategic games in the world and are played around the globe. They re...","Discover three exciting board games!Backgammon, checkers and mills are among the oldest strategic games in the world and are played around the globe. They re...","none","1","","14.99","0.84","Electronics","cj,electronics,markttechnik","https://www.yuplay.com/media/products/backgammon-plus-checkers-plus-mills/616/7ad4b73be48f99f640a9df01f3dfa9127f3e7d26.jpg","https://www.yuplay.com/product/backgammon-plus-checkers-plus-mills/?partner=cj","Ver Oferta","CJ","Markt+Technik"
"external","cj-20732bc39e9bcf71d8ae","White Night","1","1","visible","Explore the macabre past of an old mansion while solving puzzles of light & shadow in this fully black & white, Film Noir style survival horror! Players must...","Explore the macabre past of an old mansion while solving puzzles of light & shadow in this fully black & white, Film Noir style survival horror! Players must...","none","1","","14.99","0.84","Home","cj,home,plugindigital","https://www.yuplay.com/media/products/white-night/616/f757755c6d6d1cc17c2cfcdb1990d73e86a1d5f2.jpg","https://www.yuplay.com/product/white-night/?partner=cj","Ver Oferta","CJ","Plug In Digital"
"external","cj-26574ed93794a2647a54","Summer Games Challenge","1","1","visible","Go for Gold!Get off the sofa and onto the winner's podium - participate in the action-packed summer games! Competitions in swimming, shooting, light and heav...","Go for Gold!Get off the sofa and onto the winner's podium - participate in the action-packed summer games! Competitions in swimming, shooting, light and heav...","none","1","","14.99","0.84","Electronics","cj,electronics,markttechnik","https://www.yuplay.com/media/products/summer-games-challenge/616/7ba2805c10b464f11bc12fb1acc72774f1af87dd.jpg","https://www.yuplay.com/product/summer-games-challenge/?partner=cj","Ver Oferta","CJ","Markt+Technik"
"external","cj-27cc039b127b1e31e551","Cassiodora","1","1","visible","Cassiodora is a medieval fantasy game inspired by classic shoot 'em up with unique mechanics and epic boss fights. Save the princess Cassiodora by yourself o...","Cassiodora is a medieval fantasy game inspired by classic shoot 'em up with unique mechanics and epic boss fights. Save the princess Cassiodora by yourself o...","none","1","","14.99","0.84","Accessories","cj,accessories,pidgames","https://www.yuplay.com/media/products/cassiodora/616/c6990711e1ebb322b5fa083704e05e48b1db5dca.jpg","https://www.yuplay.com/product/cassiodora/?partner=cj","Ver Oferta","CJ","PID Games"
"external","cj-29bb926c8332fbafd53b","Flooded","1","1","visible","Flooded is a reversed city-builder, in which you need to optimize your production on an island that shrinks over time.","Flooded is a reversed city-builder, in which you need to optimize your production on an island that shrinks over time.","none","1","","12.79","0.72","Accessories","cj,accessories,surefiregames","https://www.yuplay.com/media/products/flooded/616/561c5c76f8c3ee75c435793217d59480985e089c.jpg","https://www.yuplay.com/product/flooded/?partner=cj","Ver Oferta","CJ","Surefire.Games"
"external","cj-13ea9daf2497b440c7e0","Godlike Burger","1","1","visible","Godlike Burger puts you in the shoes of a maniac chef who makes the best burgers in the universe. The secret ingredient? The customers themselves! Run the re...","Godlike Burger puts you in the shoes of a maniac chef who makes the best burgers in the universe. The secret ingredient? The customers themselves! Run the re...","none","1","","19.99","1.13","Fashion","cj,fashion,daedalicentertainment","https://www.yuplay.com/media/products/godlike-burger/616/ebb47b5271be71fcd34f378e303f9c6efd0f365c.jpg","https://www.yuplay.com/product/godlike-burger/?partner=cj","Ver Oferta","CJ","Daedalic Entertainment"
"external","cj-41fce01073f2a8713dd4","Champions of Anteria","1","1","visible","Welcome to Anteria, a magical kingdom thatd be rather delightful if it wasnt enslaved by a bloodthirsty horde of enemy factions that have more evil tricks th...","Welcome to Anteria, a magical kingdom thatd be rather delightful if it wasnt enslaved by a bloodthirsty horde of enemy factions that have more evil tricks th...","none","1","","29.99","1.70","Home","cj,home,ubisoft","https://www.yuplay.com/media/products/champions-of-anteria/616/0258da809e9d4ccca72095fc55f66e820a189d50.jpg","https://www.yuplay.com/product/champions-of-anteria/?partner=cj","Ver Oferta","CJ","Ubisoft"
"external","cj-25e281b16fdb11d6f313","Adam's Venture Origins","1","1","visible","Embark on a bold adventure in Adam's Venture: Origins. Set in the roaring 20's, in Adam's Venture: Origins you will explore ancient ruins, and recover myster...","Embark on a bold adventure in Adam's Venture: Origins. Set in the roaring 20's, in Adam's Venture: Origins you will explore ancient ruins, and recover myster...","none","1","","14.99","0.85","Accessories","cj,accessories,soedesco","https://www.yuplay.com/media/products/adams-venture-origins/616/a169a7efbe3ded0165d0b310fa69b9f2295ada1e.jpg","https://www.yuplay.com/product/adams-venture-origins/?partner=cj","Ver Oferta","CJ","SOEDESCO"
"external","cj-1df11d69f84c20e78120","DESOLATIUM","1","1","visible","DESOLATIUM is a first-person point & click Graphic Adventure based on Lovecraft Mythos.","DESOLATIUM is a first-person point & click Graphic Adventure based on Lovecraft Mythos.","none","1","","14.79","0.84","Accessories","cj,accessories,soedesco","https://www.yuplay.com/media/products/desolatium/616/02e35b0dda223fe7711ebdfa5f2a0033e10eb624.jpg","https://www.yuplay.com/product/desolatium/?partner=cj","Ver Oferta","CJ","SOEDESCO"
"external","cj-015cf4603d429d0bd7bc","Saints Row: The Third Remastered","1","1","visible","Saints Row: The Third - Remastered gives you control of the Saints at the height of their power, and you live the life to show for it. This is your City. The...","Saints Row: The Third - Remastered gives you control of the Saints at the height of their power, and you live the life to show for it. This is your City. The...","none","1","","39.99","2.28","Accessories","cj,accessories,deepsilver","https://www.yuplay.com/media/products/saints-row-the-third-remastered/616/092c32280f8884b5b4f2825f15c2578959d41b35.jpg","https://www.yuplay.com/product/saints-row-the-third-remastered/?partner=cj","Ver Oferta","CJ","Deep Silver"
"external","cj-1d73305c3e9d803dd448","Clinically Dead","1","1","visible","Clinically Dead is about the last seconds of your life and the strange flow of time while dying. Experience the few seconds of adventure that seem like an et...","Clinically Dead is about the last seconds of your life and the strange flow of time while dying. Experience the few seconds of adventure that seem like an et...","none","1","","14.99","0.86","Sports","cj,sports,ultimategamessa","https://www.yuplay.com/media/products/clinically-dead/616/d47541e6b0468a66a208c7f17f7b5c8d40d815d8.jpg","https://www.yuplay.com/product/clinically-dead/?partner=cj","Ver Oferta","CJ","Ultimate Games S.A"
"external","cj-2f1e4e8d6e0599f3f92c","Onirike","1","1","visible","Onirike is an original 3D adventure, puzzle and platformer video game which takes place in an intricate open world, designed with a non-linear narrative..","Onirike is an original 3D adventure, puzzle and platformer video game which takes place in an intricate open world, designed with a non-linear narrative..","none","1","","14.99","0.86","Accessories","cj,accessories,devilishgames","https://www.yuplay.com/media/products/onirike/616/1ab2875633aed5fb8089e8b062f13c2e06ec2240.jpg","https://www.yuplay.com/product/onirike/?partner=cj","Ver Oferta","CJ","DevilishGames"
"external","cj-31dabe7965aedda6f7fc","Goodbye Deponia","1","1","visible","More chaos, more destruction, more Rufus. Not one, not two, but three Rufuses cause all kinds of crazy mayhem in the long-awaited point & click adventure com...","More chaos, more destruction, more Rufus. Not one, not two, but three Rufuses cause all kinds of crazy mayhem in the long-awaited point & click adventure com...","none","1","","19.99","1.15","Accessories","cj,accessories,daedalicentertainment","https://www.yuplay.com/media/products/goodbye-deponia/616/2a59a19871905dac2310555e74eba28f387613e5.jpg","https://www.yuplay.com/product/goodbye-deponia/?partner=cj","Ver Oferta","CJ","Daedalic Entertainment"
"external","cj-0858751d3fe9ba2618ef","Fated Souls","1","1","visible","Explore magical lands and discover your inner self in this exciting 16-bit style RPG from the same team that made Vagrant Hearts and Ashes of Immortality and...","Explore magical lands and discover your inner self in this exciting 16-bit style RPG from the same team that made Vagrant Hearts and Ashes of Immortality and...","none","1","","9.99","0.58","Accessories","cj,accessories,aldorleagames","https://www.yuplay.com/media/products/fated-souls/616/4ace4421267b8adfbc9d64674ffb9a547425dcf4.jpg","https://www.yuplay.com/product/fated-souls/?partner=cj","Ver Oferta","CJ","Aldorlea Games"
"external","cj-3d9a8688d739f4d2199e","SPACECOM","1","1","visible","SPACECOM - a strategic-to-the-bone, starfleet command game with a heavy focus on multiplayer. Spacecom is a battle of strategists in which deception, smart m...","SPACECOM - a strategic-to-the-bone, starfleet command game with a heavy focus on multiplayer. Spacecom is a battle of strategists in which deception, smart m...","none","1","","9.99","0.58","Accessories","cj,accessories,11bitstudios","https://www.yuplay.com/media/products/spacecom/616/1f88cd58dcf9d5187d14613ab40af2cd4ba549de.jpg","https://www.yuplay.com/product/spacecom/?partner=cj","Ver Oferta","CJ","11 bit studios"
"external","cj-2b7da28fc20547d512d8","Injustice 2 Legendary Edition","1","1","visible","Injustice 2 Legendary EditionInjustice 2Injustice 2 - Black LightningInjustice 2 - Black MantaInjustice 2 - DarkseidInjustice 2 - EnchantressInjustice 2 - He...","Injustice 2 Legendary EditionInjustice 2Injustice 2 - Black LightningInjustice 2 - Black MantaInjustice 2 - DarkseidInjustice 2 - EnchantressInjustice 2 - He...","none","1","","59.99","3.51","Home","cj,home,wbgames","https://www.yuplay.com/media/products/injustice-2-legendary-edition/616/d800bbe66726e3e723b58193249e8e58246d386f.jpg","https://www.yuplay.com/product/injustice-2-legendary-edition/?partner=cj","Ver Oferta","CJ","WB Games"
"external","cj-36b6d3b077d18c5e11ef","Beholder 3","1","1","visible","Welcome to The Greatest Union!A totalitarian state that controls everything and everyone through oppressive laws, total surveillance, and intimidation.You ar...","Welcome to The Greatest Union!A totalitarian state that controls everything and everyone through oppressive laws, total surveillance, and intimidation.You ar...","none","1","","14.99","0.88","Accessories","cj,accessories,alawarentertainment","https://www.yuplay.com/media/products/beholder-3/616/35a8f28d849c91ad2140ae39376c925821a10080.jpg","https://www.yuplay.com/product/beholder-3/?partner=cj","Ver Oferta","CJ","Alawar Entertainment"
"external","cj-12beee42f5baf996363e","Turbo Golf Racing","1","1","visible","An action-packed fusion of racing and golf.","An action-packed fusion of racing and golf.","none","1","","17.99","1.06","Accessories","cj,accessories,secretmode","https://www.yuplay.com/media/products/turbo-golf-racing/616/ffc475e6eddcad48f68b4bf8a78e51e895b03c31.jpg","https://www.yuplay.com/product/turbo-golf-racing/?partner=cj","Ver Oferta","CJ","Secret Mode"
"external","cj-307eb259702bfb029ac6","Partisans 1941","1","1","visible","Partisans 1941 is a real-time tactics game with stealth elements, set on the eastern front of WW II. As an army commander behind enemy lines you gather a gro...","Partisans 1941 is a real-time tactics game with stealth elements, set on the eastern front of WW II. As an army commander behind enemy lines you gather a gro...","none","1","","29.99","1.77","Accessories","cj,accessories,daedalicentertainment","https://www.yuplay.com/media/products/partisans-1941/616/3b01b7ccfafee866de595660999e78ccfe4e85b2.jpg","https://www.yuplay.com/product/partisans-1941/?partner=cj","Ver Oferta","CJ","Daedalic Entertainment"
"external","cj-4011c53c875ae9eaa1f0","Train Valley 2","1","1","visible","Drive forward the industrial revolution in our train tycoon puzzle game! Build an efficient railroad, upgrade your locomotives, and keep all trains on track ...","Drive forward the industrial revolution in our train tycoon puzzle game! Build an efficient railroad, upgrade your locomotives, and keep all trains on track ...","none","1","","12.49","0.74","Accessories","cj,accessories,postmetagamesltd","https://www.yuplay.com/media/products/train-valley-2/616/307a52fae607eb821e2b42fa63599046c1cdcb07.jpg","https://www.yuplay.com/product/train-valley-2/?partner=cj","Ver Oferta","CJ","Postmeta Games Ltd"
"external","cj-374f2a2e3dbece159adf","What the Duck","1","1","visible","An action-adventure RPG with exploration, crafting, combat, and rhythm games.","An action-adventure RPG with exploration, crafting, combat, and rhythm games.","none","1","","19.99","1.20","Accessories","cj,accessories,untoldtales","https://www.yuplay.com/media/products/what-the-duck/616/919b5af6632a5f992f191de6f802697ed5374319.jpg","https://www.yuplay.com/product/what-the-duck/?partner=cj","Ver Oferta","CJ","Untold Tales"
"external","cj-3e3a69eae6f267f0b4ca","Real Farm - Gold Edition","1","1","visible","Grow your way to success in Real Farm. Work your way up from nothing in career mode or start with an established farm in free mode.","Grow your way to success in Real Farm. Work your way up from nothing in career mode or start with an established farm in free mode.","none","1","","19.99","1.20","Books","cj,books,soedesco","https://www.yuplay.com/media/products/real-farm-gold-edition/616/2d31dc5307ba5211da4cd9500a56adfe7918a09c.jpg","https://www.yuplay.com/product/real-farm-gold-edition/?partner=cj","Ver Oferta","CJ","SOEDESCO"
"external","cj-194fc970c8d3c45fe71e","Impulsion","1","1","visible","Impulsion is a fast-paced first-person platformer designed to play with your nerves and reflexes!","Impulsion is a fast-paced first-person platformer designed to play with your nerves and reflexes!","none","1","","12.99","0.78","Accessories","cj,accessories,dearvillagers","https://www.yuplay.com/media/products/impulsion/616/b07820735ff624f1d78051c5376350fecf37afcf.jpg","https://www.yuplay.com/product/impulsion/?partner=cj","Ver Oferta","CJ","Dear Villagers"
"external","cj-1227d0ed63b4db4495a0","POSTAL 2: Paradise Lost","1","1","visible","Ten years after his Apocalypse Weekend escapades, The Postal Dude finally returns!Paradise Lost is a full-fledged expansion pack for POSTAL 2 continuing the ...","Ten years after his Apocalypse Weekend escapades, The Postal Dude finally returns!Paradise Lost is a full-fledged expansion pack for POSTAL 2 continuing the ...","none","1","","5.99","0.36","Home","cj,home,runningwithscissors","https://www.yuplay.com/media/products/postal-2-paradise-lost/616/2aff692a5d530e16d5dace8b7cbd718043099595.jpg","https://www.yuplay.com/product/postal-2-paradise-lost/?partner=cj","Ver Oferta","CJ","Running With Scissors"
"external","cj-22c88e1037637d7d80a5","Death Noodle Delivery","1","1","visible","It's your first day of work for Death Noodle Delivery Inc. Ride your hoverboard and try to survive in a cyberpunk world on the brink of collapse.","It's your first day of work for Death Noodle Delivery Inc. Ride your hoverboard and try to survive in a cyberpunk world on the brink of collapse.","none","1","","4.99","0.30","Accessories","cj,accessories,troglobytesgames","https://www.yuplay.com/media/products/death-noodle-delivery/616/31333dcf02e47ebb341fcd785c67ddb93b22307c.jpg","https://www.yuplay.com/product/death-noodle-delivery/?partner=cj","Ver Oferta","CJ","Troglobytes Games"
"external","cj-30aad1b508069476ee78","The Book of Unwritten Tales","1","1","visible","In a world torn by war, the aged gremlin archaeologist Mortimer MacGuffin harbors the dark secret of a powerful artifact.","In a world torn by war, the aged gremlin archaeologist Mortimer MacGuffin harbors the dark secret of a powerful artifact.","none","1","","19.99","1.21","Books","cj,books,thqnordic","https://www.yuplay.com/media/products/the-book-of-unwritten-tales/616/24953fc9808f27f53d40ff9641c0043fa6163405.jpg","https://www.yuplay.com/product/the-book-of-unwritten-tales/?partner=cj","Ver Oferta","CJ","THQ Nordic"
"external","cj-0450cff40b0bdd42905f","Local News with Cliff Rockslide","1","1","visible","You're the cameraperson of Butterfly Valley's #1 influencer: Cliff Rockslide.","You're the cameraperson of Butterfly Valley's #1 influencer: Cliff Rockslide.","none","1","","8.99","0.55","Electronics","cj,electronics,bonusstagepublishing","https://www.yuplay.com/media/products/local-news-with-cliff-rockslide/616/b453d509f60aa1a789faf7ae463f1b0c72424d47.jpg","https://www.yuplay.com/product/local-news-with-cliff-rockslide/?partner=cj","Ver Oferta","CJ","Bonus Stage Publishing"
"external","cj-34108de1aa49d830d71c","Abermore","1","1","visible","Explore the neo-Edwardian city of Abermore to encounter the weird and wonderful characters that inhabit the city. If you can pull off their challenging deman...","Explore the neo-Edwardian city of Abermore to encounter the weird and wonderful characters that inhabit the city. If you can pull off their challenging deman...","none","1","","15.99","0.98","Accessories","cj,accessories,fireshinegames","https://www.yuplay.com/media/products/abermore/616/ebe3a73d999396a4522961f6da474ab7d5af6c12.jpg","https://www.yuplay.com/product/abermore/?partner=cj","Ver Oferta","CJ","Fireshine Games"
"external","cj-3b67d3f04ccbc4df002c","Radical Rabbit Stew","1","1","visible","Get your super spoons ready and whack those crazy rabbits into saucepans to free the space chefs - but think fast or the bunnies will attack! Featuring bite-...","Get your super spoons ready and whack those crazy rabbits into saucepans to free the space chefs - but think fast or the bunnies will attack! Featuring bite-...","none","1","","15.99","0.98","Home","cj,home,fireshinegames","https://www.yuplay.com/media/products/radical-rabbit-stew/616/6fa127b9df8b5a1eee6f497ac213c95cdfc0ce37.jpg","https://www.yuplay.com/product/radical-rabbit-stew/?partner=cj","Ver Oferta","CJ","Fireshine Games"
"external","cj-2a92e6d18109d1c9c7a5","MY HERO ONES JUSTICE","1","1","visible","Fight for your justice in MY HERO ONE'S JUSTICE! The popular manga and anime series clashes head-to-head and Quirk-to-Quirk in this 3D arena fighter.","Fight for your justice in MY HERO ONE'S JUSTICE! The popular manga and anime series clashes head-to-head and Quirk-to-Quirk in this 3D arena fighter.","none","1","","59.99","3.68","Accessories","cj,accessories,bandainamcoentertainmentinc","https://www.yuplay.com/media/products/my-hero-ones-justice/616/09e39b1264a00e21f24f9df4ebc499d5ad13d476.jpg","https://www.yuplay.com/product/my-hero-ones-justice/?partner=cj","Ver Oferta","CJ","Bandai Namco Entertainment Inc"
"external","cj-1da5cc6a48e84222c26d","Deep Sky Derelicts","1","1","visible","Deep Sky Derelicts is an original combination of turn-based strategy and RPG, enriched with tacticalcard combat and popular rogue-like elements. Explore dere...","Deep Sky Derelicts is an original combination of turn-based strategy and RPG, enriched with tacticalcard combat and popular rogue-like elements. Explore dere...","none","1","","19.99","1.23","Accessories","cj,accessories,fulqrumpublishing","https://www.yuplay.com/media/products/deep-sky-derelicts/616/026247bd56003fc36ca75b2c03603a20bb41dc37.jpg","https://www.yuplay.com/product/deep-sky-derelicts/?partner=cj","Ver Oferta","CJ","Fulqrum Publishing"
"external","cj-417b9e2a85938d8ddb3b","Eldest Souls","1","1","visible","Fast-paced and brutally challenging, Eldest Souls is a unique Boss-Rush soulslike experience. In a final act of vengeance, the Old Gods have unleashed a grea...","Fast-paced and brutally challenging, Eldest Souls is a unique Boss-Rush soulslike experience. In a final act of vengeance, the Old Gods have unleashed a grea...","none","1","","19.99","1.23","Accessories","cj,accessories,cigames","https://www.yuplay.com/media/products/eldest-souls/616/5655bc47c691265319835a735fa854882e857beb.jpg","https://www.yuplay.com/product/eldest-souls/?partner=cj","Ver Oferta","CJ","CI Games"
"external","cj-0e80632fcc8af4b31b45","Bus Driver Simulator - Tourist DLC","1","1","visible","The Tourist is a high-capacity Soviet intercity bus. It differs from the urban version in that it is a little longer and does not have automatic doors. More ...","The Tourist is a high-capacity Soviet intercity bus. It differs from the urban version in that it is a little longer and does not have automatic doors. More ...","none","1","","3.99","0.25","Sports","cj,sports,kishmishgames","https://www.yuplay.com/media/products/bus-driver-simulator-tourist-dlc/616/2a473a02038e233b3b081210e9dc4065eb9444f3.jpg","https://www.yuplay.com/product/bus-driver-simulator-tourist-dlc/?partner=cj","Ver Oferta","CJ","KishMish Games"
"external","cj-114acd9a4bb622981f4c","Swords of Gurrah VR","1","1","visible","Swords of Gurrah is a real-time multiplayer sword-fighting VR game that immerses you in the role of a Sci-Fi Gladiator.","Swords of Gurrah is a real-time multiplayer sword-fighting VR game that immerses you in the role of a Sci-Fi Gladiator.","none","1","","14.99","0.94","Accessories","cj,accessories,devsterllc","https://www.yuplay.com/media/products/swords-of-gurrah-vr/616/573296f5c36d84a337a7a58082c238ecf0473005.jpg","https://www.yuplay.com/product/swords-of-gurrah-vr/?partner=cj","Ver Oferta","CJ","Devster, LLC"
"external","cj-1ae9d70f8f2c8300b366","Orbital Racer","1","1","visible","A unique combination of space and racing sims. Choose between fast-paced, explosive action or more realistic simulation where drifting around every corner be...","A unique combination of space and racing sims. Choose between fast-paced, explosive action or more realistic simulation where drifting around every corner be...","none","1","","14.99","0.94","Accessories","cj,accessories,plugindigital","https://www.yuplay.com/media/products/orbital-racer/616/894876f1ac8c47c0a614521a39b6a5755275c0dc.jpg","https://www.yuplay.com/product/orbital-racer/?partner=cj","Ver Oferta","CJ","Plug In Digital"
"external","cj-0cb5a33887181ba8f7a3","Sniper Elite 5","1","1","visible","The latest instalment in the award-winning series, Sniper Elite 5 offers unparalleled sniping, tactical third-person combat and an enhanced kill cam. Fight y...","The latest instalment in the award-winning series, Sniper Elite 5 offers unparalleled sniping, tactical third-person combat and an enhanced kill cam. Fight y...","none","1","","49.99","3.16","Accessories","cj,accessories,rebellion","https://www.yuplay.com/media/products/sniper-elite-5/616/d747c016a7bf79f2074144f4c68f0a614ecc0a6e.jpg","https://www.yuplay.com/product/sniper-elite-5/?partner=cj","Ver Oferta","CJ","Rebellion"
"external","cj-2c69aa2d0f6e9d3336dd","Sniper Ghost Warrior 3 Season Pass Edition","1","1","visible","Go behind enemy lines with the ultimate modern military shooter. Choose your own path to accomplish your missions across an unforgiven open world.","Go behind enemy lines with the ultimate modern military shooter. Choose your own path to accomplish your missions across an unforgiven open world.","none","1","","29.99","1.91","Sports","cj,sports,cigames","https://www.yuplay.com/media/products/sniper-ghost-warrior-3-season-pass-edition/616/939ddfbe4d16664526597cb77a9ce85c6e530a1c.jpg","https://www.yuplay.com/product/sniper-ghost-warrior-3-season-pass-edition/?partner=cj","Ver Oferta","CJ","CI Games"
"external","cj-1b3e6eeff8c397e9dc81","KILL la KILL -IF","1","1","visible","The critically acclaimed 2013 anime title that shook the streets of Honnou City, 'KILL la KILL' finally makes a comeback as an action fighting game! Play as ...","The critically acclaimed 2013 anime title that shook the streets of Honnou City, 'KILL la KILL' finally makes a comeback as an action fighting game! Play as ...","none","1","","19.99","1.28","Accessories","cj,accessories,arcsystemworks","https://www.yuplay.com/media/products/kill-la-kill-if/616/a1415d7f93befa937558ff8b3eb364ae5bd65151.jpg","https://www.yuplay.com/product/kill-la-kill-if/?partner=cj","Ver Oferta","CJ","Arc System Works"
"external","cj-251080205339bfd20432","King's Bounty: Platinum Edition","1","1","visible","King's Bounty Platinum Edition includes: King's Bounty: Armored Princess, King's Bounty: Crossworlds, King's Bounty: The Legend.","King's Bounty Platinum Edition includes: King's Bounty: Armored Princess, King's Bounty: Crossworlds, King's Bounty: The Legend.","none","1","","19.99","1.28","Books","cj,books,fulqrumpublishing","https://www.yuplay.com/media/products/kings-bounty-platinum-edition/616/2d44f6a6e47c995e3b5becd9017d5e003b16bca9.jpg","https://www.yuplay.com/product/kings-bounty-platinum-edition/?partner=cj","Ver Oferta","CJ","Fulqrum Publishing"
"external","cj-1c3774fc88744f3e9722","Smoots World Cup Tennis","1","1","visible","Join the Smoots and play all the tournaments in the Tennis World Circuit.","Join the Smoots and play all the tournaments in the Tennis World Circuit.","none","1","","9.99","0.64","Sports","cj,sports,plugindigital","https://www.yuplay.com/media/products/smoots-world-cup-tennis/616/9b3e87aa95b233e3a5f12222a7ecfcee21a1bcde.jpg","https://www.yuplay.com/product/smoots-world-cup-tennis/?partner=cj","Ver Oferta","CJ","Plug In Digital"
"external","cj-2f6a08e62bd0ea75f79c","Vive le Roi","1","1","visible","January 21, 1793, Revolutionaries are about to guillotine King Louis XVI of France. Can you save him and change history?","January 21, 1793, Revolutionaries are about to guillotine King Louis XVI of France. Can you save him and change history?","none","1","","4.99","0.32","Accessories","cj,accessories,petitefleurproductions","https://www.yuplay.com/media/products/vive-le-roi/616/5338ee97264fa698e58225295ffbc39ad8260060.jpg","https://www.yuplay.com/product/vive-le-roi/?partner=cj","Ver Oferta","CJ","Petite Fleur Productions"
"external","cj-1c3c45c0ca2e9101462a","Life is Feudal: Forest Village","1","1","visible","LiF:Forest Village is a city builder with survival aspects in a realistic harsh medieval world. Shape, build and expand your settlement, grow various food to...","LiF:Forest Village is a city builder with survival aspects in a realistic harsh medieval world. Shape, build and expand your settlement, grow various food to...","none","1","","22.99","1.48","Home","cj,home,bitboxltd","https://www.yuplay.com/media/products/life-is-feudal-forest-village/616/aca0bd8a073eef25d03d906d025c5ded17d6e3f6.jpg","https://www.yuplay.com/product/life-is-feudal-forest-village/?partner=cj","Ver Oferta","CJ","Bitbox Ltd"
"external","cj-0113c6c28de9346d13c5","Professional Fishing: Sakura Ryokan Spinning","1","1","visible","Real equipment for spinning fans! Faithfully reproduced models, real fishing tackle company SAKURA!Licensed equipment and lures!Rods:Sakura Ryokan 802MH (2,4...","Real equipment for spinning fans! Faithfully reproduced models, real fishing tackle company SAKURA!Licensed equipment and lures!Rods:Sakura Ryokan 802MH (2,4...","none","1","","19.99","1.29","Home","cj,home,ultimategamessa","https://www.yuplay.com/media/products/professional-fishing-sakura-ryokan-spinning/616/cd294f632b7bb53ce6337699d7353058198566da.jpg","https://www.yuplay.com/product/professional-fishing-sakura-ryokan-spinning/?partner=cj","Ver Oferta","CJ","Ultimate Games S.A"
"external","cj-0b64d218daf329758d73","Cardpocalypse","1","1","visible","Make friends, play cards, twist the rules, become a Mega Mutant Power Pets master, and try to save the world in this single-player RPG about being a 90's kid...","Make friends, play cards, twist the rules, become a Mega Mutant Power Pets master, and try to save the world in this single-player RPG about being a 90's kid...","none","1","","24.99","1.62","Accessories","cj,accessories,versusevil","https://www.yuplay.com/media/products/cardpocalypse/616/f5303c276c01e2fa6e569b0ddf2d20cd5f80ab1b.jpg","https://www.yuplay.com/product/cardpocalypse/?partner=cj","Ver Oferta","CJ","Versus Evil"
"external","cj-3a4b39420a4ea315b9cd","Caveblazers","1","1","visible","Caveblazers is an action focused platformer roguelike set in a fantasy world. Each game is unique with procedurally generated levels to explore and a massive...","Caveblazers is an action focused platformer roguelike set in a fantasy world. Each game is unique with procedurally generated levels to explore and a massive...","none","1","","9.99","0.65","Fashion","cj,fashion,theyogscast","https://www.yuplay.com/media/products/caveblazers/616/809fd8d649a210d64ed6e5239d71da6c2cfbe16e.jpg","https://www.yuplay.com/product/caveblazers/?partner=cj","Ver Oferta","CJ","The Yogscast"
"external","cj-3d386ebe70b72e5f4cb8","Overlooting","1","1","visible","An unlikely group has been formed with the mission of defeating a new dark force corrupting the world.","An unlikely group has been formed with the mission of defeating a new dark force corrupting the world.","none","1","","9.99","0.65","Accessories","cj,accessories,posingpossums","https://www.yuplay.com/media/products/overlooting/616/b89ded415163edd7f19f59277efae95454ee7b92.jpg","https://www.yuplay.com/product/overlooting/?partner=cj","Ver Oferta","CJ","Posing Possums"
"external","cj-188dc11de1d8825c47e9","Metro Simulator - 'Russia' Liveries Pack","1","1","visible","Inspired by real machines, this pack contains three exclusive skins for the Tashkent (Uzbekistan), Baku (Azerbaijan), and Kazan (Russia - to be developed) tr...","Inspired by real machines, this pack contains three exclusive skins for the Tashkent (Uzbekistan), Baku (Azerbaijan), and Kazan (Russia - to be developed) tr...","none","1","","3.99","0.26","Accessories","cj,accessories,kishmishgames","https://www.yuplay.com/media/products/metro-simulator-russia-liveries-pack/616/1c6c09ff48ebb82f4cd5a7a2aa36e9750f70f812.jpg","https://www.yuplay.com/product/metro-simulator-russia-liveries-pack/?partner=cj","Ver Oferta","CJ","KishMish Games"
"external","cj-26eda9ecfe8340a27ccd","Bus Driver Simulator - European Minibus DLC","1","1","visible","This German minibus, in production since 1995, was created to meet various needs, such as comfortable passenger transportation and cargo transportation. Prod...","This German minibus, in production since 1995, was created to meet various needs, such as comfortable passenger transportation and cargo transportation. Prod...","none","1","","3.99","0.26","Home","cj,home,kishmishgames","https://www.yuplay.com/media/products/bus-driver-simulator-european-minibus-dlc/616/548adcebf9d60ea1af335bdf425640c2d8e3bd87.jpg","https://www.yuplay.com/product/bus-driver-simulator-european-minibus-dlc/?partner=cj","Ver Oferta","CJ","KishMish Games"
"external","cj-41d006b2527d68bfd930","Bus Driver Simulator - Old Legend DLC","1","1","visible","This small bus, designed for transportation over short distances, was manufactured from 1967 to 1989. Its good maneuverability is an advantage both in urban ...","This small bus, designed for transportation over short distances, was manufactured from 1967 to 1989. Its good maneuverability is an advantage both in urban ...","none","1","","3.99","0.26","Sports","cj,sports,kishmishgames","https://www.yuplay.com/media/products/bus-driver-simulator-old-legend-dlc/616/0e2eed4447f6aa9110cfed22cb450091c07c2149.jpg","https://www.yuplay.com/product/bus-driver-simulator-old-legend-dlc/?partner=cj","Ver Oferta","CJ","KishMish Games"
"external","cj-189d98dc4a98b76eb325","Mortal Kombat 11","1","1","visible","YOU'RE NEXT!MK is back and better than ever in the next evolution of the iconic franchise.&#160;The all new Custom Character Variations give you unprecedente...","YOU'RE NEXT!MK is back and better than ever in the next evolution of the iconic franchise.&#160;The all new Custom Character Variations give you unprecedente...","none","1","","49.99","3.26","Accessories","cj,accessories,warnerbrosgames","https://www.yuplay.com/media/products/mortal-kombat-11/616/2a4b38fbfd4586fbae9c99ae37007df798ccab40.jpg","https://www.yuplay.com/product/mortal-kombat-11/?partner=cj","Ver Oferta","CJ","Warner Bros. Games"
"external","cj-3d327f21dfa5e086b1b0","Shift Happens","1","1","visible","The two jello jelly creatures Bismo and Plom got connected in a tragic yet funny accident and thus can exchange their size and abilities at will. Welcome to ...","The two jello jelly creatures Bismo and Plom got connected in a tragic yet funny accident and thus can exchange their size and abilities at will. Welcome to ...","none","1","","14.99","0.98","Accessories","cj,accessories,daedalicentertainment","https://www.yuplay.com/media/products/shift-happens/616/d010f39f17e130c31bc213a123fb27e09ffce424.jpg","https://www.yuplay.com/product/shift-happens/?partner=cj","Ver Oferta","CJ","Daedalic Entertainment"
"external","cj-34c1397cb5be0285c963","Shadow Tactics: Blades of the Shogun","1","1","visible","Take control of a team of deadly specialists and sneak in the shadows between dozens of enemies. Choose your approach when infiltrating mighty castles, snowy...","Take control of a team of deadly specialists and sneak in the shadows between dozens of enemies. Choose your approach when infiltrating mighty castles, snowy...","none","1","","39.99","2.62","Accessories","cj,accessories,daedalicentertainment","https://www.yuplay.com/media/products/shadow-tactics-blades-of-the-shogun/616/76ee42753ee2f7a74513ed51bc0ed06c47d869bc.jpg","https://www.yuplay.com/product/shadow-tactics-blades-of-the-shogun/?partner=cj","Ver Oferta","CJ","Daedalic Entertainment"
"external","cj-34b9df56b9e8be21fdf8","Rescue Team 7","1","1","visible","Mother Nature has met her match!","Mother Nature has met her match!","none","1","","6.99","0.46","Sports","cj,sports,alawarentertainment","https://www.yuplay.com/media/products/rescue-team-7/616/c6fe09e7a563ce199b038f65450e9d7ebc5629c7.jpg","https://www.yuplay.com/product/rescue-team-7/?partner=cj","Ver Oferta","CJ","Alawar Entertainment"
"external","cj-3c52e17d4d713b6d4103","Men of War Assault Squad Game of the Year Edition","1","1","visible","Set of Men of War: Assault Squad and 5 DLCsMEN OF WAR: ASSAULT SQUADis  a new game in the Men of War series. It takes place across the globe  during World Wa...","Set of Men of War: Assault Squad and 5 DLCsMEN OF WAR: ASSAULT SQUADis  a new game in the Men of War series. It takes place across the globe  during World Wa...","none","1","","14.99","0.99","Books","cj,books,fulqrumpublishing","https://www.yuplay.com/media/products/men-of-war-assault-squad-game-of-the-year-edition/616/f539e7b6bef65d06119c5d0d91d1147fd8b94e3c.jpg","https://www.yuplay.com/product/men-of-war-assault-squad-game-of-the-year-edition/?partner=cj","Ver Oferta","CJ","Fulqrum Publishing"
"external","cj-0963ee677c72f12c0689","The Dark Eye Universe Bundle","1","1","visible","The Dark Eye Universe Bundle included: BlackguardsBlackguards: Untold LegendsThe Dark Eye: Chains of SatinavMemoria","The Dark Eye Universe Bundle included: BlackguardsBlackguards: Untold LegendsThe Dark Eye: Chains of SatinavMemoria","none","1","","31.99","2.13","Accessories","cj,accessories,daedalicentertainment","https://www.yuplay.com/media/products/the-dark-eye-universe-bundle/616/c1835e868704c463e6b7fa7e236b54e9cc4a0900.jpg","https://www.yuplay.com/product/the-dark-eye-universe-bundle/?partner=cj","Ver Oferta","CJ","Daedalic Entertainment"
"external","cj-2e5c827d11a8463632d0","Saints Row: The Third Remastered","1","1","visible","Saints Row: The Third - Remastered gives you control of the Saints at the height of their power, and you live the life to show for it. This is your City. The...","Saints Row: The Third - Remastered gives you control of the Saints at the height of their power, and you live the life to show for it. This is your City. The...","none","1","","39.99","2.67","Accessories","cj,accessories,deepsilver","https://www.yuplay.com/media/products/saints-row-the-third-remastered/616/48507512f0b5ec87f0d03b2123bcdfb97c6d321e.jpg","https://www.yuplay.com/product/saints-row-the-third-remastered/?partner=cj","Ver Oferta","CJ","Deep Silver"
"external","cj-2a0dabfb4e6ce19f6fcb","Beasts of Maravilla Island","1","1","visible","Beasts of Maravilla Island is a 3D adventure game where you take on the role of a young wildlife photographer who traverses Maravilla Island's magical ecosys...","Beasts of Maravilla Island is a 3D adventure game where you take on the role of a young wildlife photographer who traverses Maravilla Island's magical ecosys...","none","1","","9.99","0.67","Accessories","cj,accessories,plugindigital","https://www.yuplay.com/media/products/beasts-of-maravilla-island/616/76d98f5d7878cc04fea4bacccb35541501c56cef.jpg","https://www.yuplay.com/product/beasts-of-maravilla-island/?partner=cj","Ver Oferta","CJ","Plug In Digital"
"external","cj-39a1f0b23ab40aecd8c4","Lords of the Fallen Game of the Year Edition","1","1","visible","Game of the Year Edition includes:Lords Of The FallenLords of the Fallen - Monk DecipherLords of the Fallen - Demonic Weapon PackLords of the Fallen - The Fo...","Game of the Year Edition includes:Lords Of The FallenLords of the Fallen - Monk DecipherLords of the Fallen - Demonic Weapon PackLords of the Fallen - The Fo...","none","1","","29.99","2.03","Books","cj,books,plugindigital","https://www.yuplay.com/media/products/lords-of-the-fallen-goty/616/c24a438bb98ff32bc3370cae4421ea2b12574ff6.jpg","https://www.yuplay.com/product/lords-of-the-fallen-goty/?partner=cj","Ver Oferta","CJ","Plug In Digital"
"external","cj-0654587c182cb302990b","Hamiltons Great Adventure Bundle","1","1","visible","Includes:Hamilton's Great AdventureHamilton's Great Adventure: Retro Fever DLCTake part in an amazing adventure, guiding the explorer Ernest Hamilton and his...","Includes:Hamilton's Great AdventureHamilton's Great Adventure: Retro Fever DLCTake part in an amazing adventure, guiding the explorer Ernest Hamilton and his...","none","1","","9.88","0.67","Accessories","cj,accessories,fatshark","https://www.yuplay.com/media/products/hamiltons-great-adventure-bundle/616/adc624126f8080176a227aa4d47748545c399c4d.jpg","https://www.yuplay.com/product/hamiltons-great-adventure-bundle/?partner=cj","Ver Oferta","CJ","Fatshark"
"external","cj-243a796743b56c3579f1","Army General","1","1","visible","Army General is a turnbased strategy game that depicts the desert warfare in Northern Afrika and parts of the Mediterranean sea during World War II.","Army General is a turnbased strategy game that depicts the desert warfare in Northern Afrika and parts of the Mediterranean sea during World War II.","none","1","","14.99","1.02","Accessories","cj,accessories,plugindigital","https://www.yuplay.com/media/products/army-general/616/64fa0dc800e3465918336f169576c61a271fe66b.jpg","https://www.yuplay.com/product/army-general/?partner=cj","Ver Oferta","CJ","Plug In Digital"
"external","cj-3ba71b89b1b424936179","Samura&#239; Riot","1","1","visible","Samurai Riot is a 2D cooperative Beatem up Arcade game with a twist! Playing as Sukane or Tsurumaru, two charismatic warriors torn between their duty and bel...","Samurai Riot is a 2D cooperative Beatem up Arcade game with a twist! Playing as Sukane or Tsurumaru, two charismatic warriors torn between their duty and bel...","none","1","","14.99","1.02","Sports","cj,sports,plugindigital","https://www.yuplay.com/media/products/samura-riot/616/a6fa114d2a8cde24a12061709909a3011f787327.jpg","https://www.yuplay.com/product/samura-riot/?partner=cj","Ver Oferta","CJ","Plug In Digital"
"external","cj-1db66c7e8bcc28966b69","Jump Stars","1","1","visible","Introducing Jump Stars, the bonkers new local multiplayer party game which pits player against player in a bizarre, violent game show - whilst they collectiv...","Introducing Jump Stars, the bonkers new local multiplayer party game which pits player against player in a bizarre, violent game show - whilst they collectiv...","none","1","","9.99","0.68","Accessories","cj,accessories,plugindigital","https://www.yuplay.com/media/products/jump-stars/616/d1618279713c7b6da6d74edfa39fcaf954eff3ff.jpg","https://www.yuplay.com/product/jump-stars/?partner=cj","Ver Oferta","CJ","Plug In Digital"
"external","cj-28f1ee0a531bb63c8edb","Strategy & Tactics: Wargame Collection","1","1","visible","Strategy & Tactics: Wargame Collection is a set of three historical turn-based strategies, in which you are going to take command of the armies in the greate...","Strategy & Tactics: Wargame Collection is a set of three historical turn-based strategies, in which you are going to take command of the armies in the greate...","none","1","","9.99","0.68","Accessories","cj,accessories,herocraftpc","https://www.yuplay.com/media/products/strategy-tactics-wargame-collection/616/0a638632496bcc2f1eef35e78ee3d39c6e28490f.jpg","https://www.yuplay.com/product/strategy-tactics-wargame-collection/?partner=cj","Ver Oferta","CJ","HeroCraft PC"
"external","cj-3d917fcc227554070150","Storm","1","1","visible","Take a deep breath and prepare for a tranquil journey through the seasons with Storm, an atmospheric, ethereal experience..","Take a deep breath and prepare for a tranquil journey through the seasons with Storm, an atmospheric, ethereal experience..","none","1","","7.49","0.51","Accessories","cj,accessories,spawndigitalsas","https://www.yuplay.com/media/products/storm/616/46e962dd4b0706f5c040a8b96a3f0b3eff5e8014.jpg","https://www.yuplay.com/product/storm/?partner=cj","Ver Oferta","CJ","Spawn Digital SAS"
"external","cj-3f224aa535ee93d889e9","Codename: Panzers - Bundle","1","1","visible","Items included in this packageCodename: Panzers - Cold WarCodename: Panzers - Cold War OSTCodename: Panzers, Phase OneCodename: Panzers, Phase One OSTCodenam...","Items included in this packageCodename: Panzers - Cold WarCodename: Panzers - Cold War OSTCodename: Panzers, Phase OneCodename: Panzers, Phase One OSTCodenam...","none","1","","29.99","2.05","Home","cj,home,thqnordic","https://www.yuplay.com/media/products/codename-panzers-bundle/616/61fab8b6f8251c3994b8c2f800fbbbf5980ad4b0.jpg","https://www.yuplay.com/product/codename-panzers-bundle/?partner=cj","Ver Oferta","CJ","THQ Nordic"
"external","cj-05a7f623239c1ebe79f1","Warhammer: Chaosbane Slayer Edition","1","1","visible","Fight Chaos in this ultimate version of Warhammer: Chaosbane, which includes the Tomb Kings expansion, all existing content and the new Witch Hunter class.Fi...","Fight Chaos in this ultimate version of Warhammer: Chaosbane, which includes the Tomb Kings expansion, all existing content and the new Witch Hunter class.Fi...","none","1","","49.99","3.42","Home","cj,home,plugindigital","https://www.yuplay.com/media/products/warhammer-chaosbane-slayer-edition/616/188464319ff526e17921b142bb5bbaff4ef30d12.jpg","https://www.yuplay.com/product/warhammer-chaosbane-slayer-edition/?partner=cj","Ver Oferta","CJ","Plug In Digital"
"external","cj-1858e72acd583582acf8","Floodland","1","1","visible","The climate change was a catalyst for a succession of events that led to the destruction of our world; rising sea levels have inundated the coasts. Only you ...","The climate change was a catalyst for a succession of events that led to the destruction of our world; rising sea levels have inundated the coasts. Only you ...","none","1","","29.99","2.06","Sports","cj,sports,ravenscourt","https://www.yuplay.com/media/products/floodland/616/064b801266ebf4d2b182a15ae707090560b161e7.jpg","https://www.yuplay.com/product/floodland/?partner=cj","Ver Oferta","CJ","Ravenscourt"
"external","cj-420ebf10d08e2a7cfa67","Fall of Light","1","1","visible","In the beginning, there was only an excruciating, screaming void, wherein twisted souls writhed about, imprisoned in nothingness. Then the darkness was pierc...","In the beginning, there was only an excruciating, screaming void, wherein twisted souls writhed about, imprisoned in nothingness. Then the darkness was pierc...","none","1","","14.99","1.03","Home","cj,home,fulqrumpublishing","https://www.yuplay.com/media/products/fall-of-light/616/731c8190b1a104d39b590b47cb30b8e79610321f.jpg","https://www.yuplay.com/product/fall-of-light/?partner=cj","Ver Oferta","CJ","Fulqrum Publishing"
"external","cj-20d6e1966b59ddc7cc05","Phantom Breaker: Battle Grounds Classic","1","1","visible","Phantom Breaker: Battle Grounds! Enjoy fast and frantic arcade-style beat 'em up gameplay with cute characters.","Phantom Breaker: Battle Grounds! Enjoy fast and frantic arcade-style beat 'em up gameplay with cute characters.","none","1","","14.79","1.02","Home","cj,home,rocketpandagames","https://www.yuplay.com/media/products/phantom-breaker-battle-grounds-classic/616/c9ce7940d1cf0d3fed718ec5c60112541dabdb9f.jpg","https://www.yuplay.com/product/phantom-breaker-battle-grounds-classic/?partner=cj","Ver Oferta","CJ","Rocket Panda Games"
"external","cj-1eb6c8074cef2ca3ba64","Airline Tycoon 2: Gold","1","1","visible","Airline Tycoon 2: GOLDAirline Tycoon 2 base gameAirline Tycoon 2: Falcon Airlines DLCAirline Tycoon 2: Honey Airlines DLCAirline Tycoon 2More than a decade a...","Airline Tycoon 2: GOLDAirline Tycoon 2 base gameAirline Tycoon 2: Falcon Airlines DLCAirline Tycoon 2: Honey Airlines DLCAirline Tycoon 2More than a decade a...","none","1","","19.99","1.38","Accessories","cj,accessories,kalypsomedia","https://www.yuplay.com/media/products/airline-tycoon-2-gold/616/7d02281e769ff46355988323397845b7fa3de457.jpg","https://www.yuplay.com/product/airline-tycoon-2-gold/?partner=cj","Ver Oferta","CJ","Kalypso Media"
"external","cj-2b704f74c8295d1ef174","Pizza Connection 3","1","1","visible","Mamma mia... Long awaited by fans around the world, the newest instalment of the cult series ""Pizza Connection"" returns to the PC with even more flavour and ...","Mamma mia... Long awaited by fans around the world, the newest instalment of the cult series ""Pizza Connection"" returns to the PC with even more flavour and ...","none","1","","19.99","1.39","Accessories","cj,accessories,assembleentertainment","https://www.yuplay.com/media/products/pizza-connection-3/616/5e37ede7244d0a18b041240c53064cb516d6c2d2.jpg","https://www.yuplay.com/product/pizza-connection-3/?partner=cj","Ver Oferta","CJ","Assemble Entertainment"
"external","cj-15c6b6caeb1fc8eea737","GOD EATER 2 Rage Burst","1","1","visible","Swear your oath as a GOD EATER and drive back the supernatural harbingers of Earth's destruction. Buy GOD EATER 2 Rage Burst and get GOD EATER Resurrection F...","Swear your oath as a GOD EATER and drive back the supernatural harbingers of Earth's destruction. Buy GOD EATER 2 Rage Burst and get GOD EATER Resurrection F...","none","1","","49.99","3.48","Accessories","cj,accessories,bandainamcoentertainmentinc","https://www.yuplay.com/media/products/god-eater-2-rage-burst/616/84d9c3660b407a4792bc05bbdae0e39af1001808.jpg","https://www.yuplay.com/product/god-eater-2-rage-burst/?partner=cj","Ver Oferta","CJ","Bandai Namco Entertainment Inc"
"external","cj-09383418698ee3708632","Silent Storm Gold Edition","1","1","visible","Silent Storm from leading Russian developer Nival is a true 3D tactical turn-based Role-Playing-Game set against the backdrop of WWII. As the conflict rages ...","Silent Storm from leading Russian developer Nival is a true 3D tactical turn-based Role-Playing-Game set against the backdrop of WWII. As the conflict rages ...","none","1","","9.99","0.70","Books","cj,books,thqnordic","https://www.yuplay.com/media/products/silent-storm/616/0aab9899ed5ca30bd81c40d770fd3ba43dc61c50.jpg","https://www.yuplay.com/product/silent-storm/?partner=cj","Ver Oferta","CJ","THQ Nordic"
"external","cj-2f0f5859f2d94e81e974","2DARK","1","1","visible","2Dark is a stealth adventure game developed by Fr&#233;d&#233;rick Raynal, the pioneer of survival horror games and creator of Alone in the Dark. Make your w...","2Dark is a stealth adventure game developed by Fr&#233;d&#233;rick Raynal, the pioneer of survival horror games and creator of Alone in the Dark. Make your w...","none","1","","24.99","1.76","Accessories","cj,accessories,plugindigital","https://www.yuplay.com/media/products/2dark/616/eaeea3d349c42b43fa6f381cdb10010707e773ba.jpg","https://www.yuplay.com/product/2dark/?partner=cj","Ver Oferta","CJ","Plug In Digital"
"external","cj-1ab2f523d18dabf749d9","Asterix & Obelix: Heroes","1","1","visible","The year is 50 BC. Gaul is entirely occupied by the Romans. Well, not entirely... One small village of indomitable Gauls still holds out against the invaders","The year is 50 BC. Gaul is entirely occupied by the Romans. Well, not entirely... One small village of indomitable Gauls still holds out against the invaders","none","1","","19.99","1.41","Home","cj,home,nacon","https://www.yuplay.com/media/products/asterix-obelix-heroes/616/67cb3b92512bc8ca4a8a7385eca18aaec9816e07.jpg","https://www.yuplay.com/product/asterix-obelix-heroes/?partner=cj","Ver Oferta","CJ","Nacon"
"external","cj-20cb3db1ec1c2adfd87e","Alfred Hitchcock - Vertigo","1","1","visible","Prepare yourself for a most disturbing investigation inside the human mind: truth is sometimes worse than madness. Discover an original story about obsession...","Prepare yourself for a most disturbing investigation inside the human mind: truth is sometimes worse than madness. Discover an original story about obsession...","none","1","","29.99","2.12","Accessories","cj,accessories,microids","https://www.yuplay.com/media/products/alfred-hitchcock-vertigo/616/2a578be30900d1a8b9f2c258eba9427659b656f3.jpg","https://www.yuplay.com/product/alfred-hitchcock-vertigo/?partner=cj","Ver Oferta","CJ","Microids"
"external","cj-316dd34eef07ea97bc6f","Ancient Enemy","1","1","visible","Ancient Enemy is a strategic RPG card game in which you make interesting tactical decisions as you battle distorted enemies and overcome challenging puzzles....","Ancient Enemy is a strategic RPG card game in which you make interesting tactical decisions as you battle distorted enemies and overcome challenging puzzles....","none","1","","16.49","1.17","Accessories","cj,accessories,greyaliengames","https://www.yuplay.com/media/products/ancient-enemy/616/47dcbfea36808dddcd7167cc3a22a229baa90142.jpg","https://www.yuplay.com/product/ancient-enemy/?partner=cj","Ver Oferta","CJ","Grey Alien Games"
"external","cj-02856d0acaadcc7e2bff","Mordheim: City of the Damned","1","1","visible","Mordheim: City of the Damned is the first video game adaptation of Games Workshop's cult classic tabletop game Mordheim. Set in the Warhammer World's decimat...","Mordheim: City of the Damned is the first video game adaptation of Games Workshop's cult classic tabletop game Mordheim. Set in the Warhammer World's decimat...","none","1","","19.99","1.42","Home","cj,home,nacon","https://www.yuplay.com/media/products/mordheim-city-of-the-damned/616/35b775db0334e26b2a9da20c20ae714b4e4910d9.jpg","https://www.yuplay.com/product/mordheim-city-of-the-damned/?partner=cj","Ver Oferta","CJ","Nacon"
"external","cj-1ec2779e4f8064d3b969","Semispheres","1","1","visible","Semispheres is a meditative parallel puzzle game that places dual realities at the heart of its challenge. Its unique single-player split-screen mechanic cha...","Semispheres is a meditative parallel puzzle game that places dual realities at the heart of its challenge. Its unique single-player split-screen mechanic cha...","none","1","","9.99","0.71","Electronics","cj,electronics,plugindigital","https://www.yuplay.com/media/products/semispheres/616/d54aa3dd9c6b823e1404e83e723669f90df1d8aa.jpg","https://www.yuplay.com/product/semispheres/?partner=cj","Ver Oferta","CJ","Plug In Digital"
"external","cj-0cc744d41d10fcd59b64","AO Tennis 2","1","1","visible","AO Tennis 2 is the only tennis experience designed for and by its community. Create your own players, stadiums and legendary matches. Enter the competition t...","AO Tennis 2 is the only tennis experience designed for and by its community. Create your own players, stadiums and legendary matches. Enter the competition t...","none","1","","49.99","3.59","Sports","cj,sports,plugindigital","https://www.yuplay.com/media/products/ao-tennis-2/616/ef9b6a685fb788b403280386efc1d6dd46d969a9.jpg","https://www.yuplay.com/product/ao-tennis-2/?partner=cj","Ver Oferta","CJ","Plug In Digital"
"external","cj-3663d61679c7b5ded235","Algo Bot","1","1","visible","Algo Bot is a coding-based puzzle game that takes place deep inside the Europa, a pan-galactic colonisation ship, where a recycling mission goes horribly wro...","Algo Bot is a coding-based puzzle game that takes place deep inside the Europa, a pan-galactic colonisation ship, where a recycling mission goes horribly wro...","none","1","","9.99","0.72","Home","cj,home,plugindigital","https://www.yuplay.com/media/products/algo-bot/616/bdb4ec529b9b262e8092c07942ef49edd52f26f0.jpg","https://www.yuplay.com/product/algo-bot/?partner=cj","Ver Oferta","CJ","Plug In Digital"
"external","cj-0a2978db798f4fd50995","Injustice 2 - Ultimate Pack","1","1","visible","Upgrade to the Injustice 2 Ultimate Edition and unlock the following additional content.","Upgrade to the Injustice 2 Ultimate Edition and unlock the following additional content.","none","1","","39.99","2.89","Sports","cj,sports,warnerbrosinteractiveentertainment","https://www.yuplay.com/media/products/injusticetm-2-ultimate-pack/616/f7a83353a3e90832f8da4297d15af03a2ca558db.jpg","https://www.yuplay.com/product/injusticetm-2-ultimate-pack/?partner=cj","Ver Oferta","CJ","Warner Bros. Interactive Entertainment"
"external","cj-04721874278e5180c5d1","Valhalla Hills","1","1","visible","You're  spending your whole life to please your gods. You're fighting and dying an honorable death. And now this! The poor Vikings are standing in front of A...","You're  spending your whole life to please your gods. You're fighting and dying an honorable death. And now this! The poor Vikings are standing in front of A...","none","1","","9.99","0.73","Accessories","cj,accessories,daedalicentertainment","https://www.yuplay.com/media/products/valhalla-hills/616/b800dc179481fb4b84d3e567b043bcee12d26d43.jpg","https://www.yuplay.com/product/valhalla-hills/?partner=cj","Ver Oferta","CJ","Daedalic Entertainment"
"external","cj-1b86281776f22f3c927f","Swag And Sorcery","1","1","visible","Welcome to Swag and Sorcery, a new streamlined RPG from the creators of Punch Club and Graveyard Keeper! Build your own fantasy village, train and equip your...","Welcome to Swag and Sorcery, a new streamlined RPG from the creators of Punch Club and Graveyard Keeper! Build your own fantasy village, train and equip your...","none","1","","9.99","0.73","Accessories","cj,accessories,tinybuild","https://www.yuplay.com/media/products/swag-and-sorcery/616/05f9bc65a8a4ed23a0807e0e82615704b41d6828.jpg","https://www.yuplay.com/product/swag-and-sorcery/?partner=cj","Ver Oferta","CJ","tinyBuild"
"external","cj-204b2a56cedc0717ac47","Steel Rats","1","1","visible","Become one of the Steel Rats, a biker gang sworn to protect their city against an invading army of alien robots - Junkbots. Wreck and ride through hordes of ...","Become one of the Steel Rats, a biker gang sworn to protect their city against an invading army of alien robots - Junkbots. Wreck and ride through hordes of ...","none","1","","9.99","0.73","Sports","cj,sports,tatemultimediasa","https://www.yuplay.com/media/products/steel-rats/616/2578c5ed2b69572a269c671cea85e1e0f01dd184.jpg","https://www.yuplay.com/product/steel-rats/?partner=cj","Ver Oferta","CJ","Tate Multimedia S.A"
"external","cj-333042cbc0dac770d52c","Worms Rumble Deluxe Edition","1","1","visible","Worms Rumble is Worms like youve never played it before, with intense, real-time, arena-based 32 player cross-platform combat. Get ready for Deathmatch and L...","Worms Rumble is Worms like youve never played it before, with intense, real-time, arena-based 32 player cross-platform combat. Get ready for Deathmatch and L...","none","1","","21.99","1.61","Sports","cj,sports,team17","https://www.yuplay.com/media/products/worms-rumble-deluxe-edition/616/84a02333a67616e7a58fb5084b67c2dfa6cc5812.png","https://www.yuplay.com/product/worms-rumble-deluxe-edition/?partner=cj","Ver Oferta","CJ","Team17"
"external","cj-1bb1ce29f07a89c2008f","Deliver Us The Moon","1","1","visible","Deliver Us The Moon is a Sci-Fi thriller set in an apocalyptic near future, where Earth's natural resources are depleted.","Deliver Us The Moon is a Sci-Fi thriller set in an apocalyptic near future, where Earth's natural resources are depleted.","none","1","","24.99","1.83","Accessories","cj,accessories,wiredproductions","https://www.yuplay.com/media/products/deliver-us-the-moon/616/f9b6cb8b4fc088e11e9d32121e7af475240dd376.jpg","https://www.yuplay.com/product/deliver-us-the-moon/?partner=cj","Ver Oferta","CJ","Wired Productions"
"external","cj-2a1a65ec847777f01da9","Psychedelica of the Black Butterfly","1","1","visible","Awakening in a mysterious mansion, her first, frantic thoughts are:'Where am I? And more importantly, WHO am I?'She encounters several young men in the same ...","Awakening in a mysterious mansion, her first, frantic thoughts are:'Where am I? And more importantly, WHO am I?'She encounters several young men in the same ...","none","1","","24.99","1.83","Accessories","cj,accessories,intragames","https://www.yuplay.com/media/products/psychedelica-of-the-black-butterfly/616/d7563b04334f70323da14f45e52208d3fef71e93.jpg","https://www.yuplay.com/product/psychedelica-of-the-black-butterfly/?partner=cj","Ver Oferta","CJ","Intragames"
"external","cj-29ea2f36360ee864b0f9","MX vs. ATV Supercross Encore","1","1","visible","Rip, jump and scrub your way to victory with over 35 tracks in this vastly extended version!","Rip, jump and scrub your way to victory with over 35 tracks in this vastly extended version!","none","1","","29.99","2.21","Accessories","cj,accessories,thqnordic","https://www.yuplay.com/media/products/mx-vs-atv-supercross-encore/616/b4c97ab640c62c6e10582706cf5f855b943dd08f.jpg","https://www.yuplay.com/product/mx-vs-atv-supercross-encore/?partner=cj","Ver Oferta","CJ","THQ Nordic"
"external","cj-0c143d5a4af5bf85f209","Skull Island: Rise of Kong","1","1","visible","Embark on a 3rd person action-adventure quest to avenge the death of your parents at the hands of the ultimate alpha predator: Gaw.","Embark on a 3rd person action-adventure quest to avenge the death of your parents at the hands of the ultimate alpha predator: Gaw.","none","1","","39.99","2.95","Sports","cj,sports,gamemillentertainment","https://www.yuplay.com/media/products/skull-island-rise-of-kong/616/606016034fb3174d820288fbbbfc120542891bbc.jpg","https://www.yuplay.com/product/skull-island-rise-of-kong/?partner=cj","Ver Oferta","CJ","GameMill Entertainment"
"external","cj-0fc01270f35b84e49d00","Torn","1","1","visible","Torn is a dark science-fiction mystery. Explore the abandoned mansion of Dr. Lawrence Talbot, an eccentric scientist missing for 64 years. Use the Gravity To...","Torn is a dark science-fiction mystery. Explore the abandoned mansion of Dr. Lawrence Talbot, an eccentric scientist missing for 64 years. Use the Gravity To...","none","1","","27.99","2.07","Accessories","cj,accessories,aspyrmediainc","https://www.yuplay.com/media/products/torn/616/7d58fea33be982b620e4dcc7f384fecc9fd5a9e4.jpg","https://www.yuplay.com/product/torn/?partner=cj","Ver Oferta","CJ","Aspyr Media, Inc"
"external","cj-1055b929b7e90f0d46f7","Deadfall Adventures Digital Deluxe Edition","1","1","visible","Deadfall Adventures is an action-driven first-person shooter, spiced up with elements from action-adventure games.","Deadfall Adventures is an action-driven first-person shooter, spiced up with elements from action-adventure games.","none","1","","24.99","1.85","Books","cj,books,thqnordic","https://www.yuplay.com/media/products/deadfall-adventures-digital-deluxe-edition/616/d93bfca19006554a07f13243a62c978392c88d6f.jpg","https://www.yuplay.com/product/deadfall-adventures-digital-deluxe-edition/?partner=cj","Ver Oferta","CJ","THQ Nordic"
"external","cj-26a327d21aa2e4f50c84","Day of Infamy","1","1","visible","Day of Infamy takes you to the battleground of Southern and Western Europe during World War II. There are 10 maps, ranging from war-torn cities to farm villa...","Day of Infamy takes you to the battleground of Southern and Western Europe during World War II. There are 10 maps, ranging from war-torn cities to farm villa...","none","1","","19.99","1.48","Accessories","cj,accessories,newworldinteractivellc","https://www.yuplay.com/media/products/day-of-infamy/616/a54389630b6240ef355b6dd58f739eb25d77ceb5.jpg","https://www.yuplay.com/product/day-of-infamy/?partner=cj","Ver Oferta","CJ","New World Interactive LLC"
"external","cj-160108cad86a14f90e49","Super Trucks Offroad","1","1","visible","SuperTrucks Offroad is a top-down racer inspired by the arcade/NES classic 'Ironman Super Offroad', bringing you offroad arcade racing action that is easy to...","SuperTrucks Offroad is a top-down racer inspired by the arcade/NES classic 'Ironman Super Offroad', bringing you offroad arcade racing action that is easy to...","none","1","","9.99","0.74","Accessories","cj,accessories,plugindigital","https://www.yuplay.com/media/products/supertrucks-offroad/616/50abf481a2bde9cf2af0ade9c0d19f1b7d42850a.jpg","https://www.yuplay.com/product/supertrucks-offroad/?partner=cj","Ver Oferta","CJ","Plug In Digital"
"external","cj-3c7f5b7ab2a1ce39de34","MAGLAM LORD","1","1","visible","MAGLAM LORD is a vibrant action JRPG straight from the depths of hell!Boasting exploration, real-time combat, weapon crafting and relationship building.MAGLA...","MAGLAM LORD is a vibrant action JRPG straight from the depths of hell!Boasting exploration, real-time combat, weapon crafting and relationship building.MAGLA...","none","1","","33.99","2.53","Accessories","cj,accessories,d3publisher","https://www.yuplay.com/media/products/maglam-lord/616/51f2ec3bef6664c048198fefbc8e673bf37de5d3.jpg","https://www.yuplay.com/product/maglam-lord/?partner=cj","Ver Oferta","CJ","D3PUBLISHER"
"external","cj-3cd063298cde1920dc22","Beholder - Blissful Sleep","1","1","visible","The Ministry of Introductions is honored to introduce Hector, the ex-landlord succeeded by Carl Shteyn. You may remember him being beaten and then dragged aw...","The Ministry of Introductions is honored to introduce Hector, the ex-landlord succeeded by Carl Shteyn. You may remember him being beaten and then dragged aw...","none","1","","5.89","0.44","Accessories","cj,accessories,alawarentertainment","https://www.yuplay.com/media/products/beholder-blissful-sleep/616/749bd76db7b0d6fe2929b2df3d197f56424fafcd.jpg","https://www.yuplay.com/product/beholder-blissful-sleep/?partner=cj","Ver Oferta","CJ","Alawar Entertainment"
"external","cj-1407ef5266e53ef4eaf8","Dreamscape","1","1","visible","Addictive RPG with bits of strategy to enhance the gameplay, Dreamscape can be played in 4 different modes and features different rewards for completing them.","Addictive RPG with bits of strategy to enhance the gameplay, Dreamscape can be played in 4 different modes and features different rewards for completing them.","none","1","","9.75","0.73","Accessories","cj,accessories,komodo","https://www.yuplay.com/media/products/dreamscape/616/75a03a78c57709acb7894655e484c6b1dde63728.jpg","https://www.yuplay.com/product/dreamscape/?partner=cj","Ver Oferta","CJ","Komodo"
"external","cj-2c4576b10a738e1a32e6","Jagged Alliance: Rage!","1","1","visible","Jagged Alliance is back - With a new take on turn-based tactics, adventure elements and the well-known quirky mercenaries!","Jagged Alliance is back - With a new take on turn-based tactics, adventure elements and the well-known quirky mercenaries!","none","1","","19.99","1.50","Accessories","cj,accessories,handygames","https://www.yuplay.com/media/products/jagged-alliance-rage/616/27054f304a06bec2ed735b3881231a87e88b26f5.jpg","https://www.yuplay.com/product/jagged-alliance-rage/?partner=cj","Ver Oferta","CJ","HandyGames"
"external","cj-2d730126bc27918a05c2","ONE PIECE WORLD SEEKER","1","1","visible","Leave your compass behind and join Luffy as he embarks on a brand new action-packed adventure where you can experience the powers of the legendary Gum-Gum fr...","Leave your compass behind and join Luffy as he embarks on a brand new action-packed adventure where you can experience the powers of the legendary Gum-Gum fr...","none","1","","49.99","3.76","Accessories","cj,accessories,bandainamcoentertainmentinc","https://www.yuplay.com/media/products/one-piece-world-seeker/616/7e3c4c3665349803bb53b3aa19b3c88dfa209dda.jpg","https://www.yuplay.com/product/one-piece-world-seeker/?partner=cj","Ver Oferta","CJ","Bandai Namco Entertainment Inc"
"external","cj-1971431f27652e6d0ec0","The Assembly","1","1","visible","A first-person interactive story for mature audiences, The Assembly is a long-form game designed from the ground up for VR.","A first-person interactive story for mature audiences, The Assembly is a long-form game designed from the ground up for VR.","none","1","","24.99","1.88","Sports","cj,sports,ndreams","https://www.yuplay.com/media/products/the-assembly/616/e622b1cdbe5678d4376ff1a672a4a77ab2d40299.jpg","https://www.yuplay.com/product/the-assembly/?partner=cj","Ver Oferta","CJ","nDreams"
"external","cj-149d5f7d26b33d07a8a0","Trails Of Gold Privateers","1","1","visible","Trials Of Gold Privateers is a VR game set in the theme of Corsairs.Embark in an adventure to retrieve 30 Gold skulls in fast paced action races & treasures ...","Trials Of Gold Privateers is a VR game set in the theme of Corsairs.Embark in an adventure to retrieve 30 Gold skulls in fast paced action races & treasures ...","none","1","","16.99","1.29","Accessories","cj,accessories,plugindigital","https://www.yuplay.com/media/products/trails-of-gold-privateers/616/86cae59901c251a897330530f8c7b58c253d4e0a.jpg","https://www.yuplay.com/product/trails-of-gold-privateers/?partner=cj","Ver Oferta","CJ","Plug In Digital"
"external","cj-208f03ae9fd0c1dddf28","Destiny 2: Beyond Light","1","1","visible","A new power is born out of the ancient Pyramid ship above Europa's frozen frontier, and a dark empire has risen beneath, united under the banner of the Falle...","A new power is born out of the ancient Pyramid ship above Europa's frozen frontier, and a dark empire has risen beneath, united under the banner of the Falle...","none","1","","19.99","1.52","Home","cj,home,bungie","https://www.yuplay.com/media/products/destiny-2-beyond-light/616/055293e8c1a3d2d5445cb1371f5a680a0f61e131.png","https://www.yuplay.com/product/destiny-2-beyond-light/?partner=cj","Ver Oferta","CJ","Bungie"
"external","cj-39077d805dfb8b43f665","Haimrik","1","1","visible","Make words come to life in this action adventure unlike any other! Haimrik blends gameplay with the narrative of its story set in medieval times. Combined wi...","Make words come to life in this action adventure unlike any other! Haimrik blends gameplay with the narrative of its story set in medieval times. Combined wi...","none","1","","9.99","0.76","Accessories","cj,accessories,fulqrumpublishing","https://www.yuplay.com/media/products/haimrik/616/31b1b97a58710ddcb2273c077b95741f509a019a.jpg","https://www.yuplay.com/product/haimrik/?partner=cj","Ver Oferta","CJ","Fulqrum Publishing"
"external","cj-01537442c72d01cda5e8","Millennium 2 Take Me Higher","1","1","visible","Follow Marine and friends as they try to find her mother, help her father and gather warriors. Millennium 2 is the sequel to the new epic saga of Aldorlea Ga...","Follow Marine and friends as they try to find her mother, help her father and gather warriors. Millennium 2 is the sequel to the new epic saga of Aldorlea Ga...","none","1","","5.99","0.46","Accessories","cj,accessories,aldorleagames","https://www.yuplay.com/media/products/millennium-2-take-me-higher/616/b23622628e7b91d916d72c0c7c279b5769f4c39f.jpg","https://www.yuplay.com/product/millennium-2-take-me-higher/?partner=cj","Ver Oferta","CJ","Aldorlea Games"
"external","cj-0582d8d5c93dc0eb2c43","Race.a.bit","1","1","visible","Experience the thrill of retro racing on crazy tracks in the very first social racer - completely in the style of 8 and 16-bit classics. Enjoy the reinterpre...","Experience the thrill of retro racing on crazy tracks in the very first social racer - completely in the style of 8 and 16-bit classics. Enjoy the reinterpre...","none","1","","9.99","0.77","Accessories","cj,accessories,headup","https://www.yuplay.com/media/products/raceabit/616/aacc1f21010073adbedb84b628d97b8a8b583c5a.jpg","https://www.yuplay.com/product/raceabit/?partner=cj","Ver Oferta","CJ","Headup"
"external","cj-171fc63cda941ccd1f32","Subject 13","1","1","visible","Subject 13 is the new adventure game developed by Paul Cuisset&#8212;the man behind ""Flashback"", ""Future Wars: Adventures in Time"" and ""Moto Racer""&#8212;in ...","Subject 13 is the new adventure game developed by Paul Cuisset&#8212;the man behind ""Flashback"", ""Future Wars: Adventures in Time"" and ""Moto Racer""&#8212;in ...","none","1","","9.99","0.77","Accessories","cj,accessories,plugindigital","https://www.yuplay.com/media/products/subject-13/616/1a664fa80c5dc06788a4c4c527016c684567421d.jpg","https://www.yuplay.com/product/subject-13/?partner=cj","Ver Oferta","CJ","Plug In Digital"
"external","cj-1b5f5f7fb25ee29b9ea0","Onyx","1","1","visible","Play as Rowan, a secluded witch with a bad temper, in this intense adventure worth 30-40 hours of gameplay!","Play as Rowan, a secluded witch with a bad temper, in this intense adventure worth 30-40 hours of gameplay!","none","1","","6.99","0.54","Accessories","cj,accessories,valkyriagames","https://www.yuplay.com/media/products/onyx/616/8f35e48cf5982b781980af06b10e03dcb6901702.jpg","https://www.yuplay.com/product/onyx/?partner=cj","Ver Oferta","CJ","Valkyria Games"
"external","cj-14aa425a8176eef7d62b","Perimeter 2: New Earth","1","1","visible","Perimeter 2: New Earth is the long-awaited sequel of the critically acclaimed RTS Perimeter. Ideas of territorial gameplay and landscape modification, introd...","Perimeter 2: New Earth is the long-awaited sequel of the critically acclaimed RTS Perimeter. Ideas of territorial gameplay and landscape modification, introd...","none","1","","14.99","1.16","Accessories","cj,accessories,strategyfirst","https://www.yuplay.com/media/products/perimeter-2-new-earth/616/e553fe152c2ebabb54bc8e9f8284e93f7e6e4ea8.jpg","https://www.yuplay.com/product/perimeter-2-new-earth/?partner=cj","Ver Oferta","CJ","Strategy First"
"external","cj-2a8806bb697e2ff47ecd","XBlaze Code: Embryo","1","1","visible","Set 150 years before the events of BlazBlue: Calamity Trigger, XBlaze Code: Embryo is a visual novel that follows Touya Kagari, a high school student whose w...","Set 150 years before the events of BlazBlue: Calamity Trigger, XBlaze Code: Embryo is a visual novel that follows Touya Kagari, a high school student whose w...","none","1","","19.99","1.55","Books","cj,books,aksysgames","https://www.yuplay.com/media/products/xblaze-code-embryo/616/100aa8788534b556a5d5bd023670f712639bc2e2.jpg","https://www.yuplay.com/product/xblaze-code-embryo/?partner=cj","Ver Oferta","CJ","Aksys Games"
"external","cj-1749bede73280f610dce","Total War : Shogun 2 Collection","1","1","visible","MASTER THE ART OF WAR In the darkest age of Japan, endless war leaves a country divided. It is the middle of the 16th Century in Feudal Japan. The country, o...","MASTER THE ART OF WAR In the darkest age of Japan, endless war leaves a country divided. It is the middle of the 16th Century in Feudal Japan. The country, o...","none","1","","49.99","3.89","Home","cj,home,sega","https://www.yuplay.com/media/products/total-war-shogun-2-zolotoe-izdanie/616/2c402af38755de82ba70cbd0257c08a83b64b0b5.jpg","https://www.yuplay.com/product/total-war-shogun-2-zolotoe-izdanie/?partner=cj","Ver Oferta","CJ","SEGA"
"external","cj-271e4638ed17c07f9360","Mystery of Neuschwanstein","1","1","visible","In the exciting visual adventure Mystery of Neuschwanstein, you will find all of the ingredients needed for a thrilling mystery adventure: a world famous cas...","In the exciting visual adventure Mystery of Neuschwanstein, you will find all of the ingredients needed for a thrilling mystery adventure: a world famous cas...","none","1","","9.99","0.78","Accessories","cj,accessories,alawarentertainment","https://www.yuplay.com/media/products/mystery-of-neuschwanstein/616/e6ab78541f081af00f40cdc304ece3978df9c251.jpg","https://www.yuplay.com/product/mystery-of-neuschwanstein/?partner=cj","Ver Oferta","CJ","Alawar Entertainment"
"external","cj-33b771bcf29a8d550963","Evil Genius","1","1","visible","Everybody wants to rule the world! Achieve global power with EVIL GENIUS, the one and only complete world domination simulator. All the everyday tasks of the...","Everybody wants to rule the world! Achieve global power with EVIL GENIUS, the one and only complete world domination simulator. All the everyday tasks of the...","none","1","","9.99","0.78","Accessories","cj,accessories,rebellion","https://www.yuplay.com/media/products/evil-genius/616/fc025023fc8641effdaa5f52aaf5cc2a6ae8a7d2.jpg","https://www.yuplay.com/product/evil-genius/?partner=cj","Ver Oferta","CJ","Rebellion"
"external","cj-36dcc317baefc59528a1","Slice, Dice & Rice","1","1","visible","Slice Dice & Rice is an indie fighting game with no health bars. Inspired by Bushido Blade, it revolves around the idea of finding an opening in opponents de...","Slice Dice & Rice is an indie fighting game with no health bars. Inspired by Bushido Blade, it revolves around the idea of finding an opening in opponents de...","none","1","","9.99","0.78","Sports","cj,sports,ultimategamessa","https://www.yuplay.com/media/products/slice-dice-rice/616/d125b4d4a4f054c90f7b014978f739d2b28d2009.jpg","https://www.yuplay.com/product/slice-dice-rice/?partner=cj","Ver Oferta","CJ","Ultimate Games S.A"
"external","cj-034a4576e4d60f5a3299","Scarlet Hood and the Wicked Wood","1","1","visible","Scarlet Hood must lead a hapless Munchkin troupe through the Wicked Wood. Too bad the Black Witch, LeFaba, doesn't take too kindly to strangers gallivanting ...","Scarlet Hood must lead a hapless Munchkin troupe through the Wicked Wood. Too bad the Black Witch, LeFaba, doesn't take too kindly to strangers gallivanting ...","none","1","","14.99","1.18","Accessories","cj,accessories,headup","https://www.yuplay.com/media/products/scarlet-hood-and-the-wicked-wood/616/7a148468e4b77477be793a319104f96ded28a14f.jpg","https://www.yuplay.com/product/scarlet-hood-and-the-wicked-wood/?partner=cj","Ver Oferta","CJ","Headup"
"external","cj-107b8adf8c449099b835","Lost At Sea","1","1","visible","What are the most important moments in your life? Lost At Sea is a game about life and death, about coming to terms with your past and about family. Set on a...","What are the most important moments in your life? Lost At Sea is a game about life and death, about coming to terms with your past and about family. Set on a...","none","1","","14.99","1.18","Accessories","cj,accessories,headup","https://www.yuplay.com/media/products/lost-at-sea/616/d70edfee7b1cf9308c0ac3edb862e76148d67164.jpg","https://www.yuplay.com/product/lost-at-sea/?partner=cj","Ver Oferta","CJ","Headup"
"external","cj-13a52a1dbd7ef54211a6","Jotun Valhalla Edition","1","1","visible","Jotun is a hand-drawn action-exploration game set in Norse mythology. In Jotun, you play Thora, a Viking warrior who died an inglorious death and must prove ...","Jotun is a hand-drawn action-exploration game set in Norse mythology. In Jotun, you play Thora, a Viking warrior who died an inglorious death and must prove ...","none","1","","14.99","1.18","Books","cj,books,plugindigital","https://www.yuplay.com/media/products/jotun-valhalla-edition/616/4260471df04977692e04e2bc4e01c8e028bd2713.jpg","https://www.yuplay.com/product/jotun-valhalla-edition/?partner=cj","Ver Oferta","CJ","Plug In Digital"
"external","cj-27f48d5a12c56eaa0535","FlatOut: Ultimate Carnage","1","1","visible","FlatOut Ultimate Carnage lifts destruction racing to a whole new level of bone-breaking slaughter. FlatOut Ultimate Carnage is arcade destruction racing at i...","FlatOut Ultimate Carnage lifts destruction racing to a whole new level of bone-breaking slaughter. FlatOut Ultimate Carnage is arcade destruction racing at i...","none","1","","18.99","1.50","Sports","cj,sports,strategyfirst","https://www.yuplay.com/media/products/flatout-ultimate-carnage/616/fab83751c220d830a51771d1f9a7928161aba9b8.jpg","https://www.yuplay.com/product/flatout-ultimate-carnage/?partner=cj","Ver Oferta","CJ","Strategy First"
"external","cj-023b2fb29658397e5486","Life is Feudal: Your Own","1","1","visible","Hardcore and realistic; LiF is a Medieval multiplayer sandbox RPG, with free terraforming, a rich crafting system and preset and modular building constructio...","Hardcore and realistic; LiF is a Medieval multiplayer sandbox RPG, with free terraforming, a rich crafting system and preset and modular building constructio...","none","1","","19.99","1.58","Accessories","cj,accessories,bitboxltd","https://www.yuplay.com/media/products/life-is-feudal-your-own/616/5b4627a35a840c15ec501433fee5d861e5806322.jpg","https://www.yuplay.com/product/life-is-feudal-your-own/?partner=cj","Ver Oferta","CJ","Bitbox Ltd"
"external","cj-2e9e345d6b18ee934ec7","Broken Pieces","1","1","visible","Mainly created by a team of 5 people, Broken Pieces is the first game to come out of the French game development studio Elseware Experience.When Elise and he...","Mainly created by a team of 5 people, Broken Pieces is the first game to come out of the French game development studio Elseware Experience.When Elise and he...","none","1","","24.99","1.98","Accessories","cj,accessories,indieio","https://www.yuplay.com/media/products/broken-pieces/616/13317a7ee796b93bd2772a36f2e6adacc342c52e.jpg","https://www.yuplay.com/product/broken-pieces/?partner=cj","Ver Oferta","CJ","indie.io"
"external","cj-2d2a6addc3f5cfd2934c","Warhammer Age of Sigmar: Storm Ground","1","1","visible","The first strategy videogame adaptation of Age of Sigmar's dark-fantasy universe. Lead your highly-customisable force, and unlock new units, equipment and sk...","The first strategy videogame adaptation of Age of Sigmar's dark-fantasy universe. Lead your highly-customisable force, and unlock new units, equipment and sk...","none","1","","19.99","1.59","Accessories","cj,accessories,focusentertainment","https://www.yuplay.com/media/products/warhammer-age-of-sigmar-storm-ground/616/e872e1e535699d908a6991dca62444a806c12ed7.jpg","https://www.yuplay.com/product/warhammer-age-of-sigmar-storm-ground/?partner=cj","Ver Oferta","CJ","Focus Entertainment"
"external","cj-008556bfcce3dc891861","Destiny 2: Bungie 30th Anniversary Pack (Xbox One & Xbox Series X|S) Europe","1","1","visible","Important Notice: Please, make sure that your IP is LOCATED in EUROPE during the key activation. After a successful activation, the game will be available wi...","Important Notice: Please, make sure that your IP is LOCATED in EUROPE during the key activation. After a successful activation, the game will be available wi...","none","1","","24.99","1.99","Accessories","cj,accessories,bungie","https://www.yuplay.com/media/products/destiny-2-bungie-30th-anniversary-pack-xbox-one-xbox-series-xs-europe/616/5a920e15e4c377d679830eecdd2f7cb23f7f8393.jpg","https://www.yuplay.com/product/destiny-2-bungie-30th-anniversary-pack-xbox-one-xbox-series-xs-europe/?partner=cj","Ver Oferta","CJ","Bungie"
"external","cj-207f8ee423c4138c256a","A Year of Rain","1","1","visible","StoryThis world is a harsh and unforgiving place.Its people have to fight for every scrap. Tenacious tribes, nomadic clans or those huddled in the shadow of ...","StoryThis world is a harsh and unforgiving place.Its people have to fight for every scrap. Tenacious tribes, nomadic clans or those huddled in the shadow of ...","none","1","","14.99","1.20","Accessories","cj,accessories,daedalicentertainment","https://www.yuplay.com/media/products/a-year-of-rain/616/edaf37dc684c218a897bda541b1dbaeeb3784689.jpg","https://www.yuplay.com/product/a-year-of-rain/?partner=cj","Ver Oferta","CJ","Daedalic Entertainment"
"external","cj-3190a56f19e23755e5bb","FreakOut: Extreme Freeride","1","1","visible","The steepest slopes, thrilling stunts and dangerous action provide a most excellent skiing experience. At an altitude of 2000 metres, far away from civilizat...","The steepest slopes, thrilling stunts and dangerous action provide a most excellent skiing experience. At an altitude of 2000 metres, far away from civilizat...","none","1","","9.99","0.80","Accessories","cj,accessories,thqnordic","https://www.yuplay.com/media/products/freakout-extreme-freeride/616/72f5ef524a1da79ae76de49bb45f025a7b78cdbe.jpg","https://www.yuplay.com/product/freakout-extreme-freeride/?partner=cj","Ver Oferta","CJ","THQ Nordic"
"external","cj-191bde5dbe356e27770d","Who Must Die","1","1","visible","You are replacing a doctor, charged to find who, among the three patients, is the one that is contaminated. To do this, you can use a whole range of experime...","You are replacing a doctor, charged to find who, among the three patients, is the one that is contaminated. To do this, you can use a whole range of experime...","none","1","","6.99","0.56","Accessories","cj,accessories,plugindigital","https://www.yuplay.com/media/products/who-must-die/616/5956c36d36d5dcfa64f69d5c4380b4c5f2d1b593.jpg","https://www.yuplay.com/product/who-must-die/?partner=cj","Ver Oferta","CJ","Plug In Digital"
"external","cj-371a806b0850d94d1d97","A Blind Legend","1","1","visible","This serious game is fully accessible to visually impaired people, and is aimed at anyone who's eager for an original, immersive sensory experience through a...","This serious game is fully accessible to visually impaired people, and is aimed at anyone who's eager for an original, immersive sensory experience through a...","none","1","","6.99","0.56","Accessories","cj,accessories,plugindigital","https://www.yuplay.com/media/products/a-blind-legend/616/2dc4346c77390f2e3f98ae82bb92dcc1f14d6f99.jpg","https://www.yuplay.com/product/a-blind-legend/?partner=cj","Ver Oferta","CJ","Plug In Digital"
"external","cj-0292d27feae35ec5dc25","Galactineers","1","1","visible","Galactineers is a genre-mix of open world sandbox game and realtime strategy game. You can use blocks and items to build your world in space, and also constr...","Galactineers is a genre-mix of open world sandbox game and realtime strategy game. You can use blocks and items to build your world in space, and also constr...","none","1","","5.99","0.48","Accessories","cj,accessories,linsodeteh","https://www.yuplay.com/media/products/galactineers/616/43ec49184bbc1fb787cc8dd1c52aaa510456e7e5.jpg","https://www.yuplay.com/product/galactineers/?partner=cj","Ver Oferta","CJ","LInsoDeTeh"
"external","cj-1df1f8f6426782be7274","DungeonUp","1","1","visible","A challenging rogue-like puzzler inspired by the classic Tower of the Sorcerer. Play as a human knight who fights his way out of a deep dungeon by slaying mo...","A challenging rogue-like puzzler inspired by the classic Tower of the Sorcerer. Play as a human knight who fights his way out of a deep dungeon by slaying mo...","none","1","","3.99","0.32","Accessories","cj,accessories,plugindigital","https://www.yuplay.com/media/products/dungeonup/616/e3081b8708bcf60cc87e3ab8f90074b3b82bb5b9.jpg","https://www.yuplay.com/product/dungeonup/?partner=cj","Ver Oferta","CJ","Plug In Digital"
"external","cj-23e4d9d28c8623ce9187","Z-End","1","1","visible","Z-End is a multiple choice narrative game. During the zombie apocalypse, you'll encounter the mysterious Faye while searching for new members.What secrets is...","Z-End is a multiple choice narrative game. During the zombie apocalypse, you'll encounter the mysterious Faye while searching for new members.What secrets is...","none","1","","3.99","0.32","Accessories","cj,accessories,plugindigital","https://www.yuplay.com/media/products/z-end/616/6031341029f374d1a4a05fc18953977c6e8f83d5.jpg","https://www.yuplay.com/product/z-end/?partner=cj","Ver Oferta","CJ","Plug In Digital"
"external","cj-3ee67ddb24b4be0f4f8a","Crazy Chicken Xtreme","1","1","visible","Bang! Poom Poom! Blam! Boom!Hunt mischievous moorhuhns across a mystical campsite in the forest, shoot them down in the old walls of a knight's castle, or pu...","Bang! Poom Poom! Blam! Boom!Hunt mischievous moorhuhns across a mystical campsite in the forest, shoot them down in the old walls of a knight's castle, or pu...","none","1","","14.99","1.21","Electronics","cj,electronics,markttechnik","https://www.yuplay.com/media/products/crazy-chicken-xtreme/616/a48138f63729e69f0225276b5ef2468415d91b2d.jpg","https://www.yuplay.com/product/crazy-chicken-xtreme/?partner=cj","Ver Oferta","CJ","Markt+Technik"
"external","cj-3060b45a128ddb27913f","Belladonna","1","1","visible","Belladonna is a gothic adventure game, twisted and dark. Take the role of a corpse girl rising from the dead in an abandoned laboratory, and unravel the myst...","Belladonna is a gothic adventure game, twisted and dark. Take the role of a corpse girl rising from the dead in an abandoned laboratory, and unravel the myst...","none","1","","5.69","0.46","Accessories","cj,accessories,plugindigital","https://www.yuplay.com/media/products/belladonna/616/23cf1efc3a95f13850eb183bcd6e28620459bd27.jpg","https://www.yuplay.com/product/belladonna/?partner=cj","Ver Oferta","CJ","Plug In Digital"
"external","cj-315f8d3e3e2dac27241c","Lost in Tropics","1","1","visible","Lost in Tropics: Immerse yourself in a survival adventure like no other, set against the backdrop of a richly detailed tropical island. ""Lost in Tropics"" tes...","Lost in Tropics: Immerse yourself in a survival adventure like no other, set against the backdrop of a richly detailed tropical island. ""Lost in Tropics"" tes...","none","1","","10.99","0.89","Accessories","cj,accessories,sigpublishing","https://www.yuplay.com/media/products/lost-in-tropics/616/9b0e82d6542c93573827f846bc7ffacdcd069bfd.jpg","https://www.yuplay.com/product/lost-in-tropics/?partner=cj","Ver Oferta","CJ","SIG Publishing"
"external","cj-39de0bb40b20a8b72bfd","WRC 7 FIA World Rally Championship","1","1","visible","Take on the FIA World Rally Championship's 13 rallies and 52 special stages, with their environments faithfully reproduced. Embody the best drivers in the Ch...","Take on the FIA World Rally Championship's 13 rallies and 52 special stages, with their environments faithfully reproduced. Embody the best drivers in the Ch...","none","1","","19.99","1.62","Accessories","cj,accessories,plugindigital","https://www.yuplay.com/media/products/wrc-7/616/64e9d807721f30b1a3ebde9cb67d0bd6f3157e9d.jpg","https://www.yuplay.com/product/wrc-7/?partner=cj","Ver Oferta","CJ","Plug In Digital"
"external","cj-3351a36a516d52817a89","Zero Hour","1","1","visible","Zero Hour is a tactical FPS with online team-based action gameplay set across various locations in Bangladesh.","Zero Hour is a tactical FPS with online team-based action gameplay set across various locations in Bangladesh.","none","1","","9.99","0.81","Accessories","cj,accessories,attrito","https://www.yuplay.com/media/products/zero-hour/616/da02218a76e6eb74580b3255775c6e369fb91ea2.jpg","https://www.yuplay.com/product/zero-hour/?partner=cj","Ver Oferta","CJ","Attrito"
"external","cj-4048fde3f98d09c3325f","Holy Potatoes! A Spy Story?!","1","1","visible","Holy Potatoes! A Spy Story?! is a wacky spy-agency sim game where you manage your very own spud spy headquarters! Recruit new spies, train and enhance your p...","Holy Potatoes! A Spy Story?! is a wacky spy-agency sim game where you manage your very own spud spy headquarters! Recruit new spies, train and enhance your p...","none","1","","9.99","0.81","Accessories","cj,accessories,daedalicentertainment","https://www.yuplay.com/media/products/holy-potatoes-a-spy-story/616/943b64ae0f88c8ce3367055638517de4c0a19046.jpg","https://www.yuplay.com/product/holy-potatoes-a-spy-story/?partner=cj","Ver Oferta","CJ","Daedalic Entertainment"
"external","cj-36213f6c33ca3fcb41b9","Necromunda: Underhive Wars","1","1","visible","Deep below the nightmarish, polluted hive cities of Necromunda, in the twisted, vertiginous, dark tunnels of the Underhive, rival gangs fight to the bitter e...","Deep below the nightmarish, polluted hive cities of Necromunda, in the twisted, vertiginous, dark tunnels of the Underhive, rival gangs fight to the bitter e...","none","1","","19.99","1.63","Accessories","cj,accessories,focusentertainment","https://www.yuplay.com/media/products/necromunda-underhive-wars/616/fd301c91651ecad6059299aa8d727fb271751fd8.jpg","https://www.yuplay.com/product/necromunda-underhive-wars/?partner=cj","Ver Oferta","CJ","Focus Entertainment"
"external","cj-10202bb0c5f7bea5c78c","Antisquad","1","1","visible","AntiSquad is a spectacular action game with a rich tactical palette and a substantial arsenal of gaming opportunities.","AntiSquad is a spectacular action game with a rich tactical palette and a substantial arsenal of gaming opportunities.","none","1","","5.99","0.49","Electronics","cj,electronics,plugindigital","https://www.yuplay.com/media/products/antisquad/616/347ec21abf47eb66d50825445ad123230e32027c.jpg","https://www.yuplay.com/product/antisquad/?partner=cj","Ver Oferta","CJ","Plug In Digital"
"external","cj-1ec6751828f507c2f473","Through the Woods","1","1","visible","Through the Woods is a third-person Norse horror adventure set in a forest on the western shores of Norway that tells the story of a mother and her missing s...","Through the Woods is a third-person Norse horror adventure set in a forest on the western shores of Norway that tells the story of a mother and her missing s...","none","1","","19.99","1.64","Accessories","cj,accessories,fulqrumpublishing","https://www.yuplay.com/media/products/through-the-woods/616/a94816ed00d8339754053d6ddd7c0733e39b89d6.jpg","https://www.yuplay.com/product/through-the-woods/?partner=cj","Ver Oferta","CJ","Fulqrum Publishing"
"external","cj-0b4610abc365e281d0e3","Crazy Pixel Streaker","1","1","visible","A Fresh and Insane Brawler with Roguelike elements. Lead a fellowship of jackasses abducted by angry aliens and forced to spread chaos into the most famous s...","A Fresh and Insane Brawler with Roguelike elements. Lead a fellowship of jackasses abducted by angry aliens and forced to spread chaos into the most famous s...","none","1","","4.99","0.41","Books","cj,books,plugindigital","https://www.yuplay.com/media/products/crazy-pixel-streaker/616/e313b955dce182fd5e98c7085951304ece38d207.jpg","https://www.yuplay.com/product/crazy-pixel-streaker/?partner=cj","Ver Oferta","CJ","Plug In Digital"
"external","cj-0c7dfbdc57dca6576161","Toilet Tycoon","1","1","visible","How would you like to be in a line of business that's totally crisis proof? You can see for yourself that money doesnt stink as a MANAGER of pay toilets!When...","How would you like to be in a line of business that's totally crisis proof? You can see for yourself that money doesnt stink as a MANAGER of pay toilets!When...","none","1","","4.99","0.41","Beauty","cj,beauty,plugindigital","https://www.yuplay.com/media/products/toilet-tycoon/616/52ab84669b12b8725a943feb274a35289cd39a91.jpg","https://www.yuplay.com/product/toilet-tycoon/?partner=cj","Ver Oferta","CJ","Plug In Digital"
"external","cj-139a3d2c751a0ac0ec22","Satellite Rush","1","1","visible","Satellite Rush is a sci-fi top-down shooter with pixel art graphics and Roguelike elements. Take control of an abducted office worker and blast through Satel...","Satellite Rush is a sci-fi top-down shooter with pixel art graphics and Roguelike elements. Take control of an abducted office worker and blast through Satel...","none","1","","4.99","0.41","Accessories","cj,accessories,plugindigital","https://www.yuplay.com/media/products/satellite-rush/616/2b7b5b0c19e04e86b22c506f665996cbfe02d41e.jpg","https://www.yuplay.com/product/satellite-rush/?partner=cj","Ver Oferta","CJ","Plug In Digital"
"external","cj-15cb72f0e1a98594ed8f","Point Perfect","1","1","visible","Point Perfect puts your mouse hand to the ultimate test. Navigate your mouse through a procedurally generated gauntlet. Use your reflexes to avoid aliens, sa...","Point Perfect puts your mouse hand to the ultimate test. Navigate your mouse through a procedurally generated gauntlet. Use your reflexes to avoid aliens, sa...","none","1","","4.99","0.41","Electronics","cj,electronics,plugindigital","https://www.yuplay.com/media/products/point-perfect/616/16e04d86aa26af5aa69229d659e1f8137d8a83ff.jpg","https://www.yuplay.com/product/point-perfect/?partner=cj","Ver Oferta","CJ","Plug In Digital"
"external","cj-1f0de16c9c540992a74b","Escape The Past","1","1","visible","Stuck on this island, you have only one thing in your mind... Escape !It's time for you to uncover the secrets of your life.Fight what you created and accept...","Stuck on this island, you have only one thing in your mind... Escape !It's time for you to uncover the secrets of your life.Fight what you created and accept...","none","1","","4.99","0.41","Accessories","cj,accessories,plugindigital","https://www.yuplay.com/media/products/escape-the-past/616/afc443a7737ea1f49c28d1a108a89358a440bac8.jpg","https://www.yuplay.com/product/escape-the-past/?partner=cj","Ver Oferta","CJ","Plug In Digital"
"external","cj-3c6453df400251b9d616","Rage Against The Zombies","1","1","visible","A gigantic ZOMBIE INFESTATION is going on in your city and youre the ONE who will STOP THEM!","A gigantic ZOMBIE INFESTATION is going on in your city and youre the ONE who will STOP THEM!","none","1","","4.99","0.41","Accessories","cj,accessories,plugindigital","https://www.yuplay.com/media/products/rage-against-the-zombies/616/2cc5ccf56ff34bdf28b1d2894453e5cea3b4861d.jpg","https://www.yuplay.com/product/rage-against-the-zombies/?partner=cj","Ver Oferta","CJ","Plug In Digital"
"external","cj-31a2b38230e5fdf6afd8","Cybernetic Fault","1","1","visible","Prove your ability to read names next to the big red buttons! Show your ability to fight for life in a science center that is falling apart from the conseque...","Prove your ability to read names next to the big red buttons! Show your ability to fight for life in a science center that is falling apart from the conseque...","none","1","","20.99","1.73","Books","cj,books,whalerockgames","https://www.yuplay.com/media/products/cybernetic-fault/616/08d5071be7a07f9dea2d9bb99a55d43a5eb28b6c.jpg","https://www.yuplay.com/product/cybernetic-fault/?partner=cj","Ver Oferta","CJ","Whale Rock Games"
"external","cj-3b93545c467169534f16","This Book Is A Dungeon","1","1","visible","Auto-cannibalism. Demonic Seduction. Occult Rituals. Bloodfeasting Worms. This dark, horrific Twine-based dungeon crawler pairs edgy interactive fiction with...","Auto-cannibalism. Demonic Seduction. Occult Rituals. Bloodfeasting Worms. This dark, horrific Twine-based dungeon crawler pairs edgy interactive fiction with...","none","1","","3.99","0.33","Books","cj,books,plugindigital","https://www.yuplay.com/media/products/this-book-is-a-dungeon/616/3fa27aba9306519f4701f7e6186413dca038ac6b.jpg","https://www.yuplay.com/product/this-book-is-a-dungeon/?partner=cj","Ver Oferta","CJ","Plug In Digital"
"external","cj-049fd6f5155f7f017d47","Zombie Party","1","1","visible","Zombie Party is a retro rampage of fun and over-the-top action, while still giving the players a deep and engaging Action-RPG Rogue-like experience! Go on a ...","Zombie Party is a retro rampage of fun and over-the-top action, while still giving the players a deep and engaging Action-RPG Rogue-like experience! Go on a ...","none","1","","8.19","0.68","Accessories","cj,accessories,plugindigital","https://www.yuplay.com/media/products/zombie-party/616/7a073a1b7587238cac17383ed4608a487384fdf0.jpg","https://www.yuplay.com/product/zombie-party/?partner=cj","Ver Oferta","CJ","Plug In Digital"
"external","cj-2de3ab88f2756066ea75","Limouzik","1","1","visible","Limouzik is a software that transform your computer into a music instrument and makes you a musician.Limouzik is based on classical harmony and the relations...","Limouzik is a software that transform your computer into a music instrument and makes you a musician.Limouzik is based on classical harmony and the relations...","none","1","","19.99","1.66","Accessories","cj,accessories,plugindigital","https://www.yuplay.com/media/products/limouzik/616/87418a935aa008e73c3386f8524c0228917328cc.jpg","https://www.yuplay.com/product/limouzik/?partner=cj","Ver Oferta","CJ","Plug In Digital"
"external","cj-098764ad36ddabe164f0","Pro Rugby Manager 2015","1","1","visible","Take the lead of your favourite rugby union team.Pro Rugby Manager 2015 covers all aspects of the challenges of a real rugby union manager: guarantee sportin...","Take the lead of your favourite rugby union team.Pro Rugby Manager 2015 covers all aspects of the challenges of a real rugby union manager: guarantee sportin...","none","1","","9.99","0.83","Home","cj,home,505games","https://www.yuplay.com/media/products/pro-rugby-manager-2015/616/d2a9887c4143758ef1188c5a73c80e8d713e65e8.jpg","https://www.yuplay.com/product/pro-rugby-manager-2015/?partner=cj","Ver Oferta","CJ","505 Games"
"external","cj-1e41cad88f17735a1b92","The Guest","1","1","visible","The Guest is a gloomy adventure full of enigmas where the exploration of your surroundings comes to prominence; puzzles, secrets and riddles will help you di...","The Guest is a gloomy adventure full of enigmas where the exploration of your surroundings comes to prominence; puzzles, secrets and riddles will help you di...","none","1","","9.99","0.83","Accessories","cj,accessories,505games","https://www.yuplay.com/media/products/the-guest/616/087e32779af82f09f5566e79d3886a6d056d47e8.jpg","https://www.yuplay.com/product/the-guest/?partner=cj","Ver Oferta","CJ","505 Games"
"external","cj-3164e32e29e3ccb099e7","King's Bounty: Warriors of the North","1","1","visible","A new hero, young Olaf, the son of the Northling King, dedicates his life to the fight against the undead infesting the Northern Lands of Endoria. He will fa...","A new hero, young Olaf, the son of the Northling King, dedicates his life to the fight against the undead infesting the Northern Lands of Endoria. He will fa...","none","1","","9.99","0.83","Accessories","cj,accessories,fulqrumpublishing","https://www.yuplay.com/media/products/kings-bounty-warriors-of-the-north/616/57735b54da7640a62e2ba23808e4f8e0001403ac.jpg","https://www.yuplay.com/product/kings-bounty-warriors-of-the-north/?partner=cj","Ver Oferta","CJ","Fulqrum Publishing"
"external","cj-1f214d20695af4dda7a8","Hiveswap: Friendsim","1","1","visible","You just crash-landed on Alternia, and youre DESPERATE for friendship! Anyone will do...wait, who are those two trolls approaching you? A darkly comedic epis...","You just crash-landed on Alternia, and youre DESPERATE for friendship! Anyone will do...wait, who are those two trolls approaching you? A darkly comedic epis...","none","1","","12.99","1.08","Accessories","cj,accessories,plugindigital","https://www.yuplay.com/media/products/hiveswap-friendsim/616/dc2e8321eac3b2f02934d99410710df957a30097.jpg","https://www.yuplay.com/product/hiveswap-friendsim/?partner=cj","Ver Oferta","CJ","Plug In Digital"
"external","cj-2d78851491d19626b7da","LEGO Star Wars: The Force Awakens Deluxe Edition","1","1","visible","The Force is strong with this one&#226;&#8364;&#166; The No. 1 LEGO&#194; videogame franchise triumphantly returns with a fun-filled, humorous journey based ...","The Force is strong with this one&#226;&#8364;&#166; The No. 1 LEGO&#194; videogame franchise triumphantly returns with a fun-filled, humorous journey based ...","none","1","","16.67","1.39","Books","cj,books,warnerbrosinteractiveentertainment","https://www.yuplay.com/media/products/lego-star-wars-the-force-awakens-deluxe-edition/616/69be27f657016a4806e749f1088393060e4e7448.jpg","https://www.yuplay.com/product/lego-star-wars-the-force-awakens-deluxe-edition/?partner=cj","Ver Oferta","CJ","Warner Bros. Interactive Entertainment"
"external","cj-2bc71c530b116ca14ec2","Space Empires V","1","1","visible","Space Empires V is the latest edition in the Space Empires series. This new chapter completely updates the UI and takes the player into a real-time rendered ...","Space Empires V is the latest edition in the Space Empires series. This new chapter completely updates the UI and takes the player into a real-time rendered ...","none","1","","14.99","1.25","Books","cj,books,strategyfirst","https://www.yuplay.com/media/products/space-empires-v/616/8bc62bbaf99d4ea0d84829a32399a74e5ad00a21.jpg","https://www.yuplay.com/product/space-empires-v/?partner=cj","Ver Oferta","CJ","Strategy First"
"external","cj-0045bacbfdd5c34835aa","Boiling Bolt","1","1","visible","The Earth was shattered and reduced to floating islands hanging on the power of their Crystal. Life went back to its course, forgetting that bitter past. A m...","The Earth was shattered and reduced to floating islands hanging on the power of their Crystal. Life went back to its course, forgetting that bitter past. A m...","none","1","","11.99","1.00","Beauty","cj,beauty,dearvillagers","https://www.yuplay.com/media/products/boiling-bolt/616/6ed4ba95170b454fba5a95b2a3ebad295c95d4ef.jpg","https://www.yuplay.com/product/boiling-bolt/?partner=cj","Ver Oferta","CJ","Dear Villagers"
"external","cj-01ae0c327a1b51f6607b","Citrouille","1","1","visible","Citrouille is a modern spin on old arcade classics. Brave danger and cover the world with flowers using your magic ladders. Play alone, together or settle th...","Citrouille is a modern spin on old arcade classics. Brave danger and cover the world with flowers using your magic ladders. Play alone, together or settle th...","none","1","","8.99","0.75","Accessories","cj,accessories,plugindigital","https://www.yuplay.com/media/products/citrouille/616/eb52c0d3995d9a8a49791e7d46c10ae7b7bd2f94.jpg","https://www.yuplay.com/product/citrouille/?partner=cj","Ver Oferta","CJ","Plug In Digital"
"external","cj-16d2fc09c23dfed22c22","Warhammer: End Times - Vermintide Drachenfels","1","1","visible","Explore 3 NEW stunning adventure maps in this DLC for Vermintide, where you travel outside of Ubersreik's walls to the Grey Mountains. Fight your way through...","Explore 3 NEW stunning adventure maps in this DLC for Vermintide, where you travel outside of Ubersreik's walls to the Grey Mountains. Fight your way through...","none","1","","8.99","0.75","Accessories","cj,accessories,fatshark","https://www.yuplay.com/media/products/warhammer-end-times-vermintide-drachenfels/616/239fdd975d9a592aa1b157131129003fb0a26fe3.jpg","https://www.yuplay.com/product/warhammer-end-times-vermintide-drachenfels/?partner=cj","Ver Oferta","CJ","Fatshark"
"external","cj-4245ac9b783ef5a7ed99","Arabel","1","1","visible","Overview :Arabel is a 3D adventure game telling the story of a lost knight, searching her way out of the strange and twisted lands of the Abyss. The path is ...","Overview :Arabel is a 3D adventure game telling the story of a lost knight, searching her way out of the strange and twisted lands of the Abyss. The path is ...","none","1","","7.79","0.65","Accessories","cj,accessories,amauryhyde","https://www.yuplay.com/media/products/arabel/616/ec20af9ca096319e6ac87b64955cf5af84fc45d1.jpg","https://www.yuplay.com/product/arabel/?partner=cj","Ver Oferta","CJ","Amaury Hyde"
"external","cj-078574088dd2661fe55e","Alone in the Dark: Illumination","1","1","visible","A darkness has fallen over the town of Lorwich. Monstrous hordes emerge from beyond the realm of nightmares to sow chaos on the land. As one of four heroes, ...","A darkness has fallen over the town of Lorwich. Monstrous hordes emerge from beyond the realm of nightmares to sow chaos on the land. As one of four heroes, ...","none","1","","19.99","1.67","Accessories","cj,accessories,thqnordic","https://www.yuplay.com/media/products/alone-in-the-dark-illumination/616/ac46377315eb3076ed801c68c9a6cd6574c55f6f.jpg","https://www.yuplay.com/product/alone-in-the-dark-illumination/?partner=cj","Ver Oferta","CJ","THQ Nordic"
"external","cj-1eba9bbc26ee7e28f844","Insurmountable","1","1","visible","Confront various terrains as a lonely mountaineer and endure the countless dangers of climbing! Many tough decisions await you in a risky environment. Make y...","Confront various terrains as a lonely mountaineer and endure the countless dangers of climbing! Many tough decisions await you in a risky environment. Make y...","none","1","","19.99","1.67","Home","cj,home,daedalicentertainment","https://www.yuplay.com/media/products/insurmountable/616/eb61947f8b9daf0cf7e6accccbbd482ac09320ba.jpg","https://www.yuplay.com/product/insurmountable/?partner=cj","Ver Oferta","CJ","Daedalic Entertainment"
"external","cj-39f860bd0912212c37b7","BioMech","1","1","visible","BioMech is a classic Metroid-like with carefully structured gameplay. No rogue elements, no random content, everything is handcrafted and deliberately design...","BioMech is a classic Metroid-like with carefully structured gameplay. No rogue elements, no random content, everything is handcrafted and deliberately design...","none","1","","14.99","1.26","Accessories","cj,accessories,plugindigital","https://www.yuplay.com/media/products/biomech/616/8ea7e5b408cddfc291004b7f13e62d2e5acedb7b.jpg","https://www.yuplay.com/product/biomech/?partner=cj","Ver Oferta","CJ","Plug In Digital"
"external","cj-1c076af7547065636c6d","Unrailed","1","1","visible","Unrailed! is a chaotic online and couch co-op multiplayer railroad construction game where you work together with your friends as a team to build a train tra...","Unrailed! is a chaotic online and couch co-op multiplayer railroad construction game where you work together with your friends as a team to build a train tra...","none","1","","19.99","1.70","Accessories","cj,accessories,daedalicentertainment","https://www.yuplay.com/media/products/unrailed/616/0caf51ec571ef79a0e7f2d5fc7e98d2aedfd9160.jpg","https://www.yuplay.com/product/unrailed/?partner=cj","Ver Oferta","CJ","Daedalic Entertainment"
"external","cj-255f6ae616ce33a2d9a7","Dr Livingstone, I Presume? Reversed Escape Room","1","1","visible","Experience the reversed escape room game. Solve many different types of puzzles and venture deeper and deeper into the mansion's heart.","Experience the reversed escape room game. Solve many different types of puzzles and venture deeper and deeper into the mansion's heart.","none","1","","14.79","1.26","Accessories","cj,accessories,untoldtales","https://www.yuplay.com/media/products/dr-livingstone-i-presume-reversed-escape-room/616/d008907be572bba181da8e82efa463a4e60e0162.jpg","https://www.yuplay.com/product/dr-livingstone-i-presume-reversed-escape-room/?partner=cj","Ver Oferta","CJ","Untold Tales"
"external","cj-0c6034d19aa97ac3c74a","LEGO City Undercover","1","1","visible","Join the Chase! In LEGO CITY Undercover, play as Chase McCain, a police officer who's been tasked with going undercover to hunt down the notorious - and rece...","Join the Chase! In LEGO CITY Undercover, play as Chase McCain, a police officer who's been tasked with going undercover to hunt down the notorious - and rece...","none","1","","29.99","2.56","Accessories","cj,accessories,warnerbrosinteractiveentertainment","https://www.yuplay.com/media/products/lego-city-undercover/616/8eacfff50d588003d1d9fe017f77cdadb282b326.jpg","https://www.yuplay.com/product/lego-city-undercover/?partner=cj","Ver Oferta","CJ","Warner Bros. Interactive Entertainment"
"external","cj-374983eb84b76e315468","Battlefield 3: End Game","1","1","visible","Battlefield 3: End Game delivers some of the most high-speed warfare to date across four vast maps. Race through enemy lines using the new dirt bike, bringin...","Battlefield 3: End Game delivers some of the most high-speed warfare to date across four vast maps. Race through enemy lines using the new dirt bike, bringin...","none","1","","14.99","1.28","Electronics","cj,electronics,electronicarts","https://www.yuplay.com/media/products/battlefield-3-end-game/616/7d0c0c86c59a6f81433815298dbb0e77a3a1be0b.jpg","https://www.yuplay.com/product/battlefield-3-end-game/?partner=cj","Ver Oferta","CJ","Electronic Arts"
"external","cj-23294d846dffe4f08de6","88 Heroes - 98 Heroes Edition (Nintendo Switch EU)","1","1","visible","It's 8:08am on 8th August 1988, and the evil Dr. H8 has brought the world to the brink of total annihilation! His demands are simple: pay $88 octillion withi...","It's 8:08am on 8th August 1988, and the evil Dr. H8 has brought the world to the brink of total annihilation! His demands are simple: pay $88 octillion withi...","none","1","","29.99","2.57","Books","cj,books,risingstargames","https://www.yuplay.com/media/products/88-heroes-98-heroes-edition-nintendo-switch-eu/616/02586c3737d1bafa003aba3533d5ebac19ddd69c.jpg","https://www.yuplay.com/product/88-heroes-98-heroes-edition-nintendo-switch-eu/?partner=cj","Ver Oferta","CJ","Rising Star Games"
"external","cj-2a6aa2d7b53e973578d3","Biped","1","1","visible","Game is not available in China!Two little bipedal robots, Aku and Sila, will walk side by side and embark on a fun and bonding journey.MASTER INNOVATIVE AND ...","Game is not available in China!Two little bipedal robots, Aku and Sila, will walk side by side and embark on a fun and bonding journey.MASTER INNOVATIVE AND ...","none","1","","12.49","1.08","Accessories","cj,accessories,postmetagamesltd","https://www.yuplay.com/media/products/biped/616/060cb3236edd328eb0eb80505cab9f8300d2e0a3.jpg","https://www.yuplay.com/product/biped/?partner=cj","Ver Oferta","CJ","Postmeta Games Ltd"
"external","cj-39d388295e2645803c1c","Fantasy Quest Solitaire","1","1","visible","At the very last moment the idyllic Fairy Land and its peaceful denizens were saved from the dark shadows. But now everything's changed! The fight against ev...","At the very last moment the idyllic Fairy Land and its peaceful denizens were saved from the dark shadows. But now everything's changed! The fight against ev...","none","1","","8.99","0.78","Accessories","cj,accessories,rokaplay","https://www.yuplay.com/media/products/fantasy-quest-solitaire/616/b6163f566d128de7ce5cd11b4498ec86f48f7cb0.jpg","https://www.yuplay.com/product/fantasy-quest-solitaire/?partner=cj","Ver Oferta","CJ","rokaplay"
"external","cj-1f31ffdebf984ee0b2ba","One Piece Burning Blood Gold Edition","1","1","visible","One Piece Burning Blood is a dynamic and colourful new fighting game featuring the world's most famous pirate: Monkey D. Luffy.","One Piece Burning Blood is a dynamic and colourful new fighting game featuring the world's most famous pirate: Monkey D. Luffy.","none","1","","74.99","6.52","Books","cj,books,bandainamcoentertainmentinc","https://www.yuplay.com/media/products/one-piece-burning-blood-gold-edition/616/731328a438eb3af539b06e10faad6f5d5f9ff764.jpg","https://www.yuplay.com/product/one-piece-burning-blood-gold-edition/?partner=cj","Ver Oferta","CJ","Bandai Namco Entertainment Inc"
"external","cj-30bb8f9fe0ce6398bf8a","TOHU","1","1","visible","Experience a brand new adventure game set amongst a world of weird and wonderful fish planets. Explore beautiful environments, solve intricate puzzles and di...","Experience a brand new adventure game set amongst a world of weird and wonderful fish planets. Explore beautiful environments, solve intricate puzzles and di...","none","1","","12.99","1.13","Accessories","cj,accessories,theirregularcorporationlimited","https://www.yuplay.com/media/products/tohu/616/620ed2918d9ee635ce7950d6e62c7c05c20068f3.jpg","https://www.yuplay.com/product/tohu/?partner=cj","Ver Oferta","CJ","The Irregular Corporation Limited"
"external","cj-1216dd830ec3c00427b1","Asguaard","1","1","visible","Asguaard - an extensive RPG reminiscent of the&#160;16-bits Final Fantasy and Dragon&#160;Quest,&#160;with a unique and heart-breaking story.Somewhere, someh...","Asguaard - an extensive RPG reminiscent of the&#160;16-bits Final Fantasy and Dragon&#160;Quest,&#160;with a unique and heart-breaking story.Somewhere, someh...","none","1","","6.87","0.60","Accessories","cj,accessories,aldorleagames","https://www.yuplay.com/media/products/asguaard/616/c7e320c4df238ab6a28b84266df8e3668dabcdc9.jpg","https://www.yuplay.com/product/asguaard/?partner=cj","Ver Oferta","CJ","Aldorlea Games"
"external","cj-2a2cbba992cd0eacf61d","Steelrising - Bastille Edition","1","1","visible","Paris, 1789. The city is in the grip of terror. The Revolution has been suppressed with bloodshed by Louis XVI and his merciless mechanical army. It falls to...","Paris, 1789. The city is in the grip of terror. The Revolution has been suppressed with bloodshed by Louis XVI and his merciless mechanical army. It falls to...","none","1","","59.99","5.24","Books","cj,books,nacon","https://www.yuplay.com/media/products/steelrising-bastille-edition/616/7f2fba800d0b4dbf7fd5aa78e6be9ac906d4ca68.jpg","https://www.yuplay.com/product/steelrising-bastille-edition/?partner=cj","Ver Oferta","CJ","Nacon"
"external","cj-2d8d18d0dc48bc442c72","Omerta City of Gangsters Gold Edition","1","1","visible","All that glitters is Gold! The ultimate collector's edition of the award-winning gangster game &#8220;Omerta - City of Gangsters&#8221; includes the main gam...","All that glitters is Gold! The ultimate collector's edition of the award-winning gangster game &#8220;Omerta - City of Gangsters&#8221; includes the main gam...","none","1","","24.99","2.19","Sports","cj,sports,kalypsomedia","https://www.yuplay.com/media/products/omerta-city-of-gangsters-gold-edition/616/45544c09b77f2f45da79d2df60ab6efd39635853.jpg","https://www.yuplay.com/product/omerta-city-of-gangsters-gold-edition/?partner=cj","Ver Oferta","CJ","Kalypso Media"
"external","cj-2a545de0e946397c55ad","Valhalla Hills: Two-Horned Helmet Edition","1","1","visible","Lead your people. Survive the wilderness. Fight for honor. Reclaim your eternal reward. A brand new strategy game from the developers of Cultures and The Set...","Lead your people. Survive the wilderness. Fight for honor. Reclaim your eternal reward. A brand new strategy game from the developers of Cultures and The Set...","none","1","","12.99","1.14","Books","cj,books,daedalicentertainment","https://www.yuplay.com/media/products/valhalla-hills-two-horned-helmet-edition/616/caa4335e8f3f528ea00e84bb2dd1c29f3b12a29b.jpg","https://www.yuplay.com/product/valhalla-hills-two-horned-helmet-edition/?partner=cj","Ver Oferta","CJ","Daedalic Entertainment"
"external","cj-074bb4cb4d7ad3d22aef","ATV Drift & Tricks","1","1","visible","DRIFT, TRICKS & FUN! Tired of 2-wheeled vehicles? ATV Drift & Tricks is the QUAD game for you! A racing game just for quads!!","DRIFT, TRICKS & FUN! Tired of 2-wheeled vehicles? ATV Drift & Tricks is the QUAD game for you! A racing game just for quads!!","none","1","","14.99","1.32","Accessories","cj,accessories,microids","https://www.yuplay.com/media/products/atv-drift-tricks/616/7e9ecd05fe5f362e95a111f08c2a125636a94bdc.jpg","https://www.yuplay.com/product/atv-drift-tricks/?partner=cj","Ver Oferta","CJ","Microids"
"external","cj-13e5bff7ec5a6b9ff6dd","A Story About My Uncle","1","1","visible","A Story About My Uncle is a first person platforming adventure game  about a boy who searches for his lost uncle, and ends up in a world he  couldnt imagine ...","A Story About My Uncle is a first person platforming adventure game  about a boy who searches for his lost uncle, and ends up in a world he  couldnt imagine ...","none","1","","12.49","1.10","Accessories","cj,accessories,coffeestainstudios","https://www.yuplay.com/media/products/a-story-about-my-uncle/616/32e0ea68b12d052f2bfda40249804bad0495f5e4.jpg","https://www.yuplay.com/product/a-story-about-my-uncle/?partner=cj","Ver Oferta","CJ","Coffee Stain Studios"
"external","cj-226a48d880defb120d77","Etherium","1","1","visible","Etherium is a real-time strategy game set in a science-fiction universe, where three factions battle it out for a mysterious and rare resource known as Ether...","Etherium is a real-time strategy game set in a science-fiction universe, where three factions battle it out for a mysterious and rare resource known as Ether...","none","1","","9.99","0.88","Accessories","cj,accessories,focusentertainment","https://www.yuplay.com/media/products/etherium/616/e9049cb3b0b34f52fae507ee2de1c9ca7cfeb9e3.jpg","https://www.yuplay.com/product/etherium/?partner=cj","Ver Oferta","CJ","Focus Entertainment"
"external","cj-1293bd29b5461b6ab381","Sid Meier's Ace Patrol","1","1","visible","The skies over Europe are a dangerous place, where ace pilots lead their squadrons to glorious victory or crushing defeat! Take control of dozens of the most...","The skies over Europe are a dangerous place, where ace pilots lead their squadrons to glorious victory or crushing defeat! Take control of dozens of the most...","none","1","","4.99","0.44","Accessories","cj,accessories,2k","https://www.yuplay.com/media/products/sid-meiers-ace-patrol/616/624b327e723c26ce4e3c972fa145b1767ef54db8.jpg","https://www.yuplay.com/product/sid-meiers-ace-patrol/?partner=cj","Ver Oferta","CJ","2K"
"external","cj-1ffb89036608f75301c0","Sid Meier's Ace Patrol : Pacific Skies","1","1","visible","Battle to Rule the Pacific Skies!Take flight over the treacherous Pacific waters where ace pilots redefine historic World War II battles! Skillfully pilot th...","Battle to Rule the Pacific Skies!Take flight over the treacherous Pacific waters where ace pilots redefine historic World War II battles! Skillfully pilot th...","none","1","","4.99","0.44","Home","cj,home,2k","https://www.yuplay.com/media/products/sid-meiers-ace-patrol-pacific-skies/616/1f4d3bb3e46b1faaa2455dec12ecda6738189ea9.jpg","https://www.yuplay.com/product/sid-meiers-ace-patrol-pacific-skies/?partner=cj","Ver Oferta","CJ","2K"
"external","cj-181ab6139e7b197b7766","GOD EATER 3","1","1","visible","Rise Above a World of DesolationThe latest entry in the hugely popular God Eater action series is here! Fight in Style with Brand-new God Arcs!Expand your cl...","Rise Above a World of DesolationThe latest entry in the hugely popular God Eater action series is here! Fight in Style with Brand-new God Arcs!Expand your cl...","none","1","","49.99","4.43","Home","cj,home,bandainamcoentertainmentinc","https://www.yuplay.com/media/products/god-eater-3/616/a8276e5d1c358348d46b99af86f1830348abea77.jpg","https://www.yuplay.com/product/god-eater-3/?partner=cj","Ver Oferta","CJ","Bandai Namco Entertainment Inc"
"external","cj-124f766c0af2ac7e4433","Chicken Shoot 2","1","1","visible","This tiresome bunch of feathered troublemakers is not giving any peace. Stop this hostile destruction from these rampaging roosters in Arcade mode, or fight ...","This tiresome bunch of feathered troublemakers is not giving any peace. Stop this hostile destruction from these rampaging roosters in Arcade mode, or fight ...","none","1","","6.99","0.62","Accessories","cj,accessories,topwareinteractive","https://www.yuplay.com/media/products/chicken-shoot-2/616/4887aced769242411615e5821c745636c238ab35.jpg","https://www.yuplay.com/product/chicken-shoot-2/?partner=cj","Ver Oferta","CJ","TopWare Interactive"
"external","cj-2d1dac289fd8e1a1cdd5","Mana Spark","1","1","visible","A challenging action RPG with deep souls-like combat and rogue-like elements. Explore a dreadful dungeon and fight smart enemies that will plan and collabora...","A challenging action RPG with deep souls-like combat and rogue-like elements. Explore a dreadful dungeon and fight smart enemies that will plan and collabora...","none","1","","9.99","0.89","Books","cj,books,plugindigital","https://www.yuplay.com/media/products/mana-spark/616/3d0dea5f9df58151b70e7a825e67dd116e646ff6.jpg","https://www.yuplay.com/product/mana-spark/?partner=cj","Ver Oferta","CJ","Plug In Digital"
"external","cj-33cd7296dea4e4e218ee","Theatre of War Collection","1","1","visible","This bundle icludes:Theatre of WarTheatre of War 2: Battle for CaenTheatre of War 2: Kursk 1943Theatre of War 2: CentauroTheatre of War 2: Africa 1943Theatre...","This bundle icludes:Theatre of WarTheatre of War 2: Battle for CaenTheatre of War 2: Kursk 1943Theatre of War 2: CentauroTheatre of War 2: Africa 1943Theatre...","none","1","","14.99","1.35","Accessories","cj,accessories,fulqrumpublishing","https://www.yuplay.com/media/products/theatre-of-war-collection/616/39a42156b6baae4f15d150915569abc69eeebee6.jpg","https://www.yuplay.com/product/theatre-of-war-collection/?partner=cj","Ver Oferta","CJ","Fulqrum Publishing"
"external","cj-25ddb99f44aa46d14de2","Blacksmith: Ignite the Forge","1","1","visible","Blacksmith: Ignite the Forge is a mix of a simulator, strategy, and auto-battler.","Blacksmith: Ignite the Forge is a mix of a simulator, strategy, and auto-battler.","none","1","","9.75","0.88","Accessories","cj,accessories,awakenrealms","https://www.yuplay.com/media/products/blacksmith-ignite-the-forge/616/0d74e88c279038141164f440e3d37fb4b37e6c30.jpg","https://www.yuplay.com/product/blacksmith-ignite-the-forge/?partner=cj","Ver Oferta","CJ","Awaken Realms"
"external","cj-0792cec72b1a7297e2f9","Check vs Mate","1","1","visible","Commanders, assemble your armies! BATTLE VS. CHESS calls for an interactive feather duster, chartering the successful chess game principle into the present d...","Commanders, assemble your armies! BATTLE VS. CHESS calls for an interactive feather duster, chartering the successful chess game principle into the present d...","none","1","","19.99","1.81","Sports","cj,sports,topwareinteractive","https://www.yuplay.com/media/products/check-vs-mate/616/c0d6b00105b79c5a5d98dd11a61c20c8f70ba325.jpg","https://www.yuplay.com/product/check-vs-mate/?partner=cj","Ver Oferta","CJ","TopWare Interactive"
"external","cj-424566c76c2f387b684c","South of the Circle","1","1","visible","South of the Circle is a deep narrative experience of the emerging relationship between Peter and Clara, Cambridge academics involved in a political conflict","South of the Circle is a deep narrative experience of the emerging relationship between Peter and Clara, Cambridge academics involved in a political conflict","none","1","","12.99","1.18","Accessories","cj,accessories,11bitstudios","https://www.yuplay.com/media/products/south-of-the-circle/616/eacd067170a1a55260a9811e76870a5c1df7c85b.jpg","https://www.yuplay.com/product/south-of-the-circle/?partner=cj","Ver Oferta","CJ","11 bit studios"
"external","cj-17b58c14cdda40fde9c2","Moonlighter","1","1","visible","Moonlighter is an Action RPG with rogue-lite elements that demonstrates two sides of the coin - revealing everyday routines of Will, an adventurous shopkeepe...","Moonlighter is an Action RPG with rogue-lite elements that demonstrates two sides of the coin - revealing everyday routines of Will, an adventurous shopkeepe...","none","1","","19.99","1.82","Home","cj,home,11bitstudios","https://www.yuplay.com/media/products/moonlighter/616/903e3539125526437f7777c2ee5e330b8349af22.jpg","https://www.yuplay.com/product/moonlighter/?partner=cj","Ver Oferta","CJ","11 bit studios"
"external","cj-14e0ccd1d560cbda1ebd","Doorways: Prelude","1","1","visible","Doorways is an episodic first person horror adventure, featuring a complex story and deep atmosphere. Each chapter will challenge you with its fast-paced gam...","Doorways is an episodic first person horror adventure, featuring a complex story and deep atmosphere. Each chapter will challenge you with its fast-paced gam...","none","1","","9.99","0.91","Accessories","cj,accessories,saibotstudios","https://www.yuplay.com/media/products/doorways-prelude/616/add9656f26d5d3fd4cbedcf088b85e20c8eb2f0e.jpg","https://www.yuplay.com/product/doorways-prelude/?partner=cj","Ver Oferta","CJ","Saibot Studios"
"external","cj-132b0b937480d4cecfa4","The Escapists 2","1","1","visible","Craft, Steal, Brawl and Escape! It's time to bust out of the toughest prisons in the world as you return to the life of an inmate in The Escapists 2, now wit...","Craft, Steal, Brawl and Escape! It's time to bust out of the toughest prisons in the world as you return to the life of an inmate in The Escapists 2, now wit...","none","1","","19.99","1.83","Sports","cj,sports,team17","https://www.yuplay.com/media/products/the-escapists-2/616/a0a4de67f2f1064762b065c6495b166ee2fa230e.jpg","https://www.yuplay.com/product/the-escapists-2/?partner=cj","Ver Oferta","CJ","Team17"
"external","cj-2043245ad1db6d0d10da","Holy Potatoes! What the Hell?!","1","1","visible","Holy Potatoes! What the Hell?! is a whacky hell-themed cooking management sim where you take on the role of a chef in an Afterlife populated by potatoes!","Holy Potatoes! What the Hell?! is a whacky hell-themed cooking management sim where you take on the role of a chef in an Afterlife populated by potatoes!","none","1","","4.99","0.46","Home","cj,home,daedalicentertainment","https://www.yuplay.com/media/products/holy-potatoes-what-the-hell/616/859bb588da38cbd03e7b706da5abe27db04fb866.jpg","https://www.yuplay.com/product/holy-potatoes-what-the-hell/?partner=cj","Ver Oferta","CJ","Daedalic Entertainment"
"external","cj-340a7e58f05dadd8654f","Undefeated","1","1","visible","Can you stop the Wastelands from spreading and overtaking the world? Play as Marcus, Bastien and Fela, three army conscripts with little liking..","Can you stop the Wastelands from spreading and overtaking the world? Play as Marcus, Bastien and Fela, three army conscripts with little liking..","none","1","","4.99","0.46","Books","cj,books,aldorleagames","https://www.yuplay.com/media/products/undefeated/616/aaccd05b63ae1a68edc6bf01dbf5aea8789e2c6e.jpg","https://www.yuplay.com/product/undefeated/?partner=cj","Ver Oferta","CJ","Aldorlea Games"
"external","cj-29cc0d4b411ebbf9599a","UnMetal","1","1","visible","UnMetal is a 2D stealth action-adventure that pays homage to the classics with a healthy dose of humor and satire. You play as Jesse Fox, who is definitely N...","UnMetal is a 2D stealth action-adventure that pays homage to the classics with a healthy dose of humor and satire. You play as Jesse Fox, who is definitely N...","none","1","","16.99","1.57","Accessories","cj,accessories,versusevil","https://www.yuplay.com/media/products/unmetal/616/4ea71ac5a2275c712b94b4084bc4cd8b5767cd7b.jpg","https://www.yuplay.com/product/unmetal/?partner=cj","Ver Oferta","CJ","Versus Evil"
"external","cj-0b6f60e75fb60de089cf","Control Ultimate Edition","1","1","visible","Control Ultimate Edition contains the main game and all previously released Expansions (The Foundation and AWE) in one great value package.A corruptive prese...","Control Ultimate Edition contains the main game and all previously released Expansions (The Foundation and AWE) in one great value package.A corruptive prese...","none","1","","39.99","3.72","Home","cj,home,505games","https://www.yuplay.com/media/products/control-ultimate-edition/616/a68a7f6def743405d6e42d07fa150afc106d22bc.jpg","https://www.yuplay.com/product/control-ultimate-edition/?partner=cj","Ver Oferta","CJ","505 Games"
"external","cj-1174bfeba1a3e253ab6c","Fire: Ungh's Quest","1","1","visible","FIRE is an exploration-adventure with intuitive puzzle design. Without losing many words it tells a savagely hilarious story. Journey into the Stone Age and ...","FIRE is an exploration-adventure with intuitive puzzle design. Without losing many words it tells a savagely hilarious story. Journey into the Stone Age and ...","none","1","","9.99","0.93","Accessories","cj,accessories,daedalicentertainment","https://www.yuplay.com/media/products/fire/616/1ebee462f56ab4c2256860c9945f1d81d5bde3e0.jpg","https://www.yuplay.com/product/fire/?partner=cj","Ver Oferta","CJ","Daedalic Entertainment"
"external","cj-14a9df46d614d19580a5","The Walking Vegetables","1","1","visible","Whilst storming from City to City, looting buildings and suburbs for loads of Glorious Guns, Gadgets, Goodies and Gold, you must always stay alert and trigge...","Whilst storming from City to City, looting buildings and suburbs for loads of Glorious Guns, Gadgets, Goodies and Gold, you must always stay alert and trigge...","none","1","","9.99","0.93","Electronics","cj,electronics,mergegames","https://www.yuplay.com/media/products/the-walking-vegetables/616/6741f05f980df4235b669be8a8fb900d55350f1b.jpg","https://www.yuplay.com/product/the-walking-vegetables/?partner=cj","Ver Oferta","CJ","Merge Games"
"external","cj-1a2cc9db9445e63316a9","COAST GUARD","1","1","visible","Experience the extraordinary life of coast guard officer Finn Asdair in COAST GUARD. Life at sea is fraught with adversity and danger.Take on responsibility ...","Experience the extraordinary life of coast guard officer Finn Asdair in COAST GUARD. Life at sea is fraught with adversity and danger.Take on responsibility ...","none","1","","14.99","1.40","Accessories","cj,accessories,astragonentertainment","https://www.yuplay.com/media/products/coast-guard/616/d263e9200c6caec04a826fa0bd82d3c3538f9137.jpg","https://www.yuplay.com/product/coast-guard/?partner=cj","Ver Oferta","CJ","astragon Entertainment"
"external","cj-37567383619006e9c389","Aeon Must Die!","1","1","visible","Ignite the galaxy. Aeon Must Die!Aeon, the dreaded Emperor of the unstoppable Void Armada, has been betrayed and left for dead by his generals. Weakened and ...","Ignite the galaxy. Aeon Must Die!Aeon, the dreaded Emperor of the unstoppable Void Armada, has been betrayed and left for dead by his generals. Weakened and ...","none","1","","19.99","1.88","Books","cj,books,focusentertainment","https://www.yuplay.com/media/products/aeon-must-die/616/238c4ac872f1b47007771fa3a89c1dfc43aed5b3.jpg","https://www.yuplay.com/product/aeon-must-die/?partner=cj","Ver Oferta","CJ","Focus Entertainment"
"external","cj-2dff759566e84ca00a76","3D Pool","1","1","visible","With 3D Pool you can enjoy the ultimate billiards and pool experience in the comfort of your own home! Step up to the virtual table and show what you can do ...","With 3D Pool you can enjoy the ultimate billiards and pool experience in the comfort of your own home! Step up to the virtual table and show what you can do ...","none","1","","6.99","0.66","Home","cj,home,familyplay","https://www.yuplay.com/media/products/3d-pool/616/01e226ef52a5e7693216b2c89e147d63ed3c7ba7.jpg","https://www.yuplay.com/product/3d-pool/?partner=cj","Ver Oferta","CJ","familyplay"
"external","cj-3014609448a3cc01656d","Mortal Kombat XL","1","1","visible","Mortal Kombat XLMortal Kombat XKombat PackKombat Pack 2Who's Next? Experience the Next Generation of the #1 Fighting Franchise.Mortal Kombat X combines unpar...","Mortal Kombat XLMortal Kombat XKombat PackKombat Pack 2Who's Next? Experience the Next Generation of the #1 Fighting Franchise.Mortal Kombat X combines unpar...","none","1","","39.99","3.78","Accessories","cj,accessories,warnerbrosinteractiveentertainment","https://www.yuplay.com/media/products/mortal-kombat-xl/616/f178f1df01b2d5e6183bd70cb5ab525923e3d1b2.jpg","https://www.yuplay.com/product/mortal-kombat-xl/?partner=cj","Ver Oferta","CJ","Warner Bros. Interactive Entertainment"
"external","cj-2a1394ebbb648624ce15","AEW: Fight Forever","1","1","visible","Developed by YUKE's Co, Ltd., creators of numerous, multi-million unit selling wrestling games, AEW: Fight Forever combines that nostalgic arcade-wrestler fe...","Developed by YUKE's Co, Ltd., creators of numerous, multi-million unit selling wrestling games, AEW: Fight Forever combines that nostalgic arcade-wrestler fe...","none","1","","59.99","5.70","Accessories","cj,accessories,thqnordic","https://www.yuplay.com/media/products/aew-fight-forever/616/d2857cc6756f7d13ef2f345abfb21102bd3c37c7.jpg","https://www.yuplay.com/product/aew-fight-forever/?partner=cj","Ver Oferta","CJ","THQ Nordic"
"external","cj-2b30e1a3f9069251e463","Baldur's Gate: Enhanced Edition","1","1","visible","The classic adventure returns! Baldur's Gate: Enhanced Edition includes the original Baldur's Gate adventure, the Tales of the Sword Coast expansion, and all...","The classic adventure returns! Baldur's Gate: Enhanced Edition includes the original Baldur's Gate adventure, the Tales of the Sword Coast expansion, and all...","none","1","","15.99","1.52","Home","cj,home,beamdog","https://www.yuplay.com/media/products/baldurs-gate-enhanced-edition/616/ad0b2177986998d3cbd983d26608b8f0606f5225.jpg","https://www.yuplay.com/product/baldurs-gate-enhanced-edition/?partner=cj","Ver Oferta","CJ","Beamdog"
"external","cj-3923e84fb1f8b114b688","The Masked Mage","1","1","visible","Whatever happened to magic?The Masked Mage is a slow paced, peaceful metroidvania game, focusing on exploration, atmosphere and story. Centuries ago, magic c...","Whatever happened to magic?The Masked Mage is a slow paced, peaceful metroidvania game, focusing on exploration, atmosphere and story. Centuries ago, magic c...","none","1","","12.49","1.19","Accessories","cj,accessories,plugindigital","https://www.yuplay.com/media/products/the-masked-mage/616/47f6d56ea06fb91a4ae93ceba56908062832a8f0.jpg","https://www.yuplay.com/product/the-masked-mage/?partner=cj","Ver Oferta","CJ","Plug In Digital"
"external","cj-363516e91b8c9f5cf50c","Crash Dummy","1","1","visible","The evil D-TROIT has kidnapped MIA, the Advisor's daughter! You might be playing as CID, the simple crash dummy.","The evil D-TROIT has kidnapped MIA, the Advisor's daughter! You might be playing as CID, the simple crash dummy.","none","1","","12.79","1.22","Accessories","cj,accessories,funboxmedia","https://www.yuplay.com/media/products/crash-dummy/616/ff762bcddee378ebe2570b88d4031d00e104a2b7.jpg","https://www.yuplay.com/product/crash-dummy/?partner=cj","Ver Oferta","CJ","Funbox Media"
"external","cj-1df40008e1353bd79cde","Salvation Prophecy","1","1","visible","Salvation Prophecy is a military space epic. Human, mutant, and robotic factions are at war for galactic domination. Battles rage as space fleets collide, an...","Salvation Prophecy is a military space epic. Human, mutant, and robotic factions are at war for galactic domination. Battles rage as space fleets collide, an...","none","1","","19.99","1.91","Accessories","cj,accessories,firedancegames","https://www.yuplay.com/media/products/salvation-prophecy/616/4b67cdbdd4e078a5e20d4b02e4b8a049fc7ec7c9.jpg","https://www.yuplay.com/product/salvation-prophecy/?partner=cj","Ver Oferta","CJ","Firedance Games"
"external","cj-01f48bc9178709add016","Through the Woods: Collector's Edition","1","1","visible","Through the Woods is a third-person Norse horror adventure set in a forest on the western shores of Norway that tells the story of a mother and her missing s...","Through the Woods is a third-person Norse horror adventure set in a forest on the western shores of Norway that tells the story of a mother and her missing s...","none","1","","22.99","2.20","Books","cj,books,fulqrumpublishing","https://www.yuplay.com/media/products/through-the-woods-collectors-edition/616/1e94da733b6aea34f3bec4f1d662cd4ecc884ea3.jpg","https://www.yuplay.com/product/through-the-woods-collectors-edition/?partner=cj","Ver Oferta","CJ","Fulqrum Publishing"
"external","cj-30714e6ce1220c3b9359","Oozi Earth Adventure","1","1","visible","Oozi: Earth Adventure is a classic 2D platformer with old school gameplay, with no puzzle, no punishment, just 100% pure classic platforming fun! Its most pr...","Oozi: Earth Adventure is a classic 2D platformer with old school gameplay, with no puzzle, no punishment, just 100% pure classic platforming fun! Its most pr...","none","1","","9.99","0.96","Accessories","cj,accessories,awesomegamesstudio","https://www.yuplay.com/media/products/oozi-earth-adventure/616/ed1108c78bb486de1e6d43482383e389ee020512.jpg","https://www.yuplay.com/product/oozi-earth-adventure/?partner=cj","Ver Oferta","CJ","Awesome Games Studio"
"external","cj-07d69d6ba5ed8c893376","Kingdom Come: Deliverance","1","1","visible","Game:You're Henry, the son of a blacksmith. Thrust into a raging civil war, you watch helplessly as invaders storm your village and slaughter your friends an...","Game:You're Henry, the son of a blacksmith. Thrust into a raging civil war, you watch helplessly as invaders storm your village and slaughter your friends an...","none","1","","29.99","2.90","Accessories","cj,accessories,deepsilver","https://www.yuplay.com/media/products/kingdom-come-deliverance/616/276c7c4df002b4fb192e977ac7569d1d98a98bd9.jpg","https://www.yuplay.com/product/kingdom-come-deliverance/?partner=cj","Ver Oferta","CJ","Deep Silver"
"external","cj-114a666f2b9a6c5ced46","Airline Tycoon 2: Falcon Airlines DLC","1","1","visible","He's back! Siggi Sorglos, synonymous with German diligence, punctuality and cuckoo clocks, returns to the airline business with this DLC for Airline Tycoon 2...","He's back! Siggi Sorglos, synonymous with German diligence, punctuality and cuckoo clocks, returns to the airline business with this DLC for Airline Tycoon 2...","none","1","","5.99","0.58","Accessories","cj,accessories,kalypsomedia","https://www.yuplay.com/media/products/airline-tycoon-2-falcon-airlines-dlc/616/53eceb1e40d97181ceead0033a4bd306fa3c0969.jpg","https://www.yuplay.com/product/airline-tycoon-2-falcon-airlines-dlc/?partner=cj","Ver Oferta","CJ","Kalypso Media"
"external","cj-31b04180de3aac0af900","Dungeons 2 - A Chance Of Dragons","1","1","visible","In A Chance of Dragons devious dragons are infiltrating the world of Dungeons 2. In three all-new skirmish missions, you must do everything in your power to ...","In A Chance of Dragons devious dragons are infiltrating the world of Dungeons 2. In three all-new skirmish missions, you must do everything in your power to ...","none","1","","2.99","0.29","Accessories","cj,accessories,kalypsomedia","https://www.yuplay.com/media/products/dungeons-2-a-chance-of-dragons-dlc/616/5e8ec4254c3e0391412203c60d86834fd1ae1d8e.jpg","https://www.yuplay.com/product/dungeons-2-a-chance-of-dragons-dlc/?partner=cj","Ver Oferta","CJ","Kalypso Media"
"external","cj-1b048d7974a3a019fff0","Exoprimal","1","1","visible","Exoprimal is an online, team-based action game title that places humanity's cutting-edge exosuit battle technology against some of history's most ferocious b...","Exoprimal is an online, team-based action game title that places humanity's cutting-edge exosuit battle technology against some of history's most ferocious b...","none","1","","59.99","5.83","Electronics","cj,electronics,capcom","https://www.yuplay.com/media/products/exoprimal/616/9fd7293f78b6e57caefb0049f69ca7d01f5c06e4.jpg","https://www.yuplay.com/product/exoprimal/?partner=cj","Ver Oferta","CJ","Capcom"
"external","cj-3ba85509758b20156237","Triple Take","1","1","visible","Triple Take is a fast 2D precision platformer where the stage evolves as you complete it!","Triple Take is a fast 2D precision platformer where the stage evolves as you complete it!","none","1","","6.99","0.68","Accessories","cj,accessories,bonusstagepublishing","https://www.yuplay.com/media/products/triple-take/616/9f1d708b7f6d7169bf8883bfc70020cac7e30d98.jpg","https://www.yuplay.com/product/triple-take/?partner=cj","Ver Oferta","CJ","Bonus Stage Publishing"
"external","cj-20f06e7e0991cb22a4d7","Syberia 3","1","1","visible","The next generation in adventure games, Syberia 3 takes you inside an enchanting, mysterious universe full of life for you to explore in 3D. Plunged into the...","The next generation in adventure games, Syberia 3 takes you inside an enchanting, mysterious universe full of life for you to explore in 3D. Plunged into the...","none","1","","14.99","1.46","Accessories","cj,accessories,microids","https://www.yuplay.com/media/products/syberia-3/616/be7e6d81955bd2ef15e3a824b6ce3a73a1d8f27f.jpg","https://www.yuplay.com/product/syberia-3/?partner=cj","Ver Oferta","CJ","Microids"
"external","cj-35e79d6a3346dfb66209","Sniper Elite 5","1","1","visible","The latest instalment in the award-winning series, Sniper Elite 5 offers unparalleled sniping, tactical third-person combat and an enhanced kill cam. Fight y...","The latest instalment in the award-winning series, Sniper Elite 5 offers unparalleled sniping, tactical third-person combat and an enhanced kill cam. Fight y...","none","1","","49.99","4.93","Accessories","cj,accessories,rebellion","https://www.yuplay.com/media/products/sniper-elite-5/616/6c7bf784e1e036de79a64e6f42cb55c8b747bd29.jpg","https://www.yuplay.com/product/sniper-elite-5/?partner=cj","Ver Oferta","CJ","Rebellion"
"external","cj-2b412579d2b9c4cb09b9","Warhammer 40,000: Dakka Squadron - Flyboyz Edition","1","1","visible","Blazing, Ork aerial combat waged across 41st millennium battlefields.Dakka Squadron is a fast-paced, aerial shooter where you are an Ork Flyboy, taking to th...","Blazing, Ork aerial combat waged across 41st millennium battlefields.Dakka Squadron is a fast-paced, aerial shooter where you are an Ork Flyboy, taking to th...","none","1","","16.79","1.66","Books","cj,books,phosphorgames","https://www.yuplay.com/media/products/warhammer-40000-dakka-squadron-flyboyz-edition/616/52349a0911e81b7dcdd3fa37ef395b943823eb08.jpg","https://www.yuplay.com/product/warhammer-40000-dakka-squadron-flyboyz-edition/?partner=cj","Ver Oferta","CJ","Phosphor Games"
"external","cj-1a303aee31ce3349f636","Grand Brix Shooter","1","1","visible","Grand Brix Shooter","Grand Brix Shooter","none","1","","8.19","0.81","Accessories","cj,accessories,intragames","https://www.yuplay.com/media/products/grand-brix-shooter/616/74d4ab246ba884118f776c90cf4f58d10e4d3b96.jpg","https://www.yuplay.com/product/grand-brix-shooter/?partner=cj","Ver Oferta","CJ","Intragames"
"external","cj-0d56616f8955c6b84b9b","Dying Light Essentials Edition","1","1","visible","IMPORTANT: Enjoy enhanced visuals, a remastered soundtrack, and graphical improvements with the Retouched Update &#8212; available for free to all Dying Ligh...","IMPORTANT: Enjoy enhanced visuals, a remastered soundtrack, and graphical improvements with the Retouched Update &#8212; available for free to all Dying Ligh...","none","1","","24.99","2.48","Electronics","cj,electronics,techland","https://www.yuplay.com/media/products/dying-light-essentials-edition/616/fbdc66fe62030aed2213f6f1538710753c0fe590.jpg","https://www.yuplay.com/product/dying-light-essentials-edition/?partner=cj","Ver Oferta","CJ","Techland"
"external","cj-422814e946e2ecf19b13","Sword Art Online: Fatal Bullet","1","1","visible","Experience an original story where you are the protagonist in the world of Gun Gale Online. Create your own avatar and explore devastated lands while experie...","Experience an original story where you are the protagonist in the world of Gun Gale Online. Create your own avatar and explore devastated lands while experie...","none","1","","39.99","3.98","Accessories","cj,accessories,bandainamcoentertainmentinc","https://www.yuplay.com/media/products/sword-art-online-fatal-bullet/616/8371570532ecc5dddec9161e66431d06e7fa6a58.jpg","https://www.yuplay.com/product/sword-art-online-fatal-bullet/?partner=cj","Ver Oferta","CJ","Bandai Namco Entertainment Inc"
"external","cj-0ea26adce1900c5d9c43","RAGE 2","1","1","visible","Dive headfirst into a dystopian world devoid of society, law, and order. RAGE 2 brings together two studio powerhouses - Avalanche Studios, masters of open w...","Dive headfirst into a dystopian world devoid of society, law, and order. RAGE 2 brings together two studio powerhouses - Avalanche Studios, masters of open w...","none","1","","39.99","3.99","Accessories","cj,accessories,bethesdasoftworks","https://www.yuplay.com/media/products/rage-2/616/3856c24d2a09647d51ce921e61fdbc010d66de8d.jpg","https://www.yuplay.com/product/rage-2/?partner=cj","Ver Oferta","CJ","Bethesda Softworks"
"external","cj-1d7ef57728bdbb12e8b4","Darksiders III Deluxe Edition","1","1","visible","Return to an apocalyptic Earth in Darksiders III, a hack-n-slash Action Adventure where players assume the role of FURY in her quest to hunt down and dispose...","Return to an apocalyptic Earth in Darksiders III, a hack-n-slash Action Adventure where players assume the role of FURY in her quest to hunt down and dispose...","none","1","","49.99","4.99","Books","cj,books,thqnordic","https://www.yuplay.com/media/products/darksiders-iii-deluxe-edition/616/d24e32ba8248e3b5d9f096198aa4a3cd90bb1b88.jpg","https://www.yuplay.com/product/darksiders-iii-deluxe-edition/?partner=cj","Ver Oferta","CJ","THQ Nordic"
"external","cj-240df8e8c0293079b666","Panzer Elite Action Gold Edition","1","1","visible","Panzer Elite Action Gold Edition","Panzer Elite Action Gold Edition","none","1","","9.99","1.00","Home","cj,home,thqnordic","https://www.yuplay.com/media/products/panzer-elite-action-gold-edition/616/82fb89708c4a3a930796fe537a7f146b67b14166.jpg","https://www.yuplay.com/product/panzer-elite-action-gold-edition/?partner=cj","Ver Oferta","CJ","THQ Nordic"
"external","cj-0121e384de2e06d26709","One Day for Ched","1","1","visible","Fight the monsters, shoot 'em up with your skills and powerful guns. Complete the whole story and find out the secrets of Ched's mind. ONE DAY for Ched makes...","Fight the monsters, shoot 'em up with your skills and powerful guns. Complete the whole story and find out the secrets of Ched's mind. ONE DAY for Ched makes...","none","1","","3.99","0.40","Accessories","cj,accessories,strategyfirst","https://www.yuplay.com/media/products/one-day-for-ched/616/078b875743ac6051f009112d20be35c5b3899033.jpg","https://www.yuplay.com/product/one-day-for-ched/?partner=cj","Ver Oferta","CJ","Strategy First"
"external","cj-33c6b2208cad583ae4dc","Thunder Wolves","1","1","visible","When this &#8220;wolf pack&#8221; strikes, you will hear rolling thunder. The Thunder Wolves attack from the air. They are highly trained helicopter pilots, ...","When this &#8220;wolf pack&#8221; strikes, you will hear rolling thunder. The Thunder Wolves attack from the air. They are highly trained helicopter pilots, ...","none","1","","9.99","1.01","Accessories","cj,accessories,thqnordic","https://www.yuplay.com/media/products/thunder-wolves/616/db49132e8d03cbec3fadb1d8783c79f4fc1a68a5.jpg","https://www.yuplay.com/product/thunder-wolves/?partner=cj","Ver Oferta","CJ","THQ Nordic"
"external","cj-3929c6ca24f93066c9fe","Iesabel","1","1","visible","In the times of darkness, only the mightiest of heroes can save the  world. Stand out against the evil all by yourself in epic single player  mode, or form a...","In the times of darkness, only the mightiest of heroes can save the  world. Stand out against the evil all by yourself in epic single player  mode, or form a...","none","1","","4.99","0.51","Accessories","cj,accessories,foreverentertainmentsa","https://www.yuplay.com/media/products/iesabel/616/cc5e06194f26dab16c5fa812912027620720d4a0.jpg","https://www.yuplay.com/product/iesabel/?partner=cj","Ver Oferta","CJ","Forever Entertainment S. A."
"external","cj-322a851b28f75915a3a4","Revita","1","1","visible","In this fast paced twin-stick roguelite platformer, you play as an unnamed child ascending an ominous clocktower in pursuit of their lost memories.","In this fast paced twin-stick roguelite platformer, you play as an unnamed child ascending an ominous clocktower in pursuit of their lost memories.","none","1","","16.99","1.74","Fashion","cj,fashion,dearvillagers","https://www.yuplay.com/media/products/revita/616/4f3f143d362004caae48c61edf2780ac50b910f4.jpg","https://www.yuplay.com/product/revita/?partner=cj","Ver Oferta","CJ","Dear Villagers"
"external","cj-2b3f9182492431240329","Warhammer 40,000: Battlesector","1","1","visible","In the grim darkness of the far future, there is only war. Experience every bone-rattling explosion and soul-crushing charge in Warhammer 40,000: Battlesecto...","In the grim darkness of the far future, there is only war. Experience every bone-rattling explosion and soul-crushing charge in Warhammer 40,000: Battlesecto...","none","1","","40.86","4.20","Accessories","cj,accessories,slitherineltd","https://www.yuplay.com/media/products/warhammer-40000-battlesector/616/e18b91eb0a9eeb1df9103af81e29d7ca947767b5.jpg","https://www.yuplay.com/product/warhammer-40000-battlesector/?partner=cj","Ver Oferta","CJ","Slitherine Ltd"
"external","cj-0f9f8c0822528efeb00b","Fireball Wizard","1","1","visible","Explore Wizardonia, a magical world filled with danger and wonder in Fireball Wizard! As a powerful wizard, you'll explore a pixelated landscape filled with ...","Explore Wizardonia, a magical world filled with danger and wonder in Fireball Wizard! As a powerful wizard, you'll explore a pixelated landscape filled with ...","none","1","","6.99","0.72","Sports","cj,sports,pidgames","https://www.yuplay.com/media/products/fireball-wizard/616/63421cef972f4c4ed4ba1686d0ecb7cc90a333c6.jpg","https://www.yuplay.com/product/fireball-wizard/?partner=cj","Ver Oferta","CJ","PID Games"
"external","cj-1c72355a74e3c2903f37","Larcin Lazer","1","1","visible","Larcin Lazer is a puzzle game in which your memory is put to the test. Each level is filled with lasers that disappear as soon as you start moving. Move disc...","Larcin Lazer is a puzzle game in which your memory is put to the test. Each level is filled with lasers that disappear as soon as you start moving. Move disc...","none","1","","9.99","1.03","Accessories","cj,accessories,tambouille","https://www.yuplay.com/media/products/larcin-lazer/616/197fb3c866480412858399b19903c3fa4203d31c.jpg","https://www.yuplay.com/product/larcin-lazer/?partner=cj","Ver Oferta","CJ","Tambouille"
"external","cj-2cf89e716fa8477bc7ef","Bear With Me: The Complete Collection Upgrade","1","1","visible","Bear With Me: The Complete Collection features all previously released episodes as well as the new prequel The Lost Robots. This collection is the definitive...","Bear With Me: The Complete Collection features all previously released episodes as well as the new prequel The Lost Robots. This collection is the definitive...","none","1","","9.99","1.03","Accessories","cj,accessories,modusgames","https://www.yuplay.com/media/products/bear-with-me-the-complete-collection-upgrade/616/9f1d16eb99b6cd7f7c26be5a715ad29fbb3d0e63.jpg","https://www.yuplay.com/product/bear-with-me-the-complete-collection-upgrade/?partner=cj","Ver Oferta","CJ","Modus Games"
"external","cj-31f1b0d2d6cc85834ac8","Winter Ember","1","1","visible","Winter Ember is an immersive stealth action game that casts you into the role of Arthur Artorias, the faceless man. Step into the shadows and uncover a myste...","Winter Ember is an immersive stealth action game that casts you into the role of Arthur Artorias, the faceless man. Step into the shadows and uncover a myste...","none","1","","23.99","2.50","Accessories","cj,accessories,blowfishstudios","https://www.yuplay.com/media/products/winter-ember/616/134ab4c82af0fe900c9dcbe2059de5d5b49c757b.jpg","https://www.yuplay.com/product/winter-ember/?partner=cj","Ver Oferta","CJ","Blowfish Studios"
"external","cj-3020c9f56134527f9d65","Zombillie","1","1","visible","The world has changed. Irrevocably and completely. Green parks have been replaced by grey ruins. Colourful meadows have become toxic swamps. Once vibrant lan...","The world has changed. Irrevocably and completely. Green parks have been replaced by grey ruins. Colourful meadows have become toxic swamps. Once vibrant lan...","none","1","","4.79","0.50","Accessories","cj,accessories,foreverentertainmentsa","https://www.yuplay.com/media/products/zombillie/616/a5b98d83594ee0047c717c5d7279a107e86c400a.jpg","https://www.yuplay.com/product/zombillie/?partner=cj","Ver Oferta","CJ","Forever Entertainment S. A."
"external","cj-33ca9c926852c4fbc03c","A Long Way Down","1","1","visible","A Long way down is a mash-up between an RPG and a deck-building game. Embody Sam and try escaping this maze where a sneaky and evil mastermind reigns. Let yo...","A Long way down is a mash-up between an RPG and a deck-building game. Embody Sam and try escaping this maze where a sneaky and evil mastermind reigns. Let yo...","none","1","","14.99","1.57","Accessories","cj,accessories,plugindigital","https://www.yuplay.com/media/products/a-long-way-down/616/5cc136642ade0c2495260cb612203097a70e2a29.jpg","https://www.yuplay.com/product/a-long-way-down/?partner=cj","Ver Oferta","CJ","Plug In Digital"
"external","cj-346bd38b5c564fbfcceb","The Bureau: XCOM Declassified","1","1","visible","The year is 1962 and the Cold War has the nation gripped by fear.  A top-secret government unit called The Bureau begins investigating a series of mysterious...","The year is 1962 and the Cold War has the nation gripped by fear.  A top-secret government unit called The Bureau begins investigating a series of mysterious...","none","1","","14.99","1.57","Accessories","cj,accessories,2k","https://www.yuplay.com/media/products/the-bureau-xcom-declassified/616/012788922fb409e940a21d89aa8e72c405afe6d7.jpg","https://www.yuplay.com/product/the-bureau-xcom-declassified/?partner=cj","Ver Oferta","CJ","2K"
"external","cj-2e1c909a79c47dced365","The Guild Gold Edition","1","1","visible","The Guild Gold includes the original game plus its expansion pack.","The Guild Gold includes the original game plus its expansion pack.","none","1","","9.99","1.05","Home","cj,home,thqnordic","https://www.yuplay.com/media/products/the-guild-gold-edition/616/020a684abfe761d3f8d7b43ade5a5907e3ba8736.jpg","https://www.yuplay.com/product/the-guild-gold-edition/?partner=cj","Ver Oferta","CJ","THQ Nordic"
"external","cj-1fdc24278f993269b4a4","Sins of a Solar Empire: Rebellion","1","1","visible","Reviews&#8220;Bigger and more stable than ever, Sins of a Solar Empire: Rebellion will happily strip-mine your life of its free time.&#8221;86/100 - PC Gamer...","Reviews&#8220;Bigger and more stable than ever, Sins of a Solar Empire: Rebellion will happily strip-mine your life of its free time.&#8221;86/100 - PC Gamer...","none","1","","33.99","3.60","Home","cj,home,stardockentertainment","https://www.yuplay.com/media/products/sins-of-a-solar-empire-rebellion/616/d90895b0d1e3ce1d0697aab298d9051b6aeddb33.jpg","https://www.yuplay.com/product/sins-of-a-solar-empire-rebellion/?partner=cj","Ver Oferta","CJ","Stardock Entertainment"
"external","cj-03302046db8fb284386c","Codename: Panzers - Cold War","1","1","visible","A major armed conflict is brewing between the Western powers and the Soviet bloc. The Red Army has been growing ever stronger since the end of World War II. ...","A major armed conflict is brewing between the Western powers and the Soviet bloc. The Red Army has been growing ever stronger since the end of World War II. ...","none","1","","14.99","1.59","Home","cj,home,thqnordic","https://www.yuplay.com/media/products/codename-panzers-cold-war/616/f57870cb0b7f4ea380e583edb9ddda4ceb0d82d2.jpg","https://www.yuplay.com/product/codename-panzers-cold-war/?partner=cj","Ver Oferta","CJ","THQ Nordic"
"external","cj-25b579ed8cc88fc30f09","Theatre of War 2: Battle for Caen Special Edition","1","1","visible","Includes Theatre Of War 2: Kursk 1943 & Theatre of War 2: Battle of CaenFeaturesTheatre Of War 2: Kursk 1943  Theatre of War 2: Kursk 1943, the historically ...","Includes Theatre Of War 2: Kursk 1943 & Theatre of War 2: Battle of CaenFeaturesTheatre Of War 2: Kursk 1943  Theatre of War 2: Kursk 1943, the historically ...","none","1","","9.99","1.06","Books","cj,books,fulqrumpublishing","https://www.yuplay.com/media/products/theatre-of-war-2-battle-for-caen-special-edition/616/cf9248ffc5fc86585309abee7eb95076e3b4f483.jpg","https://www.yuplay.com/product/theatre-of-war-2-battle-for-caen-special-edition/?partner=cj","Ver Oferta","CJ","Fulqrum Publishing"
"external","cj-0cdc6b3839d6e876574b","DJMAX RESPECT V - V Extension PACK","1","1","visible","DJMAX RESPECT V - V Extension PACK! Meet the 'DJMAX RESPECT V Original Song' package now! This DLC contains a total of 20 Original songs.Now enjoy the songs ...","DJMAX RESPECT V - V Extension PACK! Meet the 'DJMAX RESPECT V Original Song' package now! This DLC contains a total of 20 Original songs.Now enjoy the songs ...","none","1","","16.79","1.79","Accessories","cj,accessories,neowiz","https://www.yuplay.com/media/products/djmax-respect-v-v-extension-pack/616/3e14c29e8d2aa3ab71d78c7eac8486714ea6c993.jpg","https://www.yuplay.com/product/djmax-respect-v-v-extension-pack/?partner=cj","Ver Oferta","CJ","NEOWIZ"
"external","cj-3919c297cc2a0bcc9004","Sid Meier's Civilization V: Scrambled Nations Map Pack","1","1","visible","Why repeat history when you could forge a new geography each time you begin a game? The Scrambled Nations map pack includes maps for the geographic regions o...","Why repeat history when you could forge a new geography each time you begin a game? The Scrambled Nations map pack includes maps for the geographic regions o...","none","1","","4.49","0.48","Accessories","cj,accessories,2k","https://www.yuplay.com/media/products/sid-meiers-civilization-v-scrambled-nations-map-pack/616/42e6392ad979f63720afdd92ab8bd5cbba193998.jpg","https://www.yuplay.com/product/sid-meiers-civilization-v-scrambled-nations-map-pack/?partner=cj","Ver Oferta","CJ","2K"
"external","cj-0cf2c51347f771daf0a5","Stealth Assault: Urban Strike","1","1","visible","Prepare for an intense FPS experience in a dangerous desert warzone. Prove your skills and survival instincts in Stealth Assault: Urban Strike!AVOID TRAPS, S...","Prepare for an intense FPS experience in a dangerous desert warzone. Prove your skills and survival instincts in Stealth Assault: Urban Strike!AVOID TRAPS, S...","none","1","","2.99","0.32","Accessories","cj,accessories,hapgames","https://www.yuplay.com/media/products/stealth-assault-urban-strike/616/fe6bd37bd04960e5ae4b94101c679c3c90dab675.jpg","https://www.yuplay.com/product/stealth-assault-urban-strike/?partner=cj","Ver Oferta","CJ","HapGames"
"external","cj-1134e0b9c0b56cd886bc","Soulbringer","1","1","visible","Thousands of years ago six demon kings, known as the Revenants, ruled the world with an iron fist and bloody swords.","Thousands of years ago six demon kings, known as the Revenants, ruled the world with an iron fist and bloody swords.","none","1","","2.99","0.32","Accessories","cj,accessories,funboxmedia","https://www.yuplay.com/media/products/soulbringer/616/64b6496a9c6e86bf131ba6f5247b0acfe9048bc0.jpg","https://www.yuplay.com/product/soulbringer/?partner=cj","Ver Oferta","CJ","Funbox Media"
"external","cj-358acbb4e21b97cdfd06","Just Cause 2","1","1","visible","Dive into an adrenaline-fuelled free-roaming adventure. As agent Rico Rodriguez, your orders are to find and kill your friend and mentor who has disappeared ...","Dive into an adrenaline-fuelled free-roaming adventure. As agent Rico Rodriguez, your orders are to find and kill your friend and mentor who has disappeared ...","none","1","","14.99","1.61","Accessories","cj,accessories,squareenix","https://www.yuplay.com/media/products/just-cause-2/616/adfb453923089eab830d77f2c54892c47915741c.jpg","https://www.yuplay.com/product/just-cause-2/?partner=cj","Ver Oferta","CJ","Square Enix"
"external","cj-1c45fd2829277b848e74","LEGO Jurassic World","1","1","visible","Following the epic storylines of Jurassic Park, The Lost World: Jurassic Park and Jurassic Park III, as well as the highly anticipated Jurassic World, LEGO J...","Following the epic storylines of Jurassic Park, The Lost World: Jurassic Park and Jurassic Park III, as well as the highly anticipated Jurassic World, LEGO J...","none","1","","12.99","1.40","Accessories","cj,accessories,warnerbrosinteractive","https://www.yuplay.com/media/products/lego-jurassic-world/616/05b2db121d12108288cfd4d60846ce75a67a3026.jpg","https://www.yuplay.com/product/lego-jurassic-world/?partner=cj","Ver Oferta","CJ","Warner Bros. Interactive"
"external","cj-10070865122eb2f68fd3","5-in-1 Pack - Monument Builders: Destination USA","1","1","visible","Build the most famous monuments of United States of America in this bundle of 5 time management games !","Build the most famous monuments of United States of America in this bundle of 5 time management games !","none","1","","9.99","1.08","Accessories","cj,accessories,gamesforall","https://www.yuplay.com/media/products/5-in-1-pack-monument-builders-destination-usa/616/cac1570ae9a3976234719dcd770185981c4e8b99.jpg","https://www.yuplay.com/product/5-in-1-pack-monument-builders-destination-usa/?partner=cj","Ver Oferta","CJ","Games for All"
"external","cj-18a2722cc456376fc7ba","Helldorado","1","1","visible","Welcome to Helldorado. Shoot your way in&#8230; and out&#8230; if you can!1883, SANTA FE. Peace in this town has shattered by a shocking kidnapping. As John ...","Welcome to Helldorado. Shoot your way in&#8230; and out&#8230; if you can!1883, SANTA FE. Peace in this town has shattered by a shocking kidnapping. As John ...","none","1","","9.99","1.08","Accessories","cj,accessories,thqnordic","https://www.yuplay.com/media/products/helldorado/616/6a7e90b1c531a1cee4f1ae00fa933522544e8cb3.jpg","https://www.yuplay.com/product/helldorado/?partner=cj","Ver Oferta","CJ","THQ Nordic"
"external","cj-06e621cf76a1ea9d9f82","KungFu Kickball","1","1","visible","KungFu Kickball is the fighting-sports game where the best ball kicker wins! Punch, kick, and headbutt your way across the field to smash the ball into your ...","KungFu Kickball is the fighting-sports game where the best ball kicker wins! Punch, kick, and headbutt your way across the field to smash the ball into your ...","none","1","","15.99","1.73","Sports","cj,sports,blowfishstudios","https://www.yuplay.com/media/products/kungfu-kickball/616/f6db004c692faba4406c2a6bf91e2e5ac58a13c1.jpg","https://www.yuplay.com/product/kungfu-kickball/?partner=cj","Ver Oferta","CJ","Blowfish Studios"
"external","cj-3200d78fdd30edd93197","Watch This!","1","1","visible","&#171;Watch This!&#187; is a first-person single player platformer with horror elements.","&#171;Watch This!&#187; is a first-person single player platformer with horror elements.","none","1","","4.99","0.54","Accessories","cj,accessories,civilsavages","https://www.yuplay.com/media/products/watch-this/616/210c542249745824379aec8b10471bd0c7f4f424.jpg","https://www.yuplay.com/product/watch-this/?partner=cj","Ver Oferta","CJ","CivilSavages"
"external","cj-171c147a1495dbc37193","Spellforce - Platinum Edition","1","1","visible","SpellForce Platinum features three games in one box - SpellForce Gold Edition, which includes The Order of the Dawn and Breath of Winter, plus the expansion ...","SpellForce Platinum features three games in one box - SpellForce Gold Edition, which includes The Order of the Dawn and Breath of Winter, plus the expansion ...","none","1","","9.95","1.08","Home","cj,home,thqnordic","https://www.yuplay.com/media/products/spellforce-platinum-edition/616/e3d2f35ad0528d7936bb46b92ca1043aacdf1ea3.jpg","https://www.yuplay.com/product/spellforce-platinum-edition/?partner=cj","Ver Oferta","CJ","THQ Nordic"
"external","cj-2ce47432d00cad926166","Letters - a written adventure","1","1","visible","Handwritten nostalgiaJourney back to the 90s and move through beautifully hand-drawn letters, as you follow the life of Sarah. Learn more about her friends, ...","Handwritten nostalgiaJourney back to the 90s and move through beautifully hand-drawn letters, as you follow the life of Sarah. Learn more about her friends, ...","none","1","","14.99","1.63","Accessories","cj,accessories,pidgames","https://www.yuplay.com/media/products/letters-a-written-adventure/616/871546ac10a4b881ed8502774eb57c0fbe88fe06.jpg","https://www.yuplay.com/product/letters-a-written-adventure/?partner=cj","Ver Oferta","CJ","PID Games"
"external","cj-0e854a60e67b5cb04fad","Let Them Come","1","1","visible","Let Them Come is a fast paced pixel art shoot em up. Twitchy trigger fingers and focused battle tactics are the order of the day as wave after wave of alien-...","Let Them Come is a fast paced pixel art shoot em up. Twitchy trigger fingers and focused battle tactics are the order of the day as wave after wave of alien-...","none","1","","7.99","0.87","Accessories","cj,accessories,versusevil","https://www.yuplay.com/media/products/let-them-come/616/c5d08b2f6f5c5f9605ceeb5a4be2e201b44cb33c.jpg","https://www.yuplay.com/product/let-them-come/?partner=cj","Ver Oferta","CJ","Versus Evil"
"external","cj-148a14bf52b6171cd7cd","Eisenwald: Blood of November","1","1","visible","Eisenwald: Blood of November is a new sandbox adventure in the world of Eisenwald. Take up your arms and fight for your cause.","Eisenwald: Blood of November is a new sandbox adventure in the world of Eisenwald. Take up your arms and fight for your cause.","none","1","","8.99","0.98","Accessories","cj,accessories,gamesdimension","https://www.yuplay.com/media/products/eisenwald-blood-of-november/616/a2c806f9cfc63c92a5a36fdd3ce6ca0cf56f7bcf.jpg","https://www.yuplay.com/product/eisenwald-blood-of-november/?partner=cj","Ver Oferta","CJ","Games Dimension"
"external","cj-3d4e5681501aa04b937b","Mini Thief","1","1","visible","Can you escape with the loot? Play as the Master Thief and steal as much as you can.","Can you escape with the loot? Play as the Master Thief and steal as much as you can.","none","1","","4.99","0.55","Accessories","cj,accessories,strangagames","https://www.yuplay.com/media/products/mini-thief/616/8e64fadc2af712463a3e95d5071e6695d77e0970.jpg","https://www.yuplay.com/product/mini-thief/?partner=cj","Ver Oferta","CJ","Stranga Games"
"external","cj-1fffa4f387b0e2c1a761","Knights of Pen and Paper + 1 Edition","1","1","visible","Set out on a grand adventure in this turn-based retro style pixel-art RPG, inspired by the great titles of the 90's, where players take on the roles of in-ga...","Set out on a grand adventure in this turn-based retro style pixel-art RPG, inspired by the great titles of the 90's, where players take on the roles of in-ga...","none","1","","9.99","1.12","Books","cj,books,paradoxinteractive","https://www.yuplay.com/media/products/knights-of-pen-and-paper-1-edition/616/1528dacee5004e22731f2f5b9121cfa76728ca88.jpg","https://www.yuplay.com/product/knights-of-pen-and-paper-1-edition/?partner=cj","Ver Oferta","CJ","Paradox Interactive"
"external","cj-38917aa425dcd68ca4a0","The Dark Eye Demonicon","1","1","visible","The Dark Eye - Demonicon is a thrilling action-RPG set in the extraordinarily popular universe of &#8220;The Dark Eye&#8221;, a richly crafted fantasy world ...","The Dark Eye - Demonicon is a thrilling action-RPG set in the extraordinarily popular universe of &#8220;The Dark Eye&#8221;, a richly crafted fantasy world ...","none","1","","9.99","1.12","Accessories","cj,accessories,kalypsomedia","https://www.yuplay.com/media/products/the-dark-eye/616/666d0d512813ace632f1436eb433237b9e7fee56.jpg","https://www.yuplay.com/product/the-dark-eye/?partner=cj","Ver Oferta","CJ","Kalypso Media"
"external","cj-030b6ee3c69024bd732d","TRISTOY","1","1","visible","TRISTOY is a story-driven 2D co-op platformer designed from the ground up exclusively for two player co-operative gaming enjoyment!Set in Tristoy, an ancient...","TRISTOY is a story-driven 2D co-op platformer designed from the ground up exclusively for two player co-operative gaming enjoyment!Set in Tristoy, an ancient...","none","1","","6.99","0.79","Electronics","cj,electronics,headup","https://www.yuplay.com/media/products/tristoy/616/deb958d05e5cbf80ec06deb36c602d7cdfffbaac.jpg","https://www.yuplay.com/product/tristoy/?partner=cj","Ver Oferta","CJ","Headup"
"external","cj-1e73c3d763e7513611b7","Pathfinder Adventures","1","1","visible","Pathfinder Adventures translates the best-selling Pathfinder Adventure Card Game into an entirely new breed of digital card game, where players adventure col...","Pathfinder Adventures translates the best-selling Pathfinder Adventure Card Game into an entirely new breed of digital card game, where players adventure col...","none","1","","9.99","1.13","Accessories","cj,accessories,plugindigital","https://www.yuplay.com/media/products/pathfinder-adventures/616/ed32944763a80a47b70e5157d6e3f21054525afd.jpg","https://www.yuplay.com/product/pathfinder-adventures/?partner=cj","Ver Oferta","CJ","Plug In Digital"
"external","cj-2ac3d680d61edc726e45","Darkstar One","1","1","visible","Centuries have passed since the great galactic war. Since then, the numerous races within the universe have attempted to live peacefully next to each other. ...","Centuries have passed since the great galactic war. Since then, the numerous races within the universe have attempted to live peacefully next to each other. ...","none","1","","9.99","1.13","Accessories","cj,accessories,strategyfirst","https://www.yuplay.com/media/products/darkstar-one/616/6be1a04ebdcbcfb2fc390cddb6f87e79c9364e69.jpg","https://www.yuplay.com/product/darkstar-one/?partner=cj","Ver Oferta","CJ","Strategy First"
"external","cj-15810120cd9b2d0d7be1","Lords of the Fallen - Ancient Labyrinth","1","1","visible","Discover a new campaign in the long-forgotten library, locked away between the human and demonic realms millennia ago.","Discover a new campaign in the long-forgotten library, locked away between the human and demonic realms millennia ago.","none","1","","7.99","0.91","Accessories","cj,accessories,cigames","https://www.yuplay.com/media/products/lords-of-the-fallen-ancient-labyrinth/616/2a56f0bcb9299e939c9ca440c4764011759c0247.jpg","https://www.yuplay.com/product/lords-of-the-fallen-ancient-labyrinth/?partner=cj","Ver Oferta","CJ","CI Games"
"external","cj-08076aa21d5f4e87768e","Orten Was The Case","1","1","visible","Orten Was The Case - A free movement puzzle/adventure game where you play as a youngster stuck in a time loop with the simple task of saving the world..","Orten Was The Case - A free movement puzzle/adventure game where you play as a youngster stuck in a time loop with the simple task of saving the world..","none","1","","14.99","1.71","Accessories","cj,accessories,woodhillinteractive","https://www.yuplay.com/media/products/orten-was-the-case/616/0617aa86c8aa2e527d8946201c46827e28f36ad9.jpg","https://www.yuplay.com/product/orten-was-the-case/?partner=cj","Ver Oferta","CJ","Woodhill Interactive"
"external","cj-1d24ddd1e3153c5a40a6","Near Impact","1","1","visible","The nations of Earth were on the verge of war when the first asteroid struck. It was soon followed by a second, then a third, then more falling in a cascade ...","The nations of Earth were on the verge of war when the first asteroid struck. It was soon followed by a second, then a third, then more falling in a cascade ...","none","1","","9.99","1.14","Accessories","cj,accessories,strategyfirst","https://www.yuplay.com/media/products/near-impact/616/9ed92bcf51f74e29732d73dcc6d07319665441be.jpg","https://www.yuplay.com/product/near-impact/?partner=cj","Ver Oferta","CJ","Strategy First"
"external","cj-0ff5b2374f6a6b3f26a5","Paper Beast - Folded Edition","1","1","visible","An adventure and exploration game about wildlife in a dreamlike universe.Somewhere in the abyssal depths of the internet, life has blossomed. You are the fir...","An adventure and exploration game about wildlife in a dreamlike universe.Somewhere in the abyssal depths of the internet, life has blossomed. You are the fir...","none","1","","16.99","1.94","Books","cj,books,plugindigital","https://www.yuplay.com/media/products/paper-beast-folded-edition/616/5e4cc2486f5ceff69c310ade69c127e4a9b87940.jpg","https://www.yuplay.com/product/paper-beast-folded-edition/?partner=cj","Ver Oferta","CJ","Plug In Digital"
"external","cj-180794332c7de5f32464","Nihilumbra","1","1","visible","Discover the beautiful world of Nihilumbra and join Born on his adventure to find himself whilst trying to escape from his inevitable curse.","Discover the beautiful world of Nihilumbra and join Born on his adventure to find himself whilst trying to escape from his inevitable curse.","none","1","","6.99","0.80","Home","cj,home,beautifungames","https://www.yuplay.com/media/products/nihilumbra/616/e5001c6172cf05255330d9b21c334b1aed0282c0.jpg","https://www.yuplay.com/product/nihilumbra/?partner=cj","Ver Oferta","CJ","BeautiFun Games"
"external","cj-0c28f192265fbe96e6a5","Dragon Ball FighterZ - FighterZ Edition","1","1","visible","DRAGON BALL FighterZ is born from what makes the DRAGON BALL series so loved and famous: endless spectacular fights with its all-powerful fighters. Partnerin...","DRAGON BALL FighterZ is born from what makes the DRAGON BALL series so loved and famous: endless spectacular fights with its all-powerful fighters. Partnerin...","none","1","","94.98","10.88","Sports","cj,sports,bandainamcoentertainmentinc","https://www.yuplay.com/media/products/dragon-ball-fighterz-fighterz-edition/616/d318811941b0dd7a4d319b27cd6e5dfbeb37a633.jpg","https://www.yuplay.com/product/dragon-ball-fighterz-fighterz-edition/?partner=cj","Ver Oferta","CJ","Bandai Namco Entertainment Inc"
"external","cj-168599a652921730488e","OF MICE AND SAND -REVISED-","1","1","visible","""Of MICE and SAND -REVISED-"" puts you in charge of a desert craft and its rodent crew. Brave an alien planet, and turn your squeaking subordinates into first...","""Of MICE and SAND -REVISED-"" puts you in charge of a desert craft and its rodent crew. Brave an alien planet, and turn your squeaking subordinates into first...","none","1","","9.99","1.15","Accessories","cj,accessories,arcsystemworks","https://www.yuplay.com/media/products/of-mice-and-sand-revised-/616/5b0fecea9ae500b600b15d7df18f9329f7c7d9e6.jpg","https://www.yuplay.com/product/of-mice-and-sand-revised-/?partner=cj","Ver Oferta","CJ","Arc System Works"
"external","cj-3f12fbf6338f0450b963","Razor 2: Hidden Skies","1","1","visible","Razor2: Hidden Skies Razor2: Hidden Skies is a top view shooter. The game has the style of successful classic arcade games, while using the latest technology...","Razor2: Hidden Skies Razor2: Hidden Skies is a top view shooter. The game has the style of successful classic arcade games, while using the latest technology...","none","1","","9.99","1.15","Electronics","cj,electronics,strategyfirst","https://www.yuplay.com/media/products/razor-2-hidden-skies/616/01ddb6697f631ee9044a1b9d04f46e1a3978fa7b.jpg","https://www.yuplay.com/product/razor-2-hidden-skies/?partner=cj","Ver Oferta","CJ","Strategy First"
"external","cj-353eccb54419578d1060","Black Book","1","1","visible","A fusion of card-based RPGs and Adventure games, &#8220;Black Book&#8221; is a haunting tale of a young sorceress, who gave her life to serve the dark forces...","A fusion of card-based RPGs and Adventure games, &#8220;Black Book&#8221; is a haunting tale of a young sorceress, who gave her life to serve the dark forces...","none","1","","24.99","2.88","Books","cj,books,hypetraindigital","https://www.yuplay.com/media/products/black-book/616/2803f52179a260814168f0b6f17b10453851ca59.jpg","https://www.yuplay.com/product/black-book/?partner=cj","Ver Oferta","CJ","HypeTrain Digital"
"external","cj-18d531af3d2a31bac307","SANYA","1","1","visible","A playful narrative adventure about the warmth of fleeting childhood memories: about a little boy named Sanya, rescuing a stray puppy, making true friends..","A playful narrative adventure about the warmth of fleeting childhood memories: about a little boy named Sanya, rescuing a stray puppy, making true friends..","none","1","","14.79","1.71","Accessories","cj,accessories,helpnode","https://www.yuplay.com/media/products/sanya/616/701d0fb547effe381e1c0186836afbe3f260955f.jpg","https://www.yuplay.com/product/sanya/?partner=cj","Ver Oferta","CJ","helpnode"
"external","cj-387ed50c5706542ac67d","Read Only Memories: NEURODIVER","1","1","visible","You Are A Psychic AgentTake on the role of ES88, a young esper employed by MINERVA, a powerful organization specializing in information science, neurotechnol...","You Are A Psychic AgentTake on the role of ES88, a young esper employed by MINERVA, a powerful organization specializing in information science, neurotechnol...","none","1","","14.79","1.71","Electronics","cj,electronics,chorusworldwidegames","https://www.yuplay.com/media/products/read-only-memories-neurodiver/616/3aa721cd4734f48dae81f72dbe1ff3fea38d3626.jpg","https://www.yuplay.com/product/read-only-memories-neurodiver/?partner=cj","Ver Oferta","CJ","Chorus Worldwide Games"
"external","cj-40cc515845a96f74d288","The Guild 2","1","1","visible","The last crusade, which started 6 years before, ended in a horrible defeat when the crusaders failed to conquer Nikopolis before being reached by the armies ...","The last crusade, which started 6 years before, ended in a horrible defeat when the crusaders failed to conquer Nikopolis before being reached by the armies ...","none","1","","9.99","1.16","Accessories","cj,accessories,thqnordic","https://www.yuplay.com/media/products/the-guild-2/616/aaf2c00ac790b97c812f2603aa1b6f0aea2977a2.jpg","https://www.yuplay.com/product/the-guild-2/?partner=cj","Ver Oferta","CJ","THQ Nordic"
"external","cj-007a4ecd50d1d03aec0d","The Protagonist: EX-1","1","1","visible","The Protagonist: EX-1 is a gripping new turn-based, tactical RPG. Youre a highly trained soldier on a mission to infiltrate an alien space station that goes ...","The Protagonist: EX-1 is a gripping new turn-based, tactical RPG. Youre a highly trained soldier on a mission to infiltrate an alien space station that goes ...","none","1","","11.59","1.35","Accessories","cj,accessories,plugindigital","https://www.yuplay.com/media/products/the-protagonist-ex-1/616/4a8de7a4752c2168a919580b0264cc8d5d9ca196.jpg","https://www.yuplay.com/product/the-protagonist-ex-1/?partner=cj","Ver Oferta","CJ","Plug In Digital"
"external","cj-20a25c195652ab174c9c","TEKKEN 7 - Originals Edition","1","1","visible","The Originals Edition includes the full game with the 12 TEKKEN series original character packs, as well as the new frame data feature.","The Originals Edition includes the full game with the 12 TEKKEN series original character packs, as well as the new frame data feature.","none","1","","89.99","10.50","Books","cj,books,bandainamcoentertainmentinc","https://www.yuplay.com/media/products/tekken-7-originals-edition/616/96946ad5142998773e1f900ddc36acc6985905ea.jpg","https://www.yuplay.com/product/tekken-7-originals-edition/?partner=cj","Ver Oferta","CJ","Bandai Namco Entertainment Inc"
"external","cj-2372c671833143326e14","TerraTech","1","1","visible","TerraTech is an open-world, sandbox adventure game, where you design and build your own creations through a mix of crafting, combat and discovery. Design car...","TerraTech is an open-world, sandbox adventure game, where you design and build your own creations through a mix of crafting, combat and discovery. Design car...","none","1","","24.99","2.92","Electronics","cj,electronics,payloadstudios","https://www.yuplay.com/media/products/terratech/616/a875cf4feaeef335c45119dabbd73fe562aad95f.jpg","https://www.yuplay.com/product/terratech/?partner=cj","Ver Oferta","CJ","Payload Studios"
"external","cj-33a6d5ca81830b4fc951","Farming Life","1","1","visible","Become the greatest agricultural entrepreneur! Are you tired of corporate life? Create your own farm from scratch! Plant vegetables and fruits, harvest crops...","Become the greatest agricultural entrepreneur! Are you tired of corporate life? Create your own farm from scratch! Plant vegetables and fruits, harvest crops...","none","1","","9.99","1.17","Home","cj,home,ultimategamessa","https://www.yuplay.com/media/products/farming-life/616/eccdd54eb6007a03490ece0a2f4144d4be400aaa.jpg","https://www.yuplay.com/product/farming-life/?partner=cj","Ver Oferta","CJ","Ultimate Games S.A"
"external","cj-3f5e2ed9349a645b12ed","NecroVision: Hardcore Edition","1","1","visible","This bundle includes: NecroVision and NecroVisioN: Lost Company.","This bundle includes: NecroVision and NecroVisioN: Lost Company.","none","1","","9.99","1.17","Home","cj,home,fulqrumpublishing","https://www.yuplay.com/media/products/necrovision-hardcore-edition/616/91ed0861726a8a256bb81aa6642e372872925fa6.jpg","https://www.yuplay.com/product/necrovision-hardcore-edition/?partner=cj","Ver Oferta","CJ","Fulqrum Publishing"
"external","cj-4034af3e3826d9658395","Welcome to Elk","1","1","visible","Welcome to Elk is a biographical adventure set on an island like no other, where every character you encounter has a story to tell. From the weird and wonder...","Welcome to Elk is a biographical adventure set on an island like no other, where every character you encounter has a story to tell. From the weird and wonder...","none","1","","12.49","1.47","Accessories","cj,accessories,tripletopping","https://www.yuplay.com/media/products/welcome-to-elk/616/5ef9b423297896d915f60adf7765ba6f6531447e.jpg","https://www.yuplay.com/product/welcome-to-elk/?partner=cj","Ver Oferta","CJ","Triple Topping"
"external","cj-3daf0ec744079a74a273","Pizza Express","1","1","visible","Pizza Express is a fast-paced restaurant simulation for Windows, developed by one-man studio Onni Interactive, where you'll join the laborious Gastone and hi...","Pizza Express is a fast-paced restaurant simulation for Windows, developed by one-man studio Onni Interactive, where you'll join the laborious Gastone and hi...","none","1","","5.69","0.67","Accessories","cj,accessories,plugindigital","https://www.yuplay.com/media/products/pizza-express/616/1b7e78bec08893e127fe6b3f281da1b8568a655c.jpg","https://www.yuplay.com/product/pizza-express/?partner=cj","Ver Oferta","CJ","Plug In Digital"
"external","cj-1c49afca20a637dfb7b3","The Procession to Calvary","1","1","visible","Pilfer from pirates, conspire with cardinals and perform miracles with an incompetent magician.","Pilfer from pirates, conspire with cardinals and perform miracles with an incompetent magician.","none","1","","9.49","1.13","Accessories","cj,accessories,akuparagames","https://www.yuplay.com/media/products/the-procession-to-calvary/616/aeaf0bbddacc6ee381023c0e6f11558683bcbb7b.jpg","https://www.yuplay.com/product/the-procession-to-calvary/?partner=cj","Ver Oferta","CJ","Akupara Games"
"external","cj-1a6042a49c9da2e0b54c","Almighty: Kill Your Gods - Ancestor Edition","1","1","visible","Hunt demons, monsters, and gods solo or online with friends in this action RPG. Run, leap and fly across islands, ripping your foes to pieces, and rebuilding...","Hunt demons, monsters, and gods solo or online with friends in this action RPG. Run, leap and fly across islands, ripping your foes to pieces, and rebuilding...","none","1","","31.49","3.75","Books","cj,books,versusevil","https://www.yuplay.com/media/products/almighty-kill-your-gods-ancestor-edition/616/925aba6dd7b5f57873e7bff870bbb8b2ef00b4fb.jpg","https://www.yuplay.com/product/almighty-kill-your-gods-ancestor-edition/?partner=cj","Ver Oferta","CJ","Versus Evil"
"external","cj-309fa81e33b501b43d43","Pendula Swing: The Complete Edition","1","1","visible","Pendula Swing is a point & click adventure game set in a fantasy version of the American Roaring 1920s. Picture the glamour and turbulence of the 20s in a wo...","Pendula Swing is a point & click adventure game set in a fantasy version of the American Roaring 1920s. Picture the glamour and turbulence of the 20s in a wo...","none","1","","10.79","1.29","Books","cj,books,valiantgamestudioab","https://www.yuplay.com/media/products/pendula-swing-the-complete-edition/616/a7d6a24e02da67e9a3ada6d868cfe3bd43cc4299.jpg","https://www.yuplay.com/product/pendula-swing-the-complete-edition/?partner=cj","Ver Oferta","CJ","Valiant Game Studio AB"
"external","cj-0624ed56959d13fed6ad","Tiny Witch","1","1","visible","In Tiny Witch, you are a little witch left in charge of a magic wizard store located in a town full of dungeon masters. Activate your spells, unlock new reci...","In Tiny Witch, you are a little witch left in charge of a magic wizard store located in a town full of dungeon masters. Activate your spells, unlock new reci...","none","1","","9.75","1.17","Accessories","cj,accessories,creativehand","https://www.yuplay.com/media/products/tiny-witch/616/354a0cd4d60415b3c8e4cf98ebcd6cdc18f892b7.jpg","https://www.yuplay.com/product/tiny-witch/?partner=cj","Ver Oferta","CJ","Creative Hand"
"external","cj-01cf505a42f656f3b972","Epistory","1","1","visible","Epistory is the adventure of a writer in lack of inspiration who asks his muse for help to write his latest book. The game immerses you in an atmospheric thi...","Epistory is the adventure of a writer in lack of inspiration who asks his muse for help to write his latest book. The game immerses you in an atmospheric thi...","none","1","","14.99","1.80","Books","cj,books,plugindigital","https://www.yuplay.com/media/products/epistory-typing-chronicles/616/2a59cfb25da094b19481f48a30ac51963d62a6de.jpg","https://www.yuplay.com/product/epistory-typing-chronicles/?partner=cj","Ver Oferta","CJ","Plug In Digital"
"external","cj-14a03bc07d7a03f4d80f","Tropico 6 Lobbyistico","1","1","visible","What do the European Union and corruption have in common? Nothing of course, since the EU is as pure as a drop of the finest Tropican rum. So why not run a f...","What do the European Union and corruption have in common? Nothing of course, since the EU is as pure as a drop of the finest Tropican rum. So why not run a f...","none","1","","9.99","1.20","Accessories","cj,accessories,kalypsomedia","https://www.yuplay.com/media/products/tropico-6-lobbyistico/616/444c724e388817253dee6726015202f9da225702.jpg","https://www.yuplay.com/product/tropico-6-lobbyistico/?partner=cj","Ver Oferta","CJ","Kalypso Media"
"external","cj-23c0c9a7937015778e31","Seasons After Fall","1","1","visible","Seasons After Fall is a 2D puzzle-adventure game that will let you dive into a captivating universe and explore a land governed by magic and nature. As a wil...","Seasons After Fall is a 2D puzzle-adventure game that will let you dive into a captivating universe and explore a land governed by magic and nature. As a wil...","none","1","","9.99","1.20","Accessories","cj,accessories,focusentertainment","https://www.yuplay.com/media/products/seasons-after-fall/616/60e89f062848a8b01b5fcd34860b3211fbaf52ce.jpg","https://www.yuplay.com/product/seasons-after-fall/?partner=cj","Ver Oferta","CJ","Focus Entertainment"
"external","cj-2c415e93d0ab3c0ac1ff","The Technomancer","1","1","visible","The Technomancer is a sci-fi RPG set on Mars, featuring dynamic combat and an epic story line, where your choices will affect the fate of the Red Planet. You...","The Technomancer is a sci-fi RPG set on Mars, featuring dynamic combat and an epic story line, where your choices will affect the fate of the Red Planet. You...","none","1","","9.99","1.20","Electronics","cj,electronics,focusentertainment","https://www.yuplay.com/media/products/the-technomancer/616/c3d5273a7923a2729e3c7a84ac1c3a3f29175eb9.jpg","https://www.yuplay.com/product/the-technomancer/?partner=cj","Ver Oferta","CJ","Focus Entertainment"
"external","cj-3f064b0351610af54554","YouRiding - Surfing and Bodyboarding Game","1","1","visible","YouRiding is a realistic surfing and bodyboarding game taking you to the best waves in the world.Since 2007, YouRiding has been the reference in surfing and ...","YouRiding is a realistic surfing and bodyboarding game taking you to the best waves in the world.Since 2007, YouRiding has been the reference in surfing and ...","none","1","","9.99","1.20","Accessories","cj,accessories,boardscoreinc","https://www.yuplay.com/media/products/youriding-surfing-and-bodyboarding-game/616/cd508e7c0df9c207f1dffb1a0bfc9992eb4a175c.jpg","https://www.yuplay.com/product/youriding-surfing-and-bodyboarding-game/?partner=cj","Ver Oferta","CJ","Boardscore Inc"
"external","cj-174c4a9e51680d78a1af","AquaNox","1","1","visible","The water is no longer calm. The undersea world has undergone a transformation from tranquil environment to a place of unspeakable violence, graphic murder a...","The water is no longer calm. The undersea world has undergone a transformation from tranquil environment to a place of unspeakable violence, graphic murder a...","none","1","","4.99","0.60","Sports","cj,sports,thqnordic","https://www.yuplay.com/media/products/aquanox/616/1a8b7ca82372e2cc23ffdccb1707bfa692e19ffb.jpg","https://www.yuplay.com/product/aquanox/?partner=cj","Ver Oferta","CJ","THQ Nordic"
"external","cj-1b23ad261e5f4479764e","Unity of Command Red Turn The Road to Berlin 1943-45","1","1","visible","Dying days of the Stalingrad Campaign saw the Wehrmacht reeling under heavy blows. The battle of Kursk will now see them pursue an offensive agenda for one l...","Dying days of the Stalingrad Campaign saw the Wehrmacht reeling under heavy blows. The battle of Kursk will now see them pursue an offensive agenda for one l...","none","1","","4.99","0.60","Accessories","cj,accessories,2x2games","https://www.yuplay.com/media/products/unity-of-command-red-turn-the-road-to-berlin-1943-45/616/f3539550668dd8423ccd385482e4dbfee34a9070.jpg","https://www.yuplay.com/product/unity-of-command-red-turn-the-road-to-berlin-1943-45/?partner=cj","Ver Oferta","CJ","2x2 Games"
"external","cj-111eae0e1ad8f1758bdc","Wars Across The World","1","1","visible","The WAW base pack, contains the game engine, the tutorial and 10 different scenarios (and can make use of all future DLCs and packs): HAMILKAR 264, the long ...","The WAW base pack, contains the game engine, the tutorial and 10 different scenarios (and can make use of all future DLCs and packs): HAMILKAR 264, the long ...","none","1","","9.99","1.21","Accessories","cj,accessories,plugindigital","https://www.yuplay.com/media/products/wars-across-the-world/616/47bb86d747175d9753187f6783cc0a82e17bc04b.jpg","https://www.yuplay.com/product/wars-across-the-world/?partner=cj","Ver Oferta","CJ","Plug In Digital"
"external","cj-26b99facc1f417139556","Saviorless","1","1","visible","Embark on a journey to The Smiling Islands, the realm of the Saviors, where an enigmatic guide beckons.","Embark on a journey to The Smiling Islands, the realm of the Saviors, where an enigmatic guide beckons.","none","1","","12.99","1.58","Sports","cj,sports,dearvillagers","https://www.yuplay.com/media/products/saviorless/616/f39e9cae79259fff7b1e2919b433e94f26cd0765.jpg","https://www.yuplay.com/product/saviorless/?partner=cj","Ver Oferta","CJ","Dear Villagers"
"external","cj-3cf1c86076e073d02147","Fell Seal: Arbiter's Mark - Missions and Monsters","1","1","visible","Missions and Monsters is the first expansion to Fell Seal: Arbiter's Mark and brings several new additions to enrich the gameplay. You'll now be able to recr...","Missions and Monsters is the first expansion to Fell Seal: Arbiter's Mark and brings several new additions to enrich the gameplay. You'll now be able to recr...","none","1","","12.99","1.58","Home","cj,home,fulqrumpublishing","https://www.yuplay.com/media/products/fell-seal-arbiters-mark-missions-and-monsters/616/92f5112f76e4b10c59a1752db2befa75546a85cc.jpg","https://www.yuplay.com/product/fell-seal-arbiters-mark-missions-and-monsters/?partner=cj","Ver Oferta","CJ","Fulqrum Publishing"
"external","cj-020c86883d7f1e835ad7","Puzzle Pieces 5: Fairy Ring","1","1","visible","Go on a Wonderful Jigsaw Journey and earn Mana to reveal a Magical World. Enjoy this interesting puzzle images in this fairy adventure.","Go on a Wonderful Jigsaw Journey and earn Mana to reveal a Magical World. Enjoy this interesting puzzle images in this fairy adventure.","none","1","","9.75","1.19","Accessories","cj,accessories,dendagames","https://www.yuplay.com/media/products/puzzle-pieces-5-fairy-ring/616/22aa0b5a6539111dc41def2ec7808a2c4b207aa3.jpg","https://www.yuplay.com/product/puzzle-pieces-5-fairy-ring/?partner=cj","Ver Oferta","CJ","Denda Games"
"external","cj-01381664538f49d40a36","Ironclads 2: Caroline Islands War 1885","1","1","visible","Create your fleet and army, hunt the enemy's fleet, hide your weak squadrons in protected ports until reinforcements arrive, blockade enemy trade routes, amp...","Create your fleet and army, hunt the enemy's fleet, hide your weak squadrons in protected ports until reinforcements arrive, blockade enemy trade routes, amp...","none","1","","9.99","1.22","Accessories","cj,accessories,strategyfirst","https://www.yuplay.com/media/products/ironclads-2-caroline-islands-war-1885/616/a65777076ed2854d0a7db42b5685cba5aee54578.jpg","https://www.yuplay.com/product/ironclads-2-caroline-islands-war-1885/?partner=cj","Ver Oferta","CJ","Strategy First"
"external","cj-31862ba9c081a387b8e6","RONIN: Two Souls CHAPTER 1","1","1","visible","In this fictional world, witness the journey of Kenji, who lives on a small island in a deserted corner of Japan, meet other people and lead the story of Ken...","In this fictional world, witness the journey of Kenji, who lives on a small island in a deserted corner of Japan, meet other people and lead the story of Ken...","none","1","","12.49","1.53","Home","cj,home,m11studio","https://www.yuplay.com/media/products/ronin-two-souls-chapter-1/616/e649dc72dae353897f94d9d59721071ebadd45a2.jpg","https://www.yuplay.com/product/ronin-two-souls-chapter-1/?partner=cj","Ver Oferta","CJ","M11 Studio"
"external","cj-14ef02ac8dc502f011e6","Psycho Wolf","1","1","visible","Psycho wolf is an indie stealth game, which draws inspiration for its unique graphic style from the first 3D games of the mid '90s.The gameplay itself is the...","Psycho wolf is an indie stealth game, which draws inspiration for its unique graphic style from the first 3D games of the mid '90s.The gameplay itself is the...","none","1","","7.99","0.98","Sports","cj,sports,ultimategamessa","https://www.yuplay.com/media/products/psycho-wolf/616/96aa6aa0d0846c7d8a2a4589e57547c2b51d5b3c.jpg","https://www.yuplay.com/product/psycho-wolf/?partner=cj","Ver Oferta","CJ","Ultimate Games S.A"
"external","cj-27cea3d8aedc03d68b7b","3D Arcade Fishing","1","1","visible","Feel like some seriously casual bit of fishing fun full of excitement? 3D Arcade Fishing will take you on an action-packed fishing adventure at stunningly be...","Feel like some seriously casual bit of fishing fun full of excitement? 3D Arcade Fishing will take you on an action-packed fishing adventure at stunningly be...","none","1","","3.99","0.49","Accessories","cj,accessories,familyplay","https://www.yuplay.com/media/products/3d-arcade-fishing/616/fcae0b0ce74681580b918b09dcded726b6390789.jpg","https://www.yuplay.com/product/3d-arcade-fishing/?partner=cj","Ver Oferta","CJ","familyplay"
"external","cj-1e8f141cec3b1cb754fd","Genopanic","1","1","visible","Genopanic is a pixel-art, Metroidvania-inspired adventure-platformer.","Genopanic is a pixel-art, Metroidvania-inspired adventure-platformer.","none","1","","8.79","1.09","Home","cj,home,mobirate","https://www.yuplay.com/media/products/genopanic/616/41b9db25efcbdfd630301dfa8faf8e13b8fdc47a.jpg","https://www.yuplay.com/product/genopanic/?partner=cj","Ver Oferta","CJ","Mobirate"
"external","cj-0b169f288d831fcae7d1","Semblance","1","1","visible","Semblance is an innovative platformer with deformable terrain, set in a beautiful minimalist world. It's a game that asks, what if you could deform and resha...","Semblance is an innovative platformer with deformable terrain, set in a beautiful minimalist world. It's a game that asks, what if you could deform and resha...","none","1","","9.99","1.24","Accessories","cj,accessories,goodshepherdentertainment","https://www.yuplay.com/media/products/semblance/616/c5290bd5a0517462745b5202c7ad26935200f27d.jpg","https://www.yuplay.com/product/semblance/?partner=cj","Ver Oferta","CJ","Good Shepherd Entertainment"
"external","cj-01e3b4d583472db4a838","Seven Doors","1","1","visible","Solve challenging puzzles and experience seven different atmospheres. Each one is unique, special and surprising and will test your mind and awaken your wits.","Solve challenging puzzles and experience seven different atmospheres. Each one is unique, special and surprising and will test your mind and awaken your wits.","none","1","","4.99","0.62","Accessories","cj,accessories,soedesco","https://www.yuplay.com/media/products/seven-doors/616/a687ff1b7d09363c20c95c510cc6c86b4ad1b190.jpg","https://www.yuplay.com/product/seven-doors/?partner=cj","Ver Oferta","CJ","SOEDESCO"
"external","cj-084392467c000ec014ad","Hospital Manager","1","1","visible","Choose and hire your doctors and employees, build the departments of your choosing, and manage your finances! Are you thrifty or a big spender? Would you rat...","Choose and hire your doctors and employees, build the departments of your choosing, and manage your finances! Are you thrifty or a big spender? Would you rat...","none","1","","4.99","0.62","Accessories","cj,accessories,plugindigital","https://www.yuplay.com/media/products/hospital-manager/616/2e0154ae3b16fb862a8fe93e3c06f28b676d2214.jpg","https://www.yuplay.com/product/hospital-manager/?partner=cj","Ver Oferta","CJ","Plug In Digital"
"external","cj-2a58e479fa68f36e0565","Lost in Blindness","1","1","visible","Have you ever wondered if you could play a video game, without even looking at the screen?","Have you ever wondered if you could play a video game, without even looking at the screen?","none","1","","4.99","0.62","Electronics","cj,electronics,unseeninteractive","https://www.yuplay.com/media/products/lost-in-blindness/616/3412872b0f81767b24f6d3af0f610bd56143adde.jpg","https://www.yuplay.com/product/lost-in-blindness/?partner=cj","Ver Oferta","CJ","Unseen Interactive"
"external","cj-1018faa16b961e53a039","Disciples II: Rise of the Elves","1","1","visible","The award-winning series Disciples introduced a milestone in the game's very successful history; the introduction of a new race: The Elves. The Elven Race ad...","The award-winning series Disciples introduced a milestone in the game's very successful history; the introduction of a new race: The Elves. The Elven Race ad...","none","1","","6.99","0.87","Accessories","cj,accessories,strategyfirst","https://www.yuplay.com/media/products/disciples-ii-rise-of-the-elves/616/829b2b5a852333dcbf4d7c6ebec2fdcccf791a47.jpg","https://www.yuplay.com/product/disciples-ii-rise-of-the-elves/?partner=cj","Ver Oferta","CJ","Strategy First"
"external","cj-36a18a665530e00f2bec","Almighty: Kill Your Gods - Supporter Pack","1","1","visible","Hunt demons, monsters, and gods solo or online with friends in this action RPG.","Hunt demons, monsters, and gods solo or online with friends in this action RPG.","none","1","","8.99","1.12","Accessories","cj,accessories,versusevil","https://www.yuplay.com/media/products/almighty-kill-your-gods-supporter-pack/616/f6b4fd8227027938f23dde2faa2655cef1046b4e.jpg","https://www.yuplay.com/product/almighty-kill-your-gods-supporter-pack/?partner=cj","Ver Oferta","CJ","Versus Evil"
"external","cj-3018de900e218d7b8f34","Kill it with Fire","1","1","visible","The spider - mankind's most ancient and deadly nemesis. As a licensed Kill It With Fire exterminator, it's time to fight back! Assemble your arsenal of incre...","The spider - mankind's most ancient and deadly nemesis. As a licensed Kill It With Fire exterminator, it's time to fight back! Assemble your arsenal of incre...","none","1","","12.49","1.56","Accessories","cj,accessories,tinybuild","https://www.yuplay.com/media/products/kill-it-with-fire/616/fa6dc9fa110e5b0faf63f7b3a19c3bcb364cd823.jpg","https://www.yuplay.com/product/kill-it-with-fire/?partner=cj","Ver Oferta","CJ","tinyBuild"
"external","cj-2661da493e76117be79b","Assassin's Creed Origins - Gold Edition","1","1","visible","The GOLD EDITION includes the game, the Deluxe pack and the Season Pass, giving you access to all major expansions.ASSASSINS CREED ORIGINS IS A NEW BEGINNING...","The GOLD EDITION includes the game, the Deluxe pack and the Season Pass, giving you access to all major expansions.ASSASSINS CREED ORIGINS IS A NEW BEGINNING...","none","1","","89.99","11.25","Home","cj,home,ubisoft","https://www.yuplay.com/media/products/assassins-creed-origins-gold-edition/616/5fc7e00089fad646008d68b43941aadbc8541a12.jpg","https://www.yuplay.com/product/assassins-creed-origins-gold-edition/?partner=cj","Ver Oferta","CJ","Ubisoft"
"external","cj-10511e381de0c1f0b872","Culpa Innata","1","1","visible","The year is 2047. It is the golden age in mankind's evolution. For the first time in history, countries with significant resources have united under one Worl...","The year is 2047. It is the golden age in mankind's evolution. For the first time in history, countries with significant resources have united under one Worl...","none","1","","9.99","1.25","Accessories","cj,accessories,strategyfirst","https://www.yuplay.com/media/products/culpa-innata/616/af3db6de2a0262cb28c3d68cbd382a52f15cca2e.jpg","https://www.yuplay.com/product/culpa-innata/?partner=cj","Ver Oferta","CJ","Strategy First"
"external","cj-1db1b218a8ed261850c3","Atomicrops","1","1","visible","An action-packed roguelite where you must cultivate and defend the last farm in the post-apocalypse wasteland. Farm mutated crops, marry townsfolk, and kill ...","An action-packed roguelite where you must cultivate and defend the last farm in the post-apocalypse wasteland. Farm mutated crops, marry townsfolk, and kill ...","none","1","","14.99","1.89","Accessories","cj,accessories,rawfurygames","https://www.yuplay.com/media/products/atomicrops/616/029ce97d535e67ce36e585ea02923c17a9ba0ca8.jpg","https://www.yuplay.com/product/atomicrops/?partner=cj","Ver Oferta","CJ","Raw Fury Games"
"external","cj-039fc4f768022dc5f58a","Off-Road Drive","1","1","visible","Off-Road Drive gives players the ability to challenge their driving skills over mud, rocks and Mother Nature. This driving simulator allows players to take p...","Off-Road Drive gives players the ability to challenge their driving skills over mud, rocks and Mother Nature. This driving simulator allows players to take p...","none","1","","4.99","0.63","Accessories","cj,accessories,fulqrumpublishing","https://www.yuplay.com/media/products/off-road-drive/616/2f744bc6fb41f150bc3c46c546a1113b5304ae65.jpg","https://www.yuplay.com/product/off-road-drive/?partner=cj","Ver Oferta","CJ","Fulqrum Publishing"
"external","cj-03d23950d86ceb4e16c3","Commandos: Beyond the Call of Duty","1","1","visible","You have been selected for active service in the Commandos Corps, and must now mobilize in a series of 8 new dangerous missions. You may come with experience...","You have been selected for active service in the Commandos Corps, and must now mobilize in a series of 8 new dangerous missions. You may come with experience...","none","1","","4.99","0.63","Accessories","cj,accessories,kalypsomedia","https://www.yuplay.com/media/products/commandos-beyond-the-call-of-duty/616/3513f6f707f3c2f56d573b0b773d07137fc5609c.jpg","https://www.yuplay.com/product/commandos-beyond-the-call-of-duty/?partner=cj","Ver Oferta","CJ","Kalypso Media"
"external","cj-1b73f0a473ff82790458","Men of War: Red Tide","1","1","visible","Men of War: Red Tide is a sequel to the critically acclaimed RTS Men of War. Red Tide introduces a new story driven campaign based on the writings of Soviet ...","Men of War: Red Tide is a sequel to the critically acclaimed RTS Men of War. Red Tide introduces a new story driven campaign based on the writings of Soviet ...","none","1","","4.99","0.63","Accessories","cj,accessories,fulqrumpublishing","https://www.yuplay.com/media/products/men-of-war-red-tide/616/e9d3f932427e527c5e0af37fbbd06a1e150d167c.jpg","https://www.yuplay.com/product/men-of-war-red-tide/?partner=cj","Ver Oferta","CJ","Fulqrum Publishing"
"external","cj-21438594249e9f2316a5","King's Bounty: Warriors of the North - Ice and Fire","1","1","visible","A small island lost in the sea is covered by snow and ice. It is inhabited by the clan of Snow Elves. Young Olaf, the son of the Northling King, faces his de...","A small island lost in the sea is covered by snow and ice. It is inhabited by the clan of Snow Elves. Young Olaf, the son of the Northling King, faces his de...","none","1","","4.99","0.63","Accessories","cj,accessories,fulqrumpublishing","https://www.yuplay.com/media/products/kings-bounty-warriors-of-the-north-ice-and-fire/616/33f93099cc9f963ed81decb873b75cab7ff5b671.jpg","https://www.yuplay.com/product/kings-bounty-warriors-of-the-north-ice-and-fire/?partner=cj","Ver Oferta","CJ","Fulqrum Publishing"
"external","cj-2c22066b5f82413fe7b9","Drift Streets Japan","1","1","visible","Racing Game about Illegal Night Street Racing. Nice Cars and Advanced Engine Tuning. Most Realistic and Best Physics. Most Quality Graphics","Racing Game about Illegal Night Street Racing. Nice Cars and Advanced Engine Tuning. Most Realistic and Best Physics. Most Quality Graphics","none","1","","4.99","0.63","Home","cj,home,saindustry","https://www.yuplay.com/media/products/drift-streets-japan/616/0cab86c8daf037357bafc6c79e913151aedbeedb.jpg","https://www.yuplay.com/product/drift-streets-japan/?partner=cj","Ver Oferta","CJ","SA Industry"
"external","cj-2fa12d49dc1c96900864","Hatred","1","1","visible","Hatred fills your whole body. Youre sick and tired of humanity's worthless existence. The only thing that matters is your gun and the pure Armageddon that yo...","Hatred fills your whole body. Youre sick and tired of humanity's worthless existence. The only thing that matters is your gun and the pure Armageddon that yo...","none","1","","4.99","0.63","Sports","cj,sports,destructivecreations","https://www.yuplay.com/media/products/hatred/616/12a145161dfd362bd7f24da95f6a7d98d948b017.jpg","https://www.yuplay.com/product/hatred/?partner=cj","Ver Oferta","CJ","Destructive Creations"
"external","cj-3b5fa1146723d4d63139","Tempest - Treasure Lands","1","1","visible","New adventures!","New adventures!","none","1","","4.99","0.63","Accessories","cj,accessories,herocraftpc","https://www.yuplay.com/media/products/tempest-treasure-lands/616/094c206bd0f273050b3acd4d155e3ad16321c013.jpg","https://www.yuplay.com/product/tempest-treasure-lands/?partner=cj","Ver Oferta","CJ","HeroCraft PC"
"external","cj-26be9dc63b0809b60601","Yaga Armful Edition","1","1","visible","Play as Ivan, a one-handed blacksmith with incredibly bad luck, who must take on the impossible tasks given to him by the tzar. All the while the mysterious ...","Play as Ivan, a one-handed blacksmith with incredibly bad luck, who must take on the impossible tasks given to him by the tzar. All the while the mysterious ...","none","1","","31.52","3.99","Books","cj,books,versusevil","https://www.yuplay.com/media/products/yaga-armful-edition/616/e1e720d81cf696d63c4fe31b7297ed6da165c343.jpg","https://www.yuplay.com/product/yaga-armful-edition/?partner=cj","Ver Oferta","CJ","Versus Evil"
"external","cj-2438feae6a70fa186dc7","looK INside - Chapter 2","1","1","visible","What is looK INside ?looK INside (or KIN for friends and family) is a 2.5D point & click narrative game in which you discover the life of a French family fro...","What is looK INside ?looK INside (or KIN for friends and family) is a 2.5D point & click narrative game in which you discover the life of a French family fro...","none","1","","6.99","0.89","Accessories","cj,accessories,pidgames","https://www.yuplay.com/media/products/look-inside-chapter-2/616/e60822aa4276f3b76dcc93343c86983a19ea3338.jpg","https://www.yuplay.com/product/look-inside-chapter-2/?partner=cj","Ver Oferta","CJ","PID Games"
"external","cj-3ff8956a738773453127","Clustertruck","1","1","visible","Clustertruck is a new kind of platformer on-top of a speeding highway!","Clustertruck is a new kind of platformer on-top of a speeding highway!","none","1","","14.99","1.91","Accessories","cj,accessories,tinybuild","https://www.yuplay.com/media/products/clustertruck/616/55eb6435e39ba70577fe3aca72302550aae0b1e8.jpg","https://www.yuplay.com/product/clustertruck/?partner=cj","Ver Oferta","CJ","tinyBuild"
"external","cj-40fcef1dd6a950265a48","Punch Club","1","1","visible","Your father was brutally murdered before your eyes. Now you must train hard, eat chicken and punch dudes in the face to earn your place in the Punch Club ran...","Your father was brutally murdered before your eyes. Now you must train hard, eat chicken and punch dudes in the face to earn your place in the Punch Club ran...","none","1","","9.99","1.28","Accessories","cj,accessories,tinybuild","https://www.yuplay.com/media/products/punch-club/616/1df3a80e285c81ff352c6015c8e41a57ef2183a5.jpg","https://www.yuplay.com/product/punch-club/?partner=cj","Ver Oferta","CJ","tinyBuild"
"external","cj-22acde7d9ba687d0db80","Giana Sisters: Twisted Dreams Rise Of The Owlverlord","1","1","visible","Giana Sisters: Twisted Dreams - Rise of the Owlverlord is a blistering platformer with morphing worlds, featuring seven brand new levels, a new boss and new ...","Giana Sisters: Twisted Dreams - Rise of the Owlverlord is a blistering platformer with morphing worlds, featuring seven brand new levels, a new boss and new ...","none","1","","4.99","0.64","Accessories","cj,accessories,thqnordic","https://www.yuplay.com/media/products/giana-sisters-twisted-dreams-rise-of-the-owlverlord/616/89590f73a575af5da231ec1e6f0f3c84812abefd.jpg","https://www.yuplay.com/product/giana-sisters-twisted-dreams-rise-of-the-owlverlord/?partner=cj","Ver Oferta","CJ","THQ Nordic"
"external","cj-08185ecc768c1a67e4d8","Wife Quest","1","1","visible","Youve got a single purpose in Wife Quest: rescue Fernando, your kidnapped husband, who's been snatched by Morganna, the Dark Elf. During your adventure, youl...","Youve got a single purpose in Wife Quest: rescue Fernando, your kidnapped husband, who's been snatched by Morganna, the Dark Elf. During your adventure, youl...","none","1","","5.89","0.76","Electronics","cj,electronics,pippingames","https://www.yuplay.com/media/products/wife-quest/616/4c24cf65a73655d5737fa6843dd1602f4dced806.jpg","https://www.yuplay.com/product/wife-quest/?partner=cj","Ver Oferta","CJ","Pippin Games"
"external","cj-0e1596f0daf045a2c71b","Pathfinder: Wrath of the Righteous - Through the Ashes","1","1","visible","While the future Knight Commander is fighting their historic battle for the Wardstone and the whole world, the regular people on the burning streets..","While the future Knight Commander is fighting their historic battle for the Wardstone and the whole world, the regular people on the burning streets..","none","1","","12.99","1.68","Accessories","cj,accessories,metapublishing","https://www.yuplay.com/media/products/pathfinder-wrath-of-the-righteous-through-the-ashes/616/9826d042e401702d3103046133b3d027a17b3bd0.jpg","https://www.yuplay.com/product/pathfinder-wrath-of-the-righteous-through-the-ashes/?partner=cj","Ver Oferta","CJ","META Publishing"
"external","cj-1a12856d58e783ac05e5","Gas Station Tycoon","1","1","visible","Gas Station Tycoon is a tycoon game where you can build your own gas station business! Build various facilities, sell gas and electricity to your customers, ...","Gas Station Tycoon is a tycoon game where you can build your own gas station business! Build various facilities, sell gas and electricity to your customers, ...","none","1","","14.79","1.92","Accessories","cj,accessories,crxentertainment","https://www.yuplay.com/media/products/gas-station-tycoon/616/54c35f9a4be41638f056b2ddc8f788875aa869ba.jpg","https://www.yuplay.com/product/gas-station-tycoon/?partner=cj","Ver Oferta","CJ","CRX Entertainment"
"external","cj-2955879ab780e48b2ba6","Swords Fantasy: Battlefield","1","1","visible","Swords Fantasy: Battlefield is a game from the 3rd person, including battles with swords.","Swords Fantasy: Battlefield is a game from the 3rd person, including battles with swords.","none","1","","9.99","1.30","Accessories","cj,accessories,whalerockgames","https://www.yuplay.com/media/products/swords-fantasy-battlefield/616/fcd0963ff67767e9c6a28d9dc3a067b30d0675e7.jpg","https://www.yuplay.com/product/swords-fantasy-battlefield/?partner=cj","Ver Oferta","CJ","Whale Rock Games"
"external","cj-190f1b209543f3f74941","Cultures: Northland + 8th Wonder of the World","1","1","visible","This bundle includes: Cultures - Northland and Cultures - 8th Wonder of the World.","This bundle includes: Cultures - Northland and Cultures - 8th Wonder of the World.","none","1","","7.99","1.04","Accessories","cj,accessories,daedalicentertainment","https://www.yuplay.com/media/products/cultures-northland-8th-wonder-of-the-world/616/acb77823b2b736f148fbd63943560760279af55d.jpg","https://www.yuplay.com/product/cultures-northland-8th-wonder-of-the-world/?partner=cj","Ver Oferta","CJ","Daedalic Entertainment"
"external","cj-0811f4c0d486d94b6cb6","Dog Duty","1","1","visible","As some evil bigwig Octopus Commander and his army are threatening world-peace, it's up to you and your squad of misfits to eliminate that octo-scum.","As some evil bigwig Octopus Commander and his army are threatening world-peace, it's up to you and your squad of misfits to eliminate that octo-scum.","none","1","","4.99","0.65","Accessories","cj,accessories,soedesco","https://www.yuplay.com/media/products/dog-duty/616/a94620a07dbf7c8b1ff5be65cbae29350b099c9c.jpg","https://www.yuplay.com/product/dog-duty/?partner=cj","Ver Oferta","CJ","SOEDESCO"
"external","cj-15d426b9835d751ca6ea","Hyperdimension Neptunia Re;Birth1 Deluxe DLC","1","1","visible","With this Deluxe Pack DLC you will get the following contents!28 page Digital Art Book including never before released art works.Digital Soundtrack with 29 t...","With this Deluxe Pack DLC you will get the following contents!28 page Digital Art Book including never before released art works.Digital Soundtrack with 29 t...","none","1","","9.99","1.31","Books","cj,books,plugindigital","https://www.yuplay.com/media/products/hyperdimension-neptunia-rebirth1-deluxe-dlc/616/9102f0096e3813b88390511d89ec334fccd0a09b.jpg","https://www.yuplay.com/product/hyperdimension-neptunia-rebirth1-deluxe-dlc/?partner=cj","Ver Oferta","CJ","Plug In Digital"
"external","cj-0e99609f607d73b5718f","LEGO Marvel Super Heroes 2 Season Pass","1","1","visible","The LEGO Marvel Super Heroes 2 Season Pass includes 6 new playable levels and 4 character packs inspired by the films and comics of the Marvel universe. Down...","The LEGO Marvel Super Heroes 2 Season Pass includes 6 new playable levels and 4 character packs inspired by the films and comics of the Marvel universe. Down...","none","1","","14.99","1.97","Accessories","cj,accessories,warnerbrosinteractiveentertainment","https://www.yuplay.com/media/products/lego-marvel-super-heroes-2-season-pass/616/d3a18b1227f11a674171e001a1bc91c7d1a73d2c.jpg","https://www.yuplay.com/product/lego-marvel-super-heroes-2-season-pass/?partner=cj","Ver Oferta","CJ","Warner Bros. Interactive Entertainment"
"external","cj-3536626fbcbd48a522a0","Barrow Hill: The Dark Path","1","1","visible","It has been 10 years since the 'Barrow Hill Incident', a terrible, unsolved mystery, when several people lost their lives to the force inside the hill. No-on...","It has been 10 years since the 'Barrow Hill Incident', a terrible, unsolved mystery, when several people lost their lives to the force inside the hill. No-on...","none","1","","14.99","1.97","Accessories","cj,accessories,iceberginteractive","https://www.yuplay.com/media/products/barrow-hill-the-dark-path/616/114fec7f51a7efac7a06218d852ba9668ec556bd.jpg","https://www.yuplay.com/product/barrow-hill-the-dark-path/?partner=cj","Ver Oferta","CJ","Iceberg Interactive"
"external","cj-1f99eddee2e3ad5b2134","Commandos 3: Destination Berlin","1","1","visible","Commandos 3: Destination Berlin is a game of real-time tactics that places you in command of an elite unit of Special Forces behind enemy lines in the Europe...","Commandos 3: Destination Berlin is a game of real-time tactics that places you in command of an elite unit of Special Forces behind enemy lines in the Europe...","none","1","","4.99","0.66","Accessories","cj,accessories,kalypsomedia","https://www.yuplay.com/media/products/commandos-3-destination-berlin/616/06c1a0522888aa7314f59c50d06d0a67ff52ffa4.jpg","https://www.yuplay.com/product/commandos-3-destination-berlin/?partner=cj","Ver Oferta","CJ","Kalypso Media"
"external","cj-1f4d4a739d15eafd5757","Superpower 2","1","1","visible","SuperPower 2 is the only global geopolitical simulation game which allows players to control entire countries. Players control countries in 3 major areas: po...","SuperPower 2 is the only global geopolitical simulation game which allows players to control entire countries. Players control countries in 3 major areas: po...","none","1","","9.99","1.33","Accessories","cj,accessories,thqnordic","https://www.yuplay.com/media/products/superpower-2-steam-edition/616/5c4ad932e78bfe97b1f919c447fc124586e8fae3.jpg","https://www.yuplay.com/product/superpower-2-steam-edition/?partner=cj","Ver Oferta","CJ","THQ Nordic"
"external","cj-37257806a42e54ab3df6","Gotcha Racing 2nd","1","1","visible","Get parts from the gacha and customize your own original machine.Win the variety of races and aim the top of the Grand Prix!There are about 700 variety of pa...","Get parts from the gacha and customize your own original machine.Win the variety of races and aim the top of the Grand Prix!There are about 700 variety of pa...","none","1","","8.46","1.13","Accessories","cj,accessories,arcsystemworks","https://www.yuplay.com/media/products/gotcha-racing-2nd/616/47ceef21ab8099f6fd7971dd1558eb1ddce01440.jpg","https://www.yuplay.com/product/gotcha-racing-2nd/?partner=cj","Ver Oferta","CJ","Arc System Works"
"external","cj-14f6bdce8030a9a66104","White Noise Online","1","1","visible","A fully cooperative horror experience like never before!On White Noise Online, a team of up to 4 investigators has to explore an area looking for clues, whil...","A fully cooperative horror experience like never before!On White Noise Online, a team of up to 4 investigators has to explore an area looking for clues, whil...","none","1","","4.99","0.67","Accessories","cj,accessories,milkstonestudios","https://www.yuplay.com/media/products/white-noise-online/616/7655503b63a0998f3abd3a1aa43fe3070c388cd5.jpg","https://www.yuplay.com/product/white-noise-online/?partner=cj","Ver Oferta","CJ","Milkstone Studios"
"external","cj-23fa0e1aba3cdeefb4ae","Trapped Dead","1","1","visible","Trapped Dead is a tactical real time strategy game in the tradition of classics such as ""Commandos"" and ""Desperados"". You and your friends control your chara...","Trapped Dead is a tactical real time strategy game in the tradition of classics such as ""Commandos"" and ""Desperados"". You and your friends control your chara...","none","1","","4.99","0.67","Accessories","cj,accessories,headup","https://www.yuplay.com/media/products/trapped-dead/616/9b4f00026f5ccd08505d8bc9a1f84ece120d190e.jpg","https://www.yuplay.com/product/trapped-dead/?partner=cj","Ver Oferta","CJ","Headup"
"external","cj-32ac6d5ab20de2299d91","Munin","1","1","visible","Imagine you could move mountains - literally! With realistic physics, Norse runes, rotating platforms and a lot of gray cells you'll help Munin, Odin's messe...","Imagine you could move mountains - literally! With realistic physics, Norse runes, rotating platforms and a lot of gray cells you'll help Munin, Odin's messe...","none","1","","4.99","0.67","Accessories","cj,accessories,daedalicentertainment","https://www.yuplay.com/media/products/munin/616/2528e182ea92b2c3d3eb2b20db9bd98a1233f905.jpg","https://www.yuplay.com/product/munin/?partner=cj","Ver Oferta","CJ","Daedalic Entertainment"
"external","cj-3ad2a9917ed0bf828c30","Last Inua","1","1","visible","Last Inua is an immersive and emotional platform adventure game developed by Glowforth.  A captivating experience, Last Inua tells the tale of an Inuit famil...","Last Inua is an immersive and emotional platform adventure game developed by Glowforth.  A captivating experience, Last Inua tells the tale of an Inuit famil...","none","1","","6.99","0.94","Accessories","cj,accessories,thqnordic","https://www.yuplay.com/media/products/last-inua/616/bd95096b9a55f8adae114f8ea706af8ca5298383.jpg","https://www.yuplay.com/product/last-inua/?partner=cj","Ver Oferta","CJ","THQ Nordic"
"external","cj-2950805bfaab9ce98071","Sniper Elite: Nazi Zombie Army","1","1","visible","** Please note: a remastered and improved edition of this game is now available in Zombie Army Trilogy.**Featuring a co-op campaign for 1 to 4 players, Nazi ...","** Please note: a remastered and improved edition of this game is now available in Zombie Army Trilogy.**Featuring a co-op campaign for 1 to 4 players, Nazi ...","none","1","","10.99","1.48","Books","cj,books,rebellion","https://www.yuplay.com/media/products/sniper-elite-nazi-zombie-army/616/8a57a064ae647dc12904dc26b17688f3606cc57d.jpg","https://www.yuplay.com/product/sniper-elite-nazi-zombie-army/?partner=cj","Ver Oferta","CJ","Rebellion"
"external","cj-0d5be1dbfd9126e9aedd","Shiny Digital Deluxe Edition","1","1","visible","Kramer will gather and share energy with his fellow robots, helping them escape dire situations and predicaments. He will have to jump and explore every plat...","Kramer will gather and share energy with his fellow robots, helping them escape dire situations and predicaments. He will have to jump and explore every plat...","none","1","","14.37","1.95","Books","cj,books,fulqrumpublishing","https://www.yuplay.com/media/products/shiny-digital-deluxe-edition/616/af3b122cbf6bb680c305d076de631d0f2bdd8f27.jpg","https://www.yuplay.com/product/shiny-digital-deluxe-edition/?partner=cj","Ver Oferta","CJ","Fulqrum Publishing"
"external","cj-11253f0c67f78c6829d7","Cuban Missile Crisis + Ice Crusade Pack","1","1","visible","This bundle uncludes: Cuban Missile Crisis and Cuban Missile Crisis: Ice Crusade","This bundle uncludes: Cuban Missile Crisis and Cuban Missile Crisis: Ice Crusade","none","1","","8.99","1.22","Accessories","cj,accessories,fulqrumpublishing","https://www.yuplay.com/media/products/cuban-missile-crisis-ice-crusade-pack/616/fc8f20f9327f7940a9b55629c9fe23f42637d75e.jpg","https://www.yuplay.com/product/cuban-missile-crisis-ice-crusade-pack/?partner=cj","Ver Oferta","CJ","Fulqrum Publishing"
"external","cj-3ab8888a127780a461b9","Jagged Alliance 2 - Wildfire","1","1","visible","Jagged Alliance 2: Wildfire brings you back to Arulco. Although what you find there is in no way pleasing! The population is being terrorized by a reckless a...","Jagged Alliance 2: Wildfire brings you back to Arulco. Although what you find there is in no way pleasing! The population is being terrorized by a reckless a...","none","1","","6.99","0.95","Accessories","cj,accessories,topwareinteractive","https://www.yuplay.com/media/products/jagged-alliance-2-wildfire/616/598b45a51c183d23b12629a0212780c55b04f224.jpg","https://www.yuplay.com/product/jagged-alliance-2-wildfire/?partner=cj","Ver Oferta","CJ","TopWare Interactive"
"external","cj-337502cb81d8b14f9d6f","DJMAX RESPECT V - V EXTENSION III PACK","1","1","visible","DJMAX RESPECT V - V EXTENSION III PACK! Meet the 'DJMAX RESPECT V Original Song' package now!This DLC contains a total of 20 Original songs.Now enjoy the son...","DJMAX RESPECT V - V EXTENSION III PACK! Meet the 'DJMAX RESPECT V Original Song' package now!This DLC contains a total of 20 Original songs.Now enjoy the son...","none","1","","20.99","2.86","Accessories","cj,accessories,neowiz","https://www.yuplay.com/media/products/djmax-respect-v-v-extension-iii-pack/616/ef19cc6802fed39af76f5b0e980db60dbc414d01.jpg","https://www.yuplay.com/product/djmax-respect-v-v-extension-iii-pack/?partner=cj","Ver Oferta","CJ","NEOWIZ"
"external","cj-21138bdc932274388dfb","Hunter Girls","1","1","visible","Hunter Girls is a runner game in which you will control three heroines: the warrior Agnes, the sorceress Flora, and the archer Kim. Each has its own abilitie...","Hunter Girls is a runner game in which you will control three heroines: the warrior Agnes, the sorceress Flora, and the archer Kim. Each has its own abilitie...","none","1","","4.99","0.68","Accessories","cj,accessories,meridian4","https://www.yuplay.com/media/products/hunter-girls/616/923159d93f524dd92ab93ace3d45be0cd1ac357f.jpg","https://www.yuplay.com/product/hunter-girls/?partner=cj","Ver Oferta","CJ","Meridian4"
"external","cj-3eb0077774d667f67f46","Space Trader","1","1","visible","In the far future, humanity is ruled by The Ministry of Accounts, an oppressive bureaucracy that tracks, records and taxes every transaction of daily life. F...","In the far future, humanity is ruled by The Ministry of Accounts, an oppressive bureaucracy that tracks, records and taxes every transaction of daily life. F...","none","1","","4.99","0.68","Accessories","cj,accessories,meridian4","https://www.yuplay.com/media/products/space-trader/616/62ebafd2aedaf89b99483e9ab78db3947a1da391.jpg","https://www.yuplay.com/product/space-trader/?partner=cj","Ver Oferta","CJ","Meridian4"
"external","cj-3274b416657ed41a4b7d","Golf VS Zombies","1","1","visible","Golf VS Zombies is an arcade golf simulator with RPG elements which combines golfing precision with action-packed combat against the undead.","Golf VS Zombies is an arcade golf simulator with RPG elements which combines golfing precision with action-packed combat against the undead.","none","1","","9.75","1.33","Accessories","cj,accessories,untoldtales","https://www.yuplay.com/media/products/golf-vs-zombies/616/38f7c6ef277a96582400a564c904d13a92df2c79.jpg","https://www.yuplay.com/product/golf-vs-zombies/?partner=cj","Ver Oferta","CJ","Untold Tales"
"external","cj-329d63c88e859d4a624b","Bahnsen Knights","1","1","visible","1986, Tornado Alley, USA&#8230; Go undercover as Boulder, an agent infiltrating the notorious religious cult known as the Bahnsen Knights.","1986, Tornado Alley, USA&#8230; Go undercover as Boulder, an agent infiltrating the notorious religious cult known as the Bahnsen Knights.","none","1","","8.99","1.23","Accessories","cj,accessories,chorusworldwidegames","https://www.yuplay.com/media/products/bahnsen-knights/616/3132e6f6dc6232c44a724bb9ed220b7ffd4f81f9.jpg","https://www.yuplay.com/product/bahnsen-knights/?partner=cj","Ver Oferta","CJ","Chorus Worldwide Games"
"external","cj-1d58b42e3abf6452d4c7","Pathfinder: Wrath of the Righteous: Inevitable Excess","1","1","visible","The Inevitable Excess DLC will take players on a new adventure set just before their triumphant victory over the Worldwound. The new story will require all t...","The Inevitable Excess DLC will take players on a new adventure set just before their triumphant victory over the Worldwound. The new story will require all t...","none","1","","12.99","1.78","Home","cj,home,metapublishing","https://www.yuplay.com/media/products/pathfinder-wrath-of-the-righteous-inevitable-excess/616/813bfa1014b8c7505b717dfcc22f947a01baa05a.jpg","https://www.yuplay.com/product/pathfinder-wrath-of-the-righteous-inevitable-excess/?partner=cj","Ver Oferta","CJ","META Publishing"
"external","cj-0a327eceb6ab89fba610","Litil Divil","1","1","visible","Welcome to the Underworld, where you guide Mutt, the bad luck Litil Divil, through the Labyrinth of Chaos to retrieve the Mystical Pizza of Plenty. Our &#822...","Welcome to the Underworld, where you guide Mutt, the bad luck Litil Divil, through the Labyrinth of Chaos to retrieve the Mystical Pizza of Plenty. Our &#822...","none","1","","2.99","0.41","Books","cj,books,funboxmedia","https://www.yuplay.com/media/products/litil-divil/616/67d4a33e036f9e986946a2eb4b6a8d9d44b079fd.jpg","https://www.yuplay.com/product/litil-divil/?partner=cj","Ver Oferta","CJ","Funbox Media"
"external","cj-295c0a368df16dddc9d1","Expeditions: A MudRunner Game - The Great Don 71 Paint-job","1","1","visible","Take a ride aboard your trusty Don 71 with an exclusive dinosaur-themed paint job.","Take a ride aboard your trusty Don 71 with an exclusive dinosaur-themed paint job.","none","1","","2.99","0.41","Books","cj,books,focusentertainment","https://www.yuplay.com/media/products/expeditions-a-mudrunner-game-the-great-don-71-paint-job/616/0b492b31833e1442fb3946a00c376b4d368e8fda.jpg","https://www.yuplay.com/product/expeditions-a-mudrunner-game-the-great-don-71-paint-job/?partner=cj","Ver Oferta","CJ","Focus Entertainment"
"external","cj-24fd22eae959c196a4e9","FixFox","1","1","visible","Arriving on a curious planet, Vix and her toolbox Tin explore space, fixing machines with unconventional tools and eating cozy meals with kind robot locals.","Arriving on a curious planet, Vix and her toolbox Tin explore space, fixing machines with unconventional tools and eating cozy meals with kind robot locals.","none","1","","12.49","1.73","Accessories","cj,accessories,joystickventures","https://www.yuplay.com/media/products/fixfox/616/5b9b443683000346c841b66ee8446472cadfee52.jpg","https://www.yuplay.com/product/fixfox/?partner=cj","Ver Oferta","CJ","Joystick Ventures"
"external","cj-162f2dcd7faf531e05e1","World Splitter","1","1","visible","World-Splitter is a 2D&#178; puzzle platformer, challenging you with multidimensional puzzles.You'll travel through wonderful and fantastic worlds that are b...","World-Splitter is a 2D&#178; puzzle platformer, challenging you with multidimensional puzzles.You'll travel through wonderful and fantastic worlds that are b...","none","1","","6.99","0.97","Accessories","cj,accessories,spaceflower","https://www.yuplay.com/media/products/world-splitter/616/393c60df79325f2edfbe08676fe6729897f42236.jpg","https://www.yuplay.com/product/world-splitter/?partner=cj","Ver Oferta","CJ","Spaceflower"
"external","cj-02bfb9a094641b65ae02","Death Track: Resurrection","1","1","visible","Death Track: Resurrection is a successor of the legendary Deathtrack, one of the founders of the combat racing genre. Death Track: Resurrection is a racing /...","Death Track: Resurrection is a successor of the legendary Deathtrack, one of the founders of the combat racing genre. Death Track: Resurrection is a racing /...","none","1","","2.99","0.42","Accessories","cj,accessories,fulqrumpublishing","https://www.yuplay.com/media/products/death-track-resurrection/616/5abda247ffbae850d9ff35ff31cd40a9c215aa15.jpg","https://www.yuplay.com/product/death-track-resurrection/?partner=cj","Ver Oferta","CJ","Fulqrum Publishing"
"external","cj-16e8cdb5224dcd53b0e2","Asian Food Cart Tycoon","1","1","visible","Sate (Satay) is the most popular food in Indonesia and some countries in Asia. In this game you will build a business from scratch to become successful!Impro...","Sate (Satay) is the most popular food in Indonesia and some countries in Asia. In this game you will build a business from scratch to become successful!Impro...","none","1","","9.75","1.38","Accessories","cj,accessories,crxentertainment","https://www.yuplay.com/media/products/asian-food-cart-tycoon/616/f09d6d08b1c2d4b075b1c583b2743eb4c5351c05.jpg","https://www.yuplay.com/product/asian-food-cart-tycoon/?partner=cj","Ver Oferta","CJ","CRX Entertainment"
"external","cj-1c3baaaa6f541bf4849d","FlatOut","1","1","visible","Smashing up the competition! Developed by Bugbear Entertainment, FlatOut is one of the most spectacular Racing games you'll ever see! Experience the drive of...","Smashing up the competition! Developed by Bugbear Entertainment, FlatOut is one of the most spectacular Racing games you'll ever see! Experience the drive of...","none","1","","6.99","0.99","Accessories","cj,accessories,strategyfirst","https://www.yuplay.com/media/products/flatout/616/2c8164905f99c96ef5dadd213f1bbd15a586b651.jpg","https://www.yuplay.com/product/flatout/?partner=cj","Ver Oferta","CJ","Strategy First"
"external","cj-0fe7eb3de047beed9381","Natural Instincts: European Forest","1","1","visible","Protect the environment, and save it from harm! Give commands to the animals, observe their rituals and help them survive.","Protect the environment, and save it from harm! Give commands to the animals, observe their rituals and help them survive.","none","1","","8.19","1.16","Accessories","cj,accessories,gamesoperators","https://www.yuplay.com/media/products/natural-instincts-european-forest/616/ddeeb268939379cb7c06369d5923ef1508ed3f53.jpg","https://www.yuplay.com/product/natural-instincts-european-forest/?partner=cj","Ver Oferta","CJ","Games Operators"
"external","cj-03f53a4985d73299c98a","PAC-MAN Championship Edition 2","1","1","visible","The much-awaited sequel to PAC-MAN CHAMPIONSHIP EDITION!","The much-awaited sequel to PAC-MAN CHAMPIONSHIP EDITION!","none","1","","12.99","1.84","Books","cj,books,bandainamcoentertainmentinc","https://www.yuplay.com/media/products/pac-man-championship-edition-2/616/f8153c033a1c5ad06e8edd9c2f166ebcb58df433.jpg","https://www.yuplay.com/product/pac-man-championship-edition-2/?partner=cj","Ver Oferta","CJ","Bandai Namco Entertainment Inc"
"external","cj-089572ed520f1dda726d","NBA 2K26 (Nintendo Switch EU)","1","1","visible","Bragging rights are on the line in MyCAREER*, MyTEAM, MyLEAGUE, and Play Now. Showcase your bag of moves with enhanced gameplay and challenge your friends, o...","Bragging rights are on the line in MyCAREER*, MyTEAM, MyLEAGUE, and Play Now. Showcase your bag of moves with enhanced gameplay and challenge your friends, o...","none","1","","79.99","11.36","Accessories","cj,accessories,2k","https://www.yuplay.com/media/products/nba-2k26-nintendo-switch-eu/616/86320949579d91cdbd74896259d21d718e8bfc95.jpg","https://www.yuplay.com/product/nba-2k26-nintendo-switch-eu/?partner=cj","Ver Oferta","CJ","2K"
"external","cj-2496858de96765fd7637","Hakuoki: Kyoto Winds Deluxe DLC","1","1","visible","Bring your favorite bachelors home with this Deluxe Pack that includes wallpapers to decorate your PC and your phone!","Bring your favorite bachelors home with this Deluxe Pack that includes wallpapers to decorate your PC and your phone!","none","1","","9.99","1.42","Electronics","cj,electronics,ideafactoryinternational","https://www.yuplay.com/media/products/hakuoki-kyoto-winds-deluxe-dlc/616/f2b6718c1f4d3cdae242c7047fe41153d220a4f7.jpg","https://www.yuplay.com/product/hakuoki-kyoto-winds-deluxe-dlc/?partner=cj","Ver Oferta","CJ","Idea Factory International"
"external","cj-375bcb1f3ad68f586462","Sid Meier's Civilization VI - Persia and Macedon Civilization & Scenario Pack","1","1","visible","Alexander leads Macedon and Cyrus leads Persia in Sid Meier's Civilization VI! Macedon's abilities will let you conquer the whole world, and Persia can grow ...","Alexander leads Macedon and Cyrus leads Persia in Sid Meier's Civilization VI! Macedon's abilities will let you conquer the whole world, and Persia can grow ...","none","1","","8.99","1.28","Accessories","cj,accessories,aspyrmediainc","https://www.yuplay.com/media/products/sid-meiers-civilization-vi-persia-and-macedon-civilization-scenario-pack/616/81c5c6506d2629d165e880233b191edf1b051a36.jpg","https://www.yuplay.com/product/sid-meiers-civilization-vi-persia-and-macedon-civilization-scenario-pack/?partner=cj","Ver Oferta","CJ","Aspyr Media, Inc"
"external","cj-0887b638bcd0f94a00e5","Graveyard Keeper - Stranger Sins","1","1","visible","6-12 hours of extra gameplay.Build and run your own tavern. Finally you will have your own bar!Arrange the Rat race and Stand-up events.Get to know villagers...","6-12 hours of extra gameplay.Build and run your own tavern. Finally you will have your own bar!Arrange the Rat race and Stand-up events.Get to know villagers...","none","1","","7.99","1.14","Accessories","cj,accessories,tinybuild","https://www.yuplay.com/media/products/graveyard-keeper-stranger-sins/616/8b52881dba49612b970ea31de6b46bc7dc63eb60.jpg","https://www.yuplay.com/product/graveyard-keeper-stranger-sins/?partner=cj","Ver Oferta","CJ","tinyBuild"
"external","cj-078c239976455049cb8f","Neptunia Virtual Stars - Asano Sisters Project Pack DLC","1","1","visible","Gain items and accessories inspired by Vtuber group ""Asano Sisters Project"".  Themed recovery items x 50 (per Vtuber)  Themed masks x 3 (per Vtuber)  Themed ...","Gain items and accessories inspired by Vtuber group ""Asano Sisters Project"".  Themed recovery items x 50 (per Vtuber)  Themed masks x 3 (per Vtuber)  Themed ...","none","1","","3.99","0.57","Accessories","cj,accessories,ideafactoryinternational","https://www.yuplay.com/media/products/neptunia-virtual-stars-asano-sisters-project-pack-dlc/616/ba4290b7eb3fe868b0f7dc7c56b7b215247c6fb3.jpg","https://www.yuplay.com/product/neptunia-virtual-stars-asano-sisters-project-pack-dlc/?partner=cj","Ver Oferta","CJ","Idea Factory International"
"external","cj-0db853af8ad5047fd578","Neptunia Virtual Stars - Inuyama Tamaki Pack DLC","1","1","visible","Gain items and accessories inspired by Vtuber Inuyama Tamaki.  Inuyama Tamaki-themed recovery items x 50  Inuyama Tamaki Mask x 3  Inuyama Tamaki-themed acce...","Gain items and accessories inspired by Vtuber Inuyama Tamaki.  Inuyama Tamaki-themed recovery items x 50  Inuyama Tamaki Mask x 3  Inuyama Tamaki-themed acce...","none","1","","3.99","0.57","Accessories","cj,accessories,ideafactoryinternational","https://www.yuplay.com/media/products/neptunia-virtual-stars-inuyama-tamaki-pack-dlc/616/1408d3f03d88dddd48f8166f9c9ab2e884e02d6b.jpg","https://www.yuplay.com/product/neptunia-virtual-stars-inuyama-tamaki-pack-dlc/?partner=cj","Ver Oferta","CJ","Idea Factory International"
"external","cj-32c2e4122adba8f2d06b","Neptunia Virtual Stars - Asacre Peace Pack DLC","1","1","visible","Gain items and accessories inspired by Vtuber Asacre Peace.  Asacre Peace-themed recovery items x 50  Asacre Peace Mask x 3  Asacre Peace-themed accessories ...","Gain items and accessories inspired by Vtuber Asacre Peace.  Asacre Peace-themed recovery items x 50  Asacre Peace Mask x 3  Asacre Peace-themed accessories ...","none","1","","3.99","0.57","Accessories","cj,accessories,ideafactoryinternational","https://www.yuplay.com/media/products/neptunia-virtual-stars-asacre-peace-pack-dlc/616/026866802885f62138dc276ad694a43ceec784d8.jpg","https://www.yuplay.com/product/neptunia-virtual-stars-asacre-peace-pack-dlc/?partner=cj","Ver Oferta","CJ","Idea Factory International"
"external","cj-3a2f20679034f9c4457b","Neptunia Virtual Stars - Aogiri High School Pack DLC","1","1","visible","Gain items and accessories inspired by Vtuber group ""Aogiri High School"".  Themed recovery items x 50 (per Vtuber)  Themed masks x 3 (per Vtuber)  Themed acc...","Gain items and accessories inspired by Vtuber group ""Aogiri High School"".  Themed recovery items x 50 (per Vtuber)  Themed masks x 3 (per Vtuber)  Themed acc...","none","1","","3.99","0.57","Accessories","cj,accessories,ideafactoryinternational","https://www.yuplay.com/media/products/neptunia-virtual-stars-aogiri-high-school-pack-dlc/616/dcd4411cb167c01ef5a9f51adddc2be02cc87ebf.jpg","https://www.yuplay.com/product/neptunia-virtual-stars-aogiri-high-school-pack-dlc/?partner=cj","Ver Oferta","CJ","Idea Factory International"
"external","cj-414846d42722baab2c0f","Neptunia Virtual Stars - Maoh Magrona Pack DLC","1","1","visible","Gain items and accessories inspired by Vtuber Maoh Magrona.  Maoh Magrona-themed recovery items x 50  Maoh Magrona Mask x 3  Maoh Magrona-themed accessories ...","Gain items and accessories inspired by Vtuber Maoh Magrona.  Maoh Magrona-themed recovery items x 50  Maoh Magrona Mask x 3  Maoh Magrona-themed accessories ...","none","1","","3.99","0.57","Accessories","cj,accessories,ideafactoryinternational","https://www.yuplay.com/media/products/neptunia-virtual-stars-maoh-magrona-pack-dlc/616/1f3093c21aeffc199c44365f459cf85842890bef.jpg","https://www.yuplay.com/product/neptunia-virtual-stars-maoh-magrona-pack-dlc/?partner=cj","Ver Oferta","CJ","Idea Factory International"
"external","cj-0091","Ashampoo® Soundstage Pro","1","1","visible","Experience true surround sound on your PC through regular headphones","Experience true surround sound on your PC through regular headphones","none","1","","70.00","10.00","Electronics","cj,electronics,ashampoo","https://img.ashampoo.com/images/products/0091/front.png","https://www.ashampoo.com/cookie/HqULT1OaTqFiPD4b?redirect=https%3A%2F%2Fwww.ashampoo.com%2Floc%2Fsoundstage%3Fx-source%3Dcj%26x-mid%3Dcj%26utm_source%3Dcj%26utm_medium%3Dcj%26utm_campaign%3Dcj%26coupon%3DZ8C-1E1-PZF%26download-eid%3Dtffnyvfiu3mvdedqibmfthwkcj15cecw%26no-license-choice%3Dtrue","Ver Oferta","CJ","Ashampoo"
"external","cj-1c516630fa52b464021b","Beholder: Conductor","1","1","visible","A Beholder series spin-off. Become a conductor of the Determination Bringer train: monitor passengers, report incidents, and carry out important Ministry..","A Beholder series spin-off. Become a conductor of the Determination Bringer train: monitor passengers, report incidents, and carry out important Ministry..","none","1","","13.79","1.98","Electronics","cj,electronics,alawar","https://www.yuplay.com/media/products/beholder-conductor/616/5ca13556357bd3e81e569bf98ae938a02dfdf408.jpg","https://www.yuplay.com/product/beholder-conductor/?partner=cj","Ver Oferta","CJ","Alawar"
"external","cj-00659c25283fd876d9e3","Vox Populi: Poland 2023","1","1","visible","Play as an existing or fully customisable political figure, and campaign for or many alternative Polish elections!","Play as an existing or fully customisable political figure, and campaign for or many alternative Polish elections!","none","1","","4.99","0.72","Accessories","cj,accessories,velsin","https://www.yuplay.com/media/products/vox-populi-poland-2023/616/58ba7a76a86b2c53e481dcf72c1616d0ad9f21bc.jpg","https://www.yuplay.com/product/vox-populi-poland-2023/?partner=cj","Ver Oferta","CJ","Velsin"
"external","cj-2ba6626872f1efb5c1d4","Borderlands 3 Ultimate Edition (Steam)","1","1","visible","Borderlands 3 Ultimate Edition is the quintessential Borderlands 3 experience, featuring the award-winning base game plus all 6 content add-ons and the full ...","Borderlands 3 Ultimate Edition is the quintessential Borderlands 3 experience, featuring the award-winning base game plus all 6 content add-ons and the full ...","none","1","","99.99","14.44","Sports","cj,sports,2k","https://www.yuplay.com/media/products/borderlands-3-ultimate-edition-steam/616/2be70cee4acebb71020bc9ad8f8b2f08b68f62ae.jpg","https://www.yuplay.com/product/borderlands-3-ultimate-edition-steam/?partner=cj","Ver Oferta","CJ","2K"
"external","cj-081e7573733617c9f4ba","Port Royale 2","1","1","visible","The Caribbean in the 17th Century; You will trade with over 60 towns and create your own production facilities. You will not only increase your trading empir...","The Caribbean in the 17th Century; You will trade with over 60 towns and create your own production facilities. You will not only increase your trading empir...","none","1","","3.99","0.58","Accessories","cj,accessories,strategyfirst","https://www.yuplay.com/media/products/port-royale-2/616/5ea9cd07b8f328cf33295dd8c549197adac25d44.jpg","https://www.yuplay.com/product/port-royale-2/?partner=cj","Ver Oferta","CJ","Strategy First"
"external","cj-0f90a8cae0275d101d86","Quantum Conundrum","1","1","visible","Find and rescue your uncle by using his newest invention to work your way through a crazy complex mansion as you switch between dimensions and solve puzzles!","Find and rescue your uncle by using his newest invention to work your way through a crazy complex mansion as you switch between dimensions and solve puzzles!","none","1","","8.99","1.31","Accessories","cj,accessories,squareenix","https://www.yuplay.com/media/products/quantum-conundrum/616/4190ef15f4b91f0f0286109ca515f468962e975b.jpg","https://www.yuplay.com/product/quantum-conundrum/?partner=cj","Ver Oferta","CJ","Square Enix"
"external","cj-17d1242c43e1c435e2d2","9th Company: Roots Of Terror","1","1","visible","9th Company Roots of Terror is an action-oriented real-time strategy game based on actual events that took place during the Soviet military campaign in Afgha...","9th Company Roots of Terror is an action-oriented real-time strategy game based on actual events that took place during the Soviet military campaign in Afgha...","none","1","","9.99","1.46","Home","cj,home,strategyfirst","https://www.yuplay.com/media/products/9th-company-roots-of-terror/616/ef52e3b6403e7fd05a58b8f2beba458ec3e1e71c.jpg","https://www.yuplay.com/product/9th-company-roots-of-terror/?partner=cj","Ver Oferta","CJ","Strategy First"
"external","cj-0a75b93193e7355d30cd","HELLDIVERS Reinforcements Pack 1","1","1","visible","HELLDIVERS Reinforcements Pack 1    HELLDIVERS - Commando Pack    HELLDIVERS - Defenders Pack    HELLDIVERS - Support Pack","HELLDIVERS Reinforcements Pack 1    HELLDIVERS - Commando Pack    HELLDIVERS - Defenders Pack    HELLDIVERS - Support Pack","none","1","","5.99","0.88","Accessories","cj,accessories,playstationpcllc","https://www.yuplay.com/media/products/helldiverstm-reinforcements-pack-1/616/db6c1fa039cc1a1bfb93caeab978c9da3fd562dc.jpg","https://www.yuplay.com/product/helldiverstm-reinforcements-pack-1/?partner=cj","Ver Oferta","CJ","PlayStation PC LLC"
"external","cj-3ab8a643799d992f6a43","Frogun Encore","1","1","visible","Note: a controller is required for local co-op multiplayer.Frogun ENCORE is a dashing standalone expansion/sequel to indie hit FROGUN! Explore the world with...","Note: a controller is required for local co-op multiplayer.Frogun ENCORE is a dashing standalone expansion/sequel to indie hit FROGUN! Explore the world with...","none","1","","12.79","1.88","Home","cj,home,tophatstudiosinc","https://www.yuplay.com/media/products/frogun-encore/616/c658fe7df17d9b6989552ecab4183b74896f88ba.jpg","https://www.yuplay.com/product/frogun-encore/?partner=cj","Ver Oferta","CJ","Top Hat Studios, Inc."
"external","cj-166ecc69bebe772bd7f4","Sea Dogs","1","1","visible","Sea Dogs is an epic role-playing game for the pirate in all of us. Return to the age of sail as a young captain looking to make a name in the world. Develop ...","Sea Dogs is an epic role-playing game for the pirate in all of us. Return to the age of sail as a young captain looking to make a name in the world. Develop ...","none","1","","11.99","1.77","Accessories","cj,accessories,akella","https://www.yuplay.com/media/products/sea-dogs/616/33ceef4fcf7951f4abe33d2aa926e363531753b2.jpg","https://www.yuplay.com/product/sea-dogs/?partner=cj","Ver Oferta","CJ","Akella"
"external","cj-0e116cf1770a4739bc8e","Time Lock VR 2","1","1","visible","Mystical version of the Timelock VR Games series. The player has to free the soul of the ancestor imprisoned by the sorcerer in a magic stone. To solve riddl...","Mystical version of the Timelock VR Games series. The player has to free the soul of the ancestor imprisoned by the sorcerer in a magic stone. To solve riddl...","none","1","","4.99","0.74","Accessories","cj,accessories,whalerockgames","https://www.yuplay.com/media/products/time-lock-vr-2/616/6db2f5a2778ef36ec0ac2e344bdad925e5639f76.jpg","https://www.yuplay.com/product/time-lock-vr-2/?partner=cj","Ver Oferta","CJ","Whale Rock Games"
"external","cj-18c35c4f30974442cd73","Trine 4: Melody of Mystery","1","1","visible","In Trine 4: Melody of Mystery, there's trouble brewing at the Astral Academy once again. All the students are cursed, trapped in enchanted slumber and unable...","In Trine 4: Melody of Mystery, there's trouble brewing at the Astral Academy once again. All the students are cursed, trapped in enchanted slumber and unable...","none","1","","7.99","1.19","Accessories","cj,accessories,frozenbyte","https://www.yuplay.com/media/products/trine-4-melody-of-mystery/616/b54215e1ae637b69a869a549d837ed41f59ba909.jpg","https://www.yuplay.com/product/trine-4-melody-of-mystery/?partner=cj","Ver Oferta","CJ","Frozenbyte"
"external","cj-033c9ada30cd97a0b857","Sid Meier's Civilization V: Civilization Pack - Babylon","1","1","visible","Previously  available exclusively as part of the Digital Deluxe Edition, the  Babylonian Civilization Pack and their ruler, Nebuchadnezzar II (c. 630 -  c. 5...","Previously  available exclusively as part of the Digital Deluxe Edition, the  Babylonian Civilization Pack and their ruler, Nebuchadnezzar II (c. 630 -  c. 5...","none","1","","3.49","0.52","Books","cj,books,2k","https://www.yuplay.com/media/products/sid-meiers-civilization-v-civilization-pack-babylon-mac/616/35a7a87af0b2fa019d25d65681ff36c71713ec25.jpg","https://www.yuplay.com/product/sid-meiers-civilization-v-civilization-pack-babylon-mac/?partner=cj","Ver Oferta","CJ","2K"
"external","cj-35976bcd9a0203955078","Dungeons 3: An Unexpected DLC","1","1","visible","A wild DLC appeared! The disgustingly good heroes used PANIC, RUN FOR YOUR LIVES! It's super effective!After the Absolute Evil's continuous triumphs and his ...","A wild DLC appeared! The disgustingly good heroes used PANIC, RUN FOR YOUR LIVES! It's super effective!After the Absolute Evil's continuous triumphs and his ...","none","1","","3.62","0.54","Home","cj,home,kalypsomedia","https://www.yuplay.com/media/products/dungeons-3-an-unexpected/616/a15681a1600945dd1d68e73ab990e3050adbbea1.jpg","https://www.yuplay.com/product/dungeons-3-an-unexpected/?partner=cj","Ver Oferta","CJ","Kalypso Media"
"external","cj-0bcd1fa90acfffa18aa4","A Tiny Sticker Tale","1","1","visible","A Tiny Sticker Tale is a cozy miniature adventure about changing the world, using the power of stickers!","A Tiny Sticker Tale is a cozy miniature adventure about changing the world, using the power of stickers!","none","1","","9.75","1.46","Accessories","cj,accessories,ogrepixel","https://www.yuplay.com/media/products/a-tiny-sticker-tale/616/31083aa6677b5c7d1642d0c8d793325c8402f959.jpg","https://www.yuplay.com/product/a-tiny-sticker-tale/?partner=cj","Ver Oferta","CJ","Ogre Pixel"
"external","cj-11d84fa949b959a56bef","Deponia - The Complete Journey","1","1","visible","Junk, junk and even more junk. Life on the trash-planet Deponia is anything but a walk in the park. No surprise that Rufus had enough of that and hatches one...","Junk, junk and even more junk. Life on the trash-planet Deponia is anything but a walk in the park. No surprise that Rufus had enough of that and hatches one...","none","1","","8.46","1.27","Accessories","cj,accessories,daedalicentertainment","https://www.yuplay.com/media/products/deponia-the-complete-journey/616/d3dcac784ce0a519a65f9590dfb6d2dbb2e40c45.jpg","https://www.yuplay.com/product/deponia-the-complete-journey/?partner=cj","Ver Oferta","CJ","Daedalic Entertainment"
"external","cj-38c31ae0a7686b24df1a","Plateman","1","1","visible","Explore the steampunk world in Plateman. Fly over the world of machines full of gimmicks and monsters.","Explore the steampunk world in Plateman. Fly over the world of machines full of gimmicks and monsters.","none","1","","8.79","1.32","Accessories","cj,accessories,east2westgames","https://www.yuplay.com/media/products/plateman/616/a29a171c54956838ef0581ee7166de5ef5c07720.jpg","https://www.yuplay.com/product/plateman/?partner=cj","Ver Oferta","CJ","East2West Games"
"external","cj-0b2bef9716ad1e8bff51","Toki","1","1","visible","The return of the wacky monkey!Toki sets off on a new adventure! The cult action/platform game originally released on arcade machines in 1989 is back with a ...","The return of the wacky monkey!Toki sets off on a new adventure! The cult action/platform game originally released on arcade machines in 1989 is back with a ...","none","1","","7.25","1.09","Accessories","cj,accessories,plugindigital","https://www.yuplay.com/media/products/toki/616/5c4439f766af043872cf5f66f82bc9fd4d410292.jpg","https://www.yuplay.com/product/toki/?partner=cj","Ver Oferta","CJ","Plug In Digital"
"external","cj-3efe656a2c0212e54d4a","Marine Sharpshooter II: Jungle Warfare","1","1","visible","In this follow-up to the hit Marine Sharpshooter, you'll be a lone operative fighting to restore democracy in an African country.","In this follow-up to the hit Marine Sharpshooter, you'll be a lone operative fighting to restore democracy in an African country.","none","1","","2.99","0.45","Accessories","cj,accessories,funboxmedia","https://www.yuplay.com/media/products/marine-sharpshooter-ii-jungle-warfare/616/85e7151721b6b578a764a37661492271a3f63a6a.jpg","https://www.yuplay.com/product/marine-sharpshooter-ii-jungle-warfare/?partner=cj","Ver Oferta","CJ","Funbox Media"
"external","cj-2b9bfedbcf416216c769","House of 1000 Doors: Serpent Flame","1","1","visible","Return to the House of 1,000 Doors to save mankind from annihilation! Giant snakes have burst out of the Earth and are wreaking destruction across every cont...","Return to the House of 1,000 Doors to save mankind from annihilation! Giant snakes have burst out of the Earth and are wreaking destruction across every cont...","none","1","","5.69","0.86","Accessories","cj,accessories,alawarentertainment","https://www.yuplay.com/media/products/house-of-1000-doors-serpent-flame/616/f6b37aa8ce00e688d549b73d5929b7ea6a41a908.jpg","https://www.yuplay.com/product/house-of-1000-doors-serpent-flame/?partner=cj","Ver Oferta","CJ","Alawar Entertainment"
"external","cj-2adde84ca911c6a46f65","Murder In Tehran's Alleys 2016","1","1","visible","This is the story of the time when narcotics impair the brain; the time when a father's hallucination becomes the dawn of his family's demise by slicing them...","This is the story of the time when narcotics impair the brain; the time when a father's hallucination becomes the dawn of his family's demise by slicing them...","none","1","","9.99","1.52","Accessories","cj,accessories,strategyfirst","https://www.yuplay.com/media/products/murder-in-tehrans-alleys-2016/616/cfa417299c87689af2a9d8945805492ebd8191f1.jpg","https://www.yuplay.com/product/murder-in-tehrans-alleys-2016/?partner=cj","Ver Oferta","CJ","Strategy First"
"external","cj-335a42c01628b3ab49db","Gravity Badgers","1","1","visible","Step into the space suit of valiant gravity badger Captain T Bayback as he ventures into the deadly depths of deep space to save his friends, family and the ...","Step into the space suit of valiant gravity badger Captain T Bayback as he ventures into the deadly depths of deep space to save his friends, family and the ...","none","1","","4.99","0.76","Fashion","cj,fashion,walesinteractive","https://www.yuplay.com/media/products/gravity-badgers/616/8a323adc3661897bf3dc4f15e70d324da4132f28.jpg","https://www.yuplay.com/product/gravity-badgers/?partner=cj","Ver Oferta","CJ","Wales Interactive"
"external","cj-0a6081f23d605afe4c9e","Galactic Orbital Death Sport","1","1","visible","Do you like to crush your enemies? Disintegrate them, reducing them to the simple state of pixel? Welcome to G.O.D.S! G.O.D.S is a sport game taking place in...","Do you like to crush your enemies? Disintegrate them, reducing them to the simple state of pixel? Welcome to G.O.D.S! G.O.D.S is a sport game taking place in...","none","1","","12.99","1.98","Sports","cj,sports,plugindigital","https://www.yuplay.com/media/products/galactic-orbital-death-sport/616/5810b2f63627868681a6027363ecd136343c8b08.jpg","https://www.yuplay.com/product/galactic-orbital-death-sport/?partner=cj","Ver Oferta","CJ","Plug In Digital"
"external","cj-0b3185a66220ac1e5cb0","Operation Thunderstorm","1","1","visible","The year is 1942. The British government decides to launch one of the most risky operations of World War II. The targets are the most important figures of th...","The year is 1942. The British government decides to launch one of the most risky operations of World War II. The targets are the most important figures of th...","none","1","","3.99","0.61","Accessories","cj,accessories,cigames","https://www.yuplay.com/media/products/operation-thunderstorm/616/f9423a84fd62306ca34cd6e2a792f94860237326.jpg","https://www.yuplay.com/product/operation-thunderstorm/?partner=cj","Ver Oferta","CJ","CI Games"
"external","cj-1a2cf743ce22506d42a3","Neptunia Virtual Stars - Tenjin Kotone Pack DLC","1","1","visible","Gain items and accessories inspired by Vtuber Tenjin Kotone.  Tenjin Kotone-themed recovery items x 50  Tenjin Kotone Mask x 3  Tenjin Kotone-themed accessor...","Gain items and accessories inspired by Vtuber Tenjin Kotone.  Tenjin Kotone-themed recovery items x 50  Tenjin Kotone Mask x 3  Tenjin Kotone-themed accessor...","none","1","","3.99","0.61","Accessories","cj,accessories,ideafactoryinternational","https://www.yuplay.com/media/products/neptunia-virtual-stars-tenjin-kotone-pack-dlc/616/2d66a788384d2883632c1f76f948ea27599d42e3.jpg","https://www.yuplay.com/product/neptunia-virtual-stars-tenjin-kotone-pack-dlc/?partner=cj","Ver Oferta","CJ","Idea Factory International"
"external","cj-3c17de373b652315254f","Art of Murder - Cards of Destiny","1","1","visible","What do the cards tell about you?Young FBI agent Nicole Bonnet receives a mysterious package. Inside she finds a complicated logical puzzle that appears to b...","What do the cards tell about you?Young FBI agent Nicole Bonnet receives a mysterious package. Inside she finds a complicated logical puzzle that appears to b...","none","1","","3.99","0.61","Accessories","cj,accessories,cigames","https://www.yuplay.com/media/products/art-of-murder-cards-of-destiny/616/1c249288bb17cb52f245365f9e224c9f83d4d808.jpg","https://www.yuplay.com/product/art-of-murder-cards-of-destiny/?partner=cj","Ver Oferta","CJ","CI Games"
"external","cj-105859d7294942389e86","Splatter - Zombiecalypse Now","1","1","visible","You like top-down-shooter with a film-noir singleplayer campaign, challenging fights against zombies and monsters, gory splatter effects and..","You like top-down-shooter with a film-noir singleplayer campaign, challenging fights against zombies and monsters, gory splatter effects and..","none","1","","5.99","0.92","Accessories","cj,accessories,untoldtales","https://www.yuplay.com/media/products/splatter-zombiecalypse-now/616/95f4b8782021217a61d4dabde1e921c3bcf57c26.jpg","https://www.yuplay.com/product/splatter-zombiecalypse-now/?partner=cj","Ver Oferta","CJ","Untold Tales"
"external","cj-2eb89577c79dd1cab8df","Mythargia","1","1","visible","You are a journalist in search of your breakthrough story.","You are a journalist in search of your breakthrough story.","none","1","","5.99","0.92","Accessories","cj,accessories,bonusstagepublishing","https://www.yuplay.com/media/products/mythargia/616/677a4ca4421a306044a5bb217561b56988f7980a.jpg","https://www.yuplay.com/product/mythargia/?partner=cj","Ver Oferta","CJ","Bonus Stage Publishing"
"external","cj-2c797842120501389bfa","Sin Slayers: Meat & Greed","1","1","visible","Sin Slayers: Meat & Greed is a cozy idle-mining simulator that quietly runs on your screen. Guide a lone dwarf miner as he digs through the cursed lands bene...","Sin Slayers: Meat & Greed is a cozy idle-mining simulator that quietly runs on your screen. Guide a lone dwarf miner as he digs through the cursed lands bene...","none","1","","2.99","0.46","Electronics","cj,electronics,goonswarmgames","https://www.yuplay.com/media/products/sin-slayers-meat-greed/616/e1c92e7fb541854616b4c636a590374716c76abf.jpg","https://www.yuplay.com/product/sin-slayers-meat-greed/?partner=cj","Ver Oferta","CJ","Goonswarm Games"
"external","cj-0e49c277af67445ef07e","Metro Exodus - The Two Colonels","1","1","visible","Just below the surface, under the dead city of Novosibirsk, Colonel Khlebnikov makes his way home to his son, Kirill, for New Years Eve.But all is not well w...","Just below the surface, under the dead city of Novosibirsk, Colonel Khlebnikov makes his way home to his son, Kirill, for New Years Eve.But all is not well w...","none","1","","6.99","1.08","Home","cj,home,deepsilver","https://www.yuplay.com/media/products/metro-exodus-the-two-colonels/616/40626bf41c23c3ad60dca5678c1f957907201ee0.jpg","https://www.yuplay.com/product/metro-exodus-the-two-colonels/?partner=cj","Ver Oferta","CJ","Deep Silver"
"external","cj-08c77716402f895d57b0","MetaMorph: Dungeon Creatures","1","1","visible","This arcade-style action adventure pits you against hordes of daemonic monsters in trap-filled dungeons! Morph between heroes, combine ultimate powers and ha...","This arcade-style action adventure pits you against hordes of daemonic monsters in trap-filled dungeons! Morph between heroes, combine ultimate powers and ha...","none","1","","9.99","1.56","Sports","cj,sports,fireflystudios","https://www.yuplay.com/media/products/metamorph-dungeon-creatures/616/819ae270d347c8deada2a340967afb7c6e7b6abb.jpg","https://www.yuplay.com/product/metamorph-dungeon-creatures/?partner=cj","Ver Oferta","CJ","FireFly Studios"
"external","cj-14b41be92c2c6a510124","DJMAX RESPECT V - Emotional Sense PACK","1","1","visible","Meet the 'DJMAX Emotional Sense' package now!This Package contains a total of 8 songs.Now enjoy the songs in DJMAX RESPECT VTrack ListSpace of Soul by M2USup...","Meet the 'DJMAX Emotional Sense' package now!This Package contains a total of 8 songs.Now enjoy the songs in DJMAX RESPECT VTrack ListSpace of Soul by M2USup...","none","1","","8.19","1.28","Accessories","cj,accessories,neowiz","https://www.yuplay.com/media/products/djmax-respect-v-emotional-sense-pack/616/f0d0ad1182fc1fae8969363380c15bed01366c9f.jpg","https://www.yuplay.com/product/djmax-respect-v-emotional-sense-pack/?partner=cj","Ver Oferta","CJ","NEOWIZ"
"external","cj-2a9d6305d89822df4694","Shannon Tweed's Attack Of The Groupies","1","1","visible","The Groupies have invaded, and Shannon Tweed has had enough! Cougars, slugs, beauty queens, and bimbos - they all want a shot at the fame that comes with get...","The Groupies have invaded, and Shannon Tweed has had enough! Cougars, slugs, beauty queens, and bimbos - they all want a shot at the fame that comes with get...","none","1","","4.99","0.78","Beauty","cj,beauty,strategyfirst","https://www.yuplay.com/media/products/shannon-tweeds-attack-of-the-groupies/616/a3f229f0fbc227eb53567cb03cfbd408b0d07a0e.jpg","https://www.yuplay.com/product/shannon-tweeds-attack-of-the-groupies/?partner=cj","Ver Oferta","CJ","Strategy First"
"external","cj-31154c7129467f75cb42","Safecracker: The Ultimate Puzzle Adventure","1","1","visible","Safecracker: The Ultimate Puzzle Adventure","Safecracker: The Ultimate Puzzle Adventure","none","1","","4.99","0.78","Sports","cj,sports,thqnordic","https://www.yuplay.com/media/products/safecracker-the-ultimate-puzzle-adventure/616/25f7f9382ea2cfdcb7f3642b3ef740533dde453c.jpg","https://www.yuplay.com/product/safecracker-the-ultimate-puzzle-adventure/?partner=cj","Ver Oferta","CJ","THQ Nordic"
"external","cj-37a5dc4671bd1bfa4004","Hermes: Sibyls' Prophecy","1","1","visible","Fight to save to the gods as they battle to retain their immortality!","Fight to save to the gods as they battle to retain their immortality!","none","1","","5.69","0.89","Accessories","cj,accessories,alawarentertainment","https://www.yuplay.com/media/products/hermes-sibyls-prophecy/616/0eb66038ccd05d43f576875423a9a6fe38edb0ab.jpg","https://www.yuplay.com/product/hermes-sibyls-prophecy/?partner=cj","Ver Oferta","CJ","Alawar Entertainment"
"external","cj-00dbf60c42a2eef191fb","WRC Generations - Citro&#235;n C4 DLC","1","1","visible","Between 2007 and 2010, the Citro&#235;n C4 WRC won 36 out of the 56 WRC rallies it took part in.","Between 2007 and 2010, the Citro&#235;n C4 WRC won 36 out of the 56 WRC rallies it took part in.","none","1","","3.99","0.63","Accessories","cj,accessories,nacon","https://www.yuplay.com/media/products/wrc-generations-citroen-c4-dlc/616/ff29ea5f69b9f67a3bf55aa9903958ad940547b2.jpg","https://www.yuplay.com/product/wrc-generations-citroen-c4-dlc/?partner=cj","Ver Oferta","CJ","Nacon"
"external","cj-138fc662d578b680e13a","Brigade E5: New Jagged Union","1","1","visible","Brigade E5: New Jagged Union puts you in control of a group of up to six mercenaries. This tactical RPG allows you to explore modern-day Palinero, a small wa...","Brigade E5: New Jagged Union puts you in control of a group of up to six mercenaries. This tactical RPG allows you to explore modern-day Palinero, a small wa...","none","1","","3.99","0.63","Accessories","cj,accessories,fulqrumpublishing","https://www.yuplay.com/media/products/brigade-e5-new-jagged-union/616/69f71b22e5056c7c243a481f7c769507cf3b76c7.jpg","https://www.yuplay.com/product/brigade-e5-new-jagged-union/?partner=cj","Ver Oferta","CJ","Fulqrum Publishing"
"external","cj-10562cf72b730df6629d","OutRage: Fight Fest","1","1","visible","Do damage, build rage and your character will get huge! Your character is customisable and there are a bunch of character skins waiting to be unlocked!JOIN T...","Do damage, build rage and your character will get huge! Your character is customisable and there are a bunch of character skins waiting to be unlocked!JOIN T...","none","1","","9.75","1.54","Accessories","cj,accessories,silverlininginteractive","https://www.yuplay.com/media/products/outrage-fight-fest/616/07c430c451bed039496dcfe22a41e66ea783436e.jpg","https://www.yuplay.com/product/outrage-fight-fest/?partner=cj","Ver Oferta","CJ","Silver Lining Interactive"
"external","cj-3059029f9c7332dee70a","Car Mechanic Shop Simulator","1","1","visible","Manage a prosperous car shop empire and enter the complex car maintenance and repair world.","Manage a prosperous car shop empire and enter the complex car maintenance and repair world.","none","1","","9.75","1.54","Accessories","cj,accessories,playwaysa","https://www.yuplay.com/media/products/car-mechanic-shop-simulator/616/c446d9702b537d480292700b3a4bb688f700fce3.jpg","https://www.yuplay.com/product/car-mechanic-shop-simulator/?partner=cj","Ver Oferta","CJ","PlayWay SA"
"external","cj-23358cd82d3dfe534b47","Second Sight","1","1","visible","Combining an atmospheric, psychological thriller narrative with paranormal psychic abilities, stealthy exploration and intense shooter action, Second Sight b...","Combining an atmospheric, psychological thriller narrative with paranormal psychic abilities, stealthy exploration and intense shooter action, Second Sight b...","none","1","","9.99","1.58","Accessories","cj,accessories,thqnordic","https://www.yuplay.com/media/products/second-sight/616/f5b7536fb0dc592f05a9b48ca6d869d1aab5e6bc.jpg","https://www.yuplay.com/product/second-sight/?partner=cj","Ver Oferta","CJ","THQ Nordic"
"external","cj-3486db35c11b0cae3e6e","Anmynor Puzzles","1","1","visible","Anmynor Puzzles is set in a world of magic &#160;where challenges await in the 100 levels that make up this adventure. Use and combine the abilities of 17 un...","Anmynor Puzzles is set in a world of magic &#160;where challenges await in the 100 levels that make up this adventure. Use and combine the abilities of 17 un...","none","1","","9.99","1.58","Accessories","cj,accessories,strategyfirst","https://www.yuplay.com/media/products/anmynor-puzzles/616/7a29a1b0bc782b92ba68eb1647b4c01f32c4e422.jpg","https://www.yuplay.com/product/anmynor-puzzles/?partner=cj","Ver Oferta","CJ","Strategy First"
"external","cj-074607ba9da0463be934","Train Valley 2: Workshop Gems - Amethyst","1","1","visible","The Train Valley 2 community is a real gem! Our players are full of creativity and outstanding ideas that help us and inspire us to move forward with the gam...","The Train Valley 2 community is a real gem! Our players are full of creativity and outstanding ideas that help us and inspire us to move forward with the gam...","none","1","","4.99","0.79","Accessories","cj,accessories,metapublishing","https://www.yuplay.com/media/products/train-valley-2-workshop-gems-amethyst/616/3def80f5ca57ce1bf841934b3c550bd4c0845955.jpg","https://www.yuplay.com/product/train-valley-2-workshop-gems-amethyst/?partner=cj","Ver Oferta","CJ","META Publishing"
"external","cj-2eac56febb2205c7b517","Two Worlds Collection","1","1","visible","Two Worlds Collection containsTwo Worlds Epic EditionTwo Worlds IITwo Worlds II - Pirates of the Flying Fortress DLCTwo Worlds II Castle DefenseTwo Worlds Ep...","Two Worlds Collection containsTwo Worlds Epic EditionTwo Worlds IITwo Worlds II - Pirates of the Flying Fortress DLCTwo Worlds II Castle DefenseTwo Worlds Ep...","none","1","","8.46","1.34","Books","cj,books,topwareinteractive","https://www.yuplay.com/media/products/two-worlds-collection/616/9cc14aa34fc7fc3befd106ae2676fb6d3ce6ee37.jpg","https://www.yuplay.com/product/two-worlds-collection/?partner=cj","Ver Oferta","CJ","TopWare Interactive"
"external","cj-1c3bbfc764969561d657","Starena","1","1","visible","&#8220;Starena&#8221; is a boss rush arena game with RPG elements in 3D voxel-art.In the future, science and technology have been greatly developed, people a...","&#8220;Starena&#8221; is a boss rush arena game with RPG elements in 3D voxel-art.In the future, science and technology have been greatly developed, people a...","none","1","","12.49","1.98","Electronics","cj,electronics,gameragames","https://www.yuplay.com/media/products/starena/616/7f610b28bebfc9d8c5b91450d38d76fe636507c6.jpg","https://www.yuplay.com/product/starena/?partner=cj","Ver Oferta","CJ","Gamera Games"
"external","cj-1c501297cb9ad636ad25","US Visual Novel","1","1","visible","Dive into five mysterious stories, each marked by a strange whisper from far, far away.","Dive into five mysterious stories, each marked by a strange whisper from far, far away.","none","1","","9.99","1.59","Books","cj,books,plugindigital","https://www.yuplay.com/media/products/us-visual-novel/616/5ebd979dfe59647058eac4ebfecde0e571e819bb.jpg","https://www.yuplay.com/product/us-visual-novel/?partner=cj","Ver Oferta","CJ","Plug In Digital"
"external","cj-30a54a3a69a66742b933","Please, Touch The Artwork","1","1","visible","Part of the fun in this game is finding out what the rules of the puzzle are. But there are always hints to help you progress! In essence it's just a calm ca...","Part of the fun in this game is finding out what the rules of the puzzle are. But there are always hints to help you progress! In essence it's just a calm ca...","none","1","","9.99","1.60","Accessories","cj,accessories,thomaswaterzooi","https://www.yuplay.com/media/products/please-touch-the-artwork/616/00d3c6ebd8ca62f9f029acc37bcf36d5423dfff1.jpg","https://www.yuplay.com/product/please-touch-the-artwork/?partner=cj","Ver Oferta","CJ","Thomas Waterzooi"
"external","cj-38a334a6d878a4a58e50","PewDiePie: Legend of the Brofist","1","1","visible","Join your favorite YouTubers on an Epic Quest in PewDiePie: Legend of the Brofist.","Join your favorite YouTubers on an Epic Quest in PewDiePie: Legend of the Brofist.","none","1","","7.99","1.28","Accessories","cj,accessories,outermindsinc","https://www.yuplay.com/media/products/pewdiepie-legend-of-the-brofist/616/e18515f03b5e157cc1a076d8e6cbc4f01a81eb85.jpg","https://www.yuplay.com/product/pewdiepie-legend-of-the-brofist/?partner=cj","Ver Oferta","CJ","Outerminds Inc."
"external","cj-1fea69bac6f1587ec009","7,62 High Calibre, 7,62 Hard Life, Brigade E5: New Jagged Union Pack","1","1","visible","This bundle includes: Brigade E5: New Jagged Union, 7,62 Hard Life, 7,62 High Calibre.","This bundle includes: Brigade E5: New Jagged Union, 7,62 Hard Life, 7,62 High Calibre.","none","1","","6.99","1.12","Accessories","cj,accessories,fulqrumpublishing","https://www.yuplay.com/media/products/762-high-calibre-762-hard-life-brigade-e5-new-jagged-union-pack/616/50cc00ad03ca594e9743f58a0dc19f1b4c91985f.jpg","https://www.yuplay.com/product/762-high-calibre-762-hard-life-brigade-e5-new-jagged-union-pack/?partner=cj","Ver Oferta","CJ","Fulqrum Publishing"
"external","cj-41c6954e115c241bb7b0","Chicken Labyrinth Puzzles","1","1","visible","Guide the lost chicken through a journey of mazes and puzzles to get home.","Guide the lost chicken through a journey of mazes and puzzles to get home.","none","1","","4.99","0.80","Home","cj,home,saindustry","https://www.yuplay.com/media/products/chicken-labyrinth-puzzles/616/6966e965f889665eadd17448dfbf2bdd671f9f05.jpg","https://www.yuplay.com/product/chicken-labyrinth-puzzles/?partner=cj","Ver Oferta","CJ","SA Industry"
"external","cj-1c6879b6f2628add8fb6","HELLDIVERS Support Pack","1","1","visible","Support HELLDIVERS are much loved by their squad mates and bring both firepower and medical aid to any squad they join. Wearing the classic grey cape with a ...","Support HELLDIVERS are much loved by their squad mates and bring both firepower and medical aid to any squad they join. Wearing the classic grey cape with a ...","none","1","","2.99","0.48","Sports","cj,sports,playstationpcllc","https://www.yuplay.com/media/products/helldiverstm-support-pack/616/abe9a5097007bb978c767296691b7c7bb4cdfbbe.jpg","https://www.yuplay.com/product/helldiverstm-support-pack/?partner=cj","Ver Oferta","CJ","PlayStation PC LLC"
"external","cj-06d7cc11570c8c7a38b7","Surfingers","1","1","visible","Surf as far as you can. Through the oceans, caves, snowy hills and deserts full of sand.","Surf as far as you can. Through the oceans, caves, snowy hills and deserts full of sand.","none","1","","1.99","0.32","Accessories","cj,accessories,foreverentertainmentsa","https://www.yuplay.com/media/products/surfingers/616/bf163b9ef16ec715df61924402e71121288a1d6b.jpg","https://www.yuplay.com/product/surfingers/?partner=cj","Ver Oferta","CJ","Forever Entertainment S. A."
"external","cj-1c6254141a920e7010d0","Men of Valor","1","1","visible","Vietnam, 1965. You are Dean Shepard, a ""cherry"" to the 'Nam with zero war experience other than standard boot camp training at Parris Island, SC. Along with ...","Vietnam, 1965. You are Dean Shepard, a ""cherry"" to the 'Nam with zero war experience other than standard boot camp training at Parris Island, SC. Along with ...","none","1","","9.99","1.61","Fashion","cj,fashion,thqnordic","https://www.yuplay.com/media/products/men-of-valor/616/2d6530817b328717cfe10c0807aca979f53cae3f.jpg","https://www.yuplay.com/product/men-of-valor/?partner=cj","Ver Oferta","CJ","THQ Nordic"
"external","cj-1d17541c3a7649ec7402","Dont Disturb","1","1","visible","&#8220;Don't Disturb&#8221; is a single-player puzzle adventure game with a beautiful and unique 2D style. The carefully crafted story explores the tradition...","&#8220;Don't Disturb&#8221; is a single-player puzzle adventure game with a beautiful and unique 2D style. The carefully crafted story explores the tradition...","none","1","","4.15","0.67","Accessories","cj,accessories,pqubelimited","https://www.yuplay.com/media/products/dont-disturb/616/c899be222c560e8d59ed4f49f2cafdafda8b7466.jpg","https://www.yuplay.com/product/dont-disturb/?partner=cj","Ver Oferta","CJ","PQube Limited"
"external","cj-09873a7803f824e2d994","Wall World 2","1","1","visible","The adventure in the mysterious world of the Wall continues!","The adventure in the mysterious world of the Wall continues!","none","1","","11.79","1.92","Accessories","cj,accessories,alawar","https://www.yuplay.com/media/products/wall-world-2/616/da407ac50f1a1bc5ea3d1f2725304866fa1ad93c.jpg","https://www.yuplay.com/product/wall-world-2/?partner=cj","Ver Oferta","CJ","Alawar"
"external","cj-1cda4a9679238fcc6a7b","Star Wolves","1","1","visible","Star wolves is a 3D space RPG with deep strategy and tactical elements. The game thrusts players into a world of freelance space hunters in the XXI-XXII cent...","Star wolves is a 3D space RPG with deep strategy and tactical elements. The game thrusts players into a world of freelance space hunters in the XXI-XXII cent...","none","1","","3.99","0.65","Accessories","cj,accessories,fulqrumpublishing","https://www.yuplay.com/media/products/star-wolves/616/0767a2d8c3863c4ea97b377ea8ca3fa770a02bc9.jpg","https://www.yuplay.com/product/star-wolves/?partner=cj","Ver Oferta","CJ","Fulqrum Publishing"
"external","cj-2bf8f48364d690c5044e","Parkan 2","1","1","visible","Parkan II is a next generation space simulator. The game allows you to travel around a vast universe, visiting a variety of planets and satellites, titanic s...","Parkan II is a next generation space simulator. The game allows you to travel around a vast universe, visiting a variety of planets and satellites, titanic s...","none","1","","3.99","0.65","Accessories","cj,accessories,fulqrumpublishing","https://www.yuplay.com/media/products/parkan-2/616/35298c42cbf47a3f2bdf247cb7aba19c8a33a5a0.jpg","https://www.yuplay.com/product/parkan-2/?partner=cj","Ver Oferta","CJ","Fulqrum Publishing"
"external","cj-05f0b13bd1fb2ec2ce33","Last Heroes","1","1","visible","Enjoy another classic 16-bit RPG from Warfare Studios of Vagrant Hearts, Ashes of Immortality and Valiant fame, and embark on a quest with Viktor as he makes...","Enjoy another classic 16-bit RPG from Warfare Studios of Vagrant Hearts, Ashes of Immortality and Valiant fame, and embark on a quest with Viktor as he makes...","none","1","","2.39","0.39","Accessories","cj,accessories,aldorleagames","https://www.yuplay.com/media/products/last-heroes/616/fce3c540623c1f3db56a688f2e68ec6383ac291b.jpg","https://www.yuplay.com/product/last-heroes/?partner=cj","Ver Oferta","CJ","Aldorlea Games"
"external","cj-173dbb355113b9953cf7","Far Cry 5 - Gold Edition","1","1","visible","Access additional content, and more, with the Season Pass.The Gold Edition includes the game, the Digital Deluxe Pack & the Season Pass.Far Cry 5 Season Pass...","Access additional content, and more, with the Season Pass.The Gold Edition includes the game, the Digital Deluxe Pack & the Season Pass.Far Cry 5 Season Pass...","none","1","","89.99","14.72","Books","cj,books,ubisoft","https://www.yuplay.com/media/products/far-cry-5-gold-edition/616/fc1d184d57b302c47a85bda88bbc54374b7761a7.jpg","https://www.yuplay.com/product/far-cry-5-gold-edition/?partner=cj","Ver Oferta","CJ","Ubisoft"
"external","cj-237f970a4d4d81309eb0","96 Mill","1","1","visible","Abandoned and marked for demolition, but its infamous legacy refuses to be buried.","Abandoned and marked for demolition, but its infamous legacy refuses to be buried.","none","1","","5.99","0.98","Accessories","cj,accessories,strategyfirst","https://www.yuplay.com/media/products/96-mill/616/dfec5a7aac271fbefc07b4e0cb257be5d05d7134.jpg","https://www.yuplay.com/product/96-mill/?partner=cj","Ver Oferta","CJ","Strategy First"
"external","cj-3a83a2a067eb524ccd18","Gotham Knights: Deluxe Edition","1","1","visible","Batman is dead. A new expansive, criminal underworld has swept the streets of Gotham City. It is now up to the Batman Family - Batgirl, Nightwing, Red Hood, ...","Batman is dead. A new expansive, criminal underworld has swept the streets of Gotham City. It is now up to the Batman Family - Batgirl, Nightwing, Red Hood, ...","none","1","","79.99","13.12","Home","cj,home,warnerbrosgames","https://www.yuplay.com/media/products/gotham-knights-deluxe-edition/616/e427f24186b1c0ce440d9bba141cd730717d1da8.jpeg","https://www.yuplay.com/product/gotham-knights-deluxe-edition/?partner=cj","Ver Oferta","CJ","Warner Bros. Games"
"external","cj-17457a655e69675bba01","Whacking Hell!","1","1","visible","The gates of hell have opened: whack all the monsters before they whack you!","The gates of hell have opened: whack all the monsters before they whack you!","none","1","","9.75","1.60","Accessories","cj,accessories,sanukgames","https://www.yuplay.com/media/products/whacking-hell/616/c5e61e36a3950a72a2bc47aa0d69bcacd0f8162b.jpg","https://www.yuplay.com/product/whacking-hell/?partner=cj","Ver Oferta","CJ","Sanuk Games"
"external","cj-014efae6f85813405d2f","Carry Onward","1","1","visible","Carry Onward is a short emotional narrative-driven game that follows Thomas, a grieving man, as he embarks on a journey of self-discovery while packing up hi...","Carry Onward is a short emotional narrative-driven game that follows Thomas, a grieving man, as he embarks on a journey of self-discovery while packing up hi...","none","1","","4.99","0.82","Accessories","cj,accessories,nejcraft","https://www.yuplay.com/media/products/carry-onward/616/5909d7fcfbfd827103c0ecd7a5b63212f7a8ae12.jpg","https://www.yuplay.com/product/carry-onward/?partner=cj","Ver Oferta","CJ","Nejcraft"
"external","cj-14641fc553be7c59fb16","Roguebook - Soundtrack","1","1","visible","Composed by Chance Thomas, the multi-award-winning artist who previously worked on Faeria, and remastered for the game's release in a 14-track album, the Rog...","Composed by Chance Thomas, the multi-award-winning artist who previously worked on Faeria, and remastered for the game's release in a 14-track album, the Rog...","none","1","","7.99","1.32","Books","cj,books,nacon","https://www.yuplay.com/media/products/roguebook-soundtrack/616/ee67f7732456d6abb5d0008882c474f563f33874.jpg","https://www.yuplay.com/product/roguebook-soundtrack/?partner=cj","Ver Oferta","CJ","Nacon"
"external","cj-091160ee4cd0bad8b3d4","BATTLEFIELD 2042 (Xbox One & Xbox Series X|S) Turkey","1","1","visible","Important Notice: Please, make sure that your IP is LOCATED in TURKEY during the key activation. After a successful activation, the game will be available wi...","Important Notice: Please, make sure that your IP is LOCATED in TURKEY during the key activation. After a successful activation, the game will be available wi...","none","1","","79.99","13.24","Electronics","cj,electronics,electronicarts","https://www.yuplay.com/media/products/battlefield-2042-xbox-one-xbox-series-xs-turkey/616/7d9a2923739c0dff0ee356dcd308f7d7d73b1ebc.jpg","https://www.yuplay.com/product/battlefield-2042-xbox-one-xbox-series-xs-turkey/?partner=cj","Ver Oferta","CJ","Electronic Arts"
"external","cj-2d8f24edf10b5735b097","Toaster Jam","1","1","visible","Fast paced breakfast themed arcade game with quirky puzzle elements.","Fast paced breakfast themed arcade game with quirky puzzle elements.","none","1","","1.99","0.33","Accessories","cj,accessories,snoutup","https://www.yuplay.com/media/products/toaster-jam/616/7f2de05b22442c8af1262bf463d17ff6be22a4da.jpg","https://www.yuplay.com/product/toaster-jam/?partner=cj","Ver Oferta","CJ","SnoutUp"
"external","cj-33c4837c20a46e68bedf","Knights and Merchants","1","1","visible","KNIGHTS and MERCHANTS recreates the era of the Middle Ages. Apart from the purely fictitious geography of our world, all game elements and scenes are based o...","KNIGHTS and MERCHANTS recreates the era of the Middle Ages. Apart from the purely fictitious geography of our world, all game elements and scenes are based o...","none","1","","6.99","1.16","Accessories","cj,accessories,topwareinteractive","https://www.yuplay.com/media/products/knights-and-merchants-2012-edition/616/a70629646ac145de469dc2a2e9422841d8e728f2.jpg","https://www.yuplay.com/product/knights-and-merchants-2012-edition/?partner=cj","Ver Oferta","CJ","TopWare Interactive"
"external","cj-1f1886c413b1de12ee72","Hearts of Iron III","1","1","visible","Hearts of Iron III lets you play the most engaging conflict in world history, World War 2, on all fronts as any country and through multiple different scenar...","Hearts of Iron III lets you play the most engaging conflict in world history, World War 2, on all fronts as any country and through multiple different scenar...","none","1","","9.99","1.66","Accessories","cj,accessories,paradoxinteractive","https://www.yuplay.com/media/products/hearts-of-iron-iii/616/d8e55dfab2c7872128d5343d7585d7252ef89757.jpg","https://www.yuplay.com/product/hearts-of-iron-iii/?partner=cj","Ver Oferta","CJ","Paradox Interactive"
"external","cj-044b3795744726aec2bb","Stunt Kite Masters VR","1","1","visible","Enjoy a beautiful day at the sunny beach, savor a majestic view on a mountain peak or feel the thrilling height of a skyscraper at night. Harness the wind an...","Enjoy a beautiful day at the sunny beach, savor a majestic view on a mountain peak or feel the thrilling height of a skyscraper at night. Harness the wind an...","none","1","","4.99","0.83","Accessories","cj,accessories,handygames","https://www.yuplay.com/media/products/stunt-kite-masters-vr/616/39ebb65b4eb222f43c44905f735d49ec3211371f.jpg","https://www.yuplay.com/product/stunt-kite-masters-vr/?partner=cj","Ver Oferta","CJ","HandyGames"
"external","cj-3b8143894aedf7e70af7","Timberman: The big Adventure","1","1","visible","Enter the Timberman universe! Enjoy the retro vibe of a 2D platformer with a classic 16-bit pixel art aesthetic.","Enter the Timberman universe! Enjoy the retro vibe of a 2D platformer with a classic 16-bit pixel art aesthetic.","none","1","","4.99","0.83","Accessories","cj,accessories,foreverentertainmentsa","https://www.yuplay.com/media/products/timberman-the-big-adventure/616/04b92c8d2becd2af19857af1401ce24a8814e0bf.jpg","https://www.yuplay.com/product/timberman-the-big-adventure/?partner=cj","Ver Oferta","CJ","Forever Entertainment S. A."
"external","cj-311845d8ac35728d49f4","SHOCK TROOPERS","1","1","visible","&#8220;SHOCK TROOPERS &#8221;, the fan favorite 2D top-down view action shooting game released exclusively on NEOGEO MVS in 1997, returns to the battlefield ...","&#8220;SHOCK TROOPERS &#8221;, the fan favorite 2D top-down view action shooting game released exclusively on NEOGEO MVS in 1997, returns to the battlefield ...","none","1","","7.99","1.33","Accessories","cj,accessories,snkcorporation","https://www.yuplay.com/media/products/shock-troopers/616/6ac9813ff2b48b255edfec430a3910dc9cc6a83d.jpg","https://www.yuplay.com/product/shock-troopers/?partner=cj","Ver Oferta","CJ","SNK CORPORATION"
"external","cj-1a74f2a9223238416ac6","Smash Up","1","1","visible","Smash Up is the award-winning shufflebuilding card game designed by Paul Peterson, now available in a beautiful digital adaptation so you can play on the go ...","Smash Up is the award-winning shufflebuilding card game designed by Paul Peterson, now available in a beautiful digital adaptation so you can play on the go ...","none","1","","6.89","1.15","Accessories","cj,accessories,nomadgames","https://www.yuplay.com/media/products/smash-up/616/bf0ca7bef3da9dfd70adca00b74eb7d832925c3a.jpg","https://www.yuplay.com/product/smash-up/?partner=cj","Ver Oferta","CJ","Nomad Games"
"external","cj-2438812762c8e7a05c82","Sniper Ghost Warrior 3 - The Sabotage","1","1","visible","Play as Robert North in this massive singleplayer expansion. See the story from the other side and witness the rise of the Separatists that lead to the main ...","Play as Robert North in this massive singleplayer expansion. See the story from the other side and witness the rise of the Separatists that lead to the main ...","none","1","","5.99","1.00","Home","cj,home,cigames","https://www.yuplay.com/media/products/sniper-ghost-warrior-3-the-sabotage/616/f9a7f62ce182500de83d9b0a11b6210ac6ae87ec.jpg","https://www.yuplay.com/product/sniper-ghost-warrior-3-the-sabotage/?partner=cj","Ver Oferta","CJ","CI Games"
"external","cj-09516eda6f249a9926bd","Men of War : Assault Squad 2 - Airborne","1","1","visible","Men of War: Assault Squad 2 - Airborne is the second DLC for AS2. It comes with a set of new features and additional single player content. Fight as airborne...","Men of War: Assault Squad 2 - Airborne is the second DLC for AS2. It comes with a set of new features and additional single player content. Fight as airborne...","none","1","","9.99","1.68","Accessories","cj,accessories,fulqrumpublishing","https://www.yuplay.com/media/products/men-of-war-assault-squad-2-airborne/616/92e19957202489289b60ba90cde8df4981051b00.jpg","https://www.yuplay.com/product/men-of-war-assault-squad-2-airborne/?partner=cj","Ver Oferta","CJ","Fulqrum Publishing"
"external","cj-1eb0e81999ce9c14222c","LUFTRAUSERS","1","1","visible","The skies will be set aflame and the seas will overflow with wreckage in Vlambeer's stylish arcade shooter LUFTRAUSERS! Select from over 125 combinations of ...","The skies will be set aflame and the seas will overflow with wreckage in Vlambeer's stylish arcade shooter LUFTRAUSERS! Select from over 125 combinations of ...","none","1","","9.75","1.64","Accessories","cj,accessories,devolverdigital","https://www.yuplay.com/media/products/luftrausers/616/0473df6d8fe31f6bdae8430022a9161e55c2e226.jpg","https://www.yuplay.com/product/luftrausers/?partner=cj","Ver Oferta","CJ","Devolver Digital"
"external","cj-3c33f748133f3d5bfb4e","X: Beyond The Frontier","1","1","visible","The Human Race had advanced to the point where we could travel  among the stars, we developed giant automated machines to help us  colonise other worlds, but...","The Human Race had advanced to the point where we could travel  among the stars, we developed giant automated machines to help us  colonise other worlds, but...","none","1","","4.99","0.84","Sports","cj,sports,egosoft","https://www.yuplay.com/media/products/x-beyond-the-frontier/616/c662a253bc94219b413524ec2d57dc69ae341e37.jpg","https://www.yuplay.com/product/x-beyond-the-frontier/?partner=cj","Ver Oferta","CJ","Egosoft"
"external","cj-0288d346112563fb5a5b","Prince of Qin","1","1","visible","Prince of Qin is an action RPG that blends fighting and strategic elements in a voyage through the ancient Qin Dynasty. Meet over 70 NPCs based on real histo...","Prince of Qin is an action RPG that blends fighting and strategic elements in a voyage through the ancient Qin Dynasty. Meet over 70 NPCs based on real histo...","none","1","","8.19","1.38","Accessories","cj,accessories,strategyfirst","https://www.yuplay.com/media/products/prince-of-qin/616/d29d62e29d8ada5669af9ad4dec3461d1cb27d47.jpg","https://www.yuplay.com/product/prince-of-qin/?partner=cj","Ver Oferta","CJ","Strategy First"
"external","cj-1e29fdb8631cdde19481","Gas Guzzlers Extreme: Full Metal Zombie","1","1","visible","A Zombie apocalypse has taken over the hi-octane GAS GUZZLERS EXTREME universe ! Normally this would be bad news for humanity, but not for you ! Armed to the...","A Zombie apocalypse has taken over the hi-octane GAS GUZZLERS EXTREME universe ! Normally this would be bad news for humanity, but not for you ! Armed to the...","none","1","","6.89","1.17","Accessories","cj,accessories,jagex","https://www.yuplay.com/media/products/gas-guzzlers-extreme-full-metal-zombie/616/d46def1bc667e6e8106f51186e0bd14fc0ed781b.jpg","https://www.yuplay.com/product/gas-guzzlers-extreme-full-metal-zombie/?partner=cj","Ver Oferta","CJ","Jagex"
"external","cj-29afdaa7e1efe1828dc6","Reign: Conflict of Nations","1","1","visible","Reign: Conflict of Nations is a large-scale real-time historical strategy game covering three centuries of medieval Europe.","Reign: Conflict of Nations is a large-scale real-time historical strategy game covering three centuries of medieval Europe.","none","1","","3.99","0.68","Accessories","cj,accessories,fulqrumpublishing","https://www.yuplay.com/media/products/reign-conflict-of-nations/616/09ec9c08a9f2f59408abde4e109da1baf2d10020.jpg","https://www.yuplay.com/product/reign-conflict-of-nations/?partner=cj","Ver Oferta","CJ","Fulqrum Publishing"
"external","cj-34ebd773a8881edef984","Re-Legion - Digital Soundtrack","1","1","visible","Please note!This content requires the base game Re-Legion on Steam in order to play.Available formats: 192 kbps MP3, 1411 kbps WAVTrack List:Follow the Proph...","Please note!This content requires the base game Re-Legion on Steam in order to play.Available formats: 192 kbps MP3, 1411 kbps WAVTrack List:Follow the Proph...","none","1","","3.99","0.68","Sports","cj,sports,fulqrumpublishing","https://www.yuplay.com/media/products/re-legion-digital-soundtrack/616/cd90f4eb887ae9d59edf04e79eb230ebf11f9566.jpg","https://www.yuplay.com/product/re-legion-digital-soundtrack/?partner=cj","Ver Oferta","CJ","Fulqrum Publishing"
"external","cj-3f0663750d2da40874f3","Perimeter","1","1","visible","Perimeter is an innovative real-time strategy game that puts players into a fight against each other or AI opponents to seize territory and establish critica...","Perimeter is an innovative real-time strategy game that puts players into a fight against each other or AI opponents to seize territory and establish critica...","none","1","","3.99","0.68","Accessories","cj,accessories,fulqrumpublishing","https://www.yuplay.com/media/products/perimeter/616/66d36dfc712327ef52cc575bfe01e3269d2e6a76.jpg","https://www.yuplay.com/product/perimeter/?partner=cj","Ver Oferta","CJ","Fulqrum Publishing"
"external","cj-00bbbf220d2f610eccd3","A.I.M Racing","1","1","visible","A.I.M. Racing welcomes you to the planet Polygon-4, where deadly vehicles of the distant future compete, swishing planet's dusty atmosphere at a tremendous p...","A.I.M. Racing welcomes you to the planet Polygon-4, where deadly vehicles of the distant future compete, swishing planet's dusty atmosphere at a tremendous p...","none","1","","2.99","0.51","Accessories","cj,accessories,fulqrumpublishing","https://www.yuplay.com/media/products/aim-racing/616/7758c9888d381f5ade9c085ecbcb1ed9ebf736d2.jpg","https://www.yuplay.com/product/aim-racing/?partner=cj","Ver Oferta","CJ","Fulqrum Publishing"
"external","cj-1fa68cdfb24a32b3f195","Blockstorm","1","1","visible","Blockstorm is a FPS game set in a world made of destructible blocks. All maps and characters included in the game are made with the same tools that are avail...","Blockstorm is a FPS game set in a world made of destructible blocks. All maps and characters included in the game are made with the same tools that are avail...","none","1","","6.99","1.20","Accessories","cj,accessories,indiegala","https://www.yuplay.com/media/products/blockstorm/616/85a2c720fcc23cf062d26513a7b658f0e8e93f03.jpg","https://www.yuplay.com/product/blockstorm/?partner=cj","Ver Oferta","CJ","IndieGala"
"external","cj-4182853a698358ff3266","Legacy of Kain: Soul Reaver 2","1","1","visible","In this sequel to the critically acclaimed Legacy of Kain: Soul Reaver, reassume the role of Raziel, and travel back through the currents of time into variou...","In this sequel to the critically acclaimed Legacy of Kain: Soul Reaver, reassume the role of Raziel, and travel back through the currents of time into variou...","none","1","","6.99","1.20","Accessories","cj,accessories,squareenix","https://www.yuplay.com/media/products/legacy-of-kain-soul-reaver-2/616/62deaac4114422b15681efb68eaa38737c7de9ad.jpg","https://www.yuplay.com/product/legacy-of-kain-soul-reaver-2/?partner=cj","Ver Oferta","CJ","Square Enix"
"external","cj-0939263d78d71bf348a2","The First Templar","1","1","visible","The First Templar follows the story of two main characters - a French  Templar, and his companion, a noble lady who has been proclaimed a  heretic. Taking co...","The First Templar follows the story of two main characters - a French  Templar, and his companion, a noble lady who has been proclaimed a  heretic. Taking co...","none","1","","5.92","1.02","Home","cj,home,kalypsomedia","https://www.yuplay.com/media/products/the-first-templar/616/400caff50d6b2f38776ca94260bc9f0464c3b5ed.jpg","https://www.yuplay.com/product/the-first-templar/?partner=cj","Ver Oferta","CJ","Kalypso Media"
"external","cj-0c5767dfe045d83b9578","Rig'n'Roll","1","1","visible","Players will step into the shoes of a young man in the year 2014 as he arrives in California to pursue his dreams of road domination and capture the Californ...","Players will step into the shoes of a young man in the year 2014 as he arrives in California to pursue his dreams of road domination and capture the Californ...","none","1","","4.99","0.86","Fashion","cj,fashion,fulqrumpublishing","https://www.yuplay.com/media/products/rignroll/616/e791a610406e113242113c5966fddf2a5516abb7.jpg","https://www.yuplay.com/product/rignroll/?partner=cj","Ver Oferta","CJ","Fulqrum Publishing"
"external","cj-3fc9ce115b958510253f","Theatre of War 2: Africa 1943","1","1","visible","Theatre of War&#160;2 covers the events of 1943 in Tunisia, North Africa. Recovering from their losses after the crushing&#160;defeat and subsequent retreat ...","Theatre of War&#160;2 covers the events of 1943 in Tunisia, North Africa. Recovering from their losses after the crushing&#160;defeat and subsequent retreat ...","none","1","","4.99","0.86","Accessories","cj,accessories,fulqrumpublishing","https://www.yuplay.com/media/products/theatre-of-war-2-africa-1943/616/cdde81002d55991a524f3c349f83115b149433af.jpg","https://www.yuplay.com/product/theatre-of-war-2-africa-1943/?partner=cj","Ver Oferta","CJ","Fulqrum Publishing"
"external","cj-0a941183cf875914f7f8","Planet Coaster - Spooky Pack","1","1","visible","A theme so dark it rose from the grave! Embrace the spook-tacular new supernatural content in Planet Coaster, and thrill your guests with surprises lurking a...","A theme so dark it rose from the grave! Embrace the spook-tacular new supernatural content in Planet Coaster, and thrill your guests with surprises lurking a...","none","1","","10.99","1.90","Accessories","cj,accessories,aspyrmediainc","https://www.yuplay.com/media/products/planet-coaster-spooky-pack/616/594fe3ae11716b0ad8e0d39c1bc26f17f4ee1c1e.jpg","https://www.yuplay.com/product/planet-coaster-spooky-pack/?partner=cj","Ver Oferta","CJ","Aspyr Media, Inc"
"external","cj-012355586c20b8935b8e","Perimeter + Perimeter: Emperor's Testament","1","1","visible","This bundle includes: Perimeter, Perimeter: Emperor's Testament.","This bundle includes: Perimeter, Perimeter: Emperor's Testament.","none","1","","6.99","1.21","Accessories","cj,accessories,fulqrumpublishing","https://www.yuplay.com/media/products/perimeter-plus-perimeter-emperors-testament/616/bb012bb8a7a3cfe8d8446e2ca908c01e9e76b02f.jpg","https://www.yuplay.com/product/perimeter-plus-perimeter-emperors-testament/?partner=cj","Ver Oferta","CJ","Fulqrum Publishing"
"external","cj-1177c31c3a0592d088c1","Men of War: Assault Squad 2 - Deluxe Edition Upgrade","1","1","visible","The Deluxe Edition of Men of War: Assault Squad 2 is the most prestigious version of the game. Display your dedicated support as one of the grandest online c...","The Deluxe Edition of Men of War: Assault Squad 2 is the most prestigious version of the game. Display your dedicated support as one of the grandest online c...","none","1","","6.99","1.21","Books","cj,books,fulqrumpublishing","https://www.yuplay.com/media/products/men-of-war-assault-squad-2-deluxe-edition-upgrade/616/d826bd3508cdefb6dd436d090726edd580dea8b6.jpg","https://www.yuplay.com/product/men-of-war-assault-squad-2-deluxe-edition-upgrade/?partner=cj","Ver Oferta","CJ","Fulqrum Publishing"
"external","cj-216fe21449f2b31e8b37","Omnibion War","1","1","visible","5 years have passed since the victory of the Coalition of United Colonies over the Omnigans. But the fragile times of peace and prosperity were again disrupt...","5 years have passed since the victory of the Coalition of United Colonies over the Omnigans. But the fragile times of peace and prosperity were again disrupt...","none","1","","6.99","1.21","Accessories","cj,accessories,fulqrumpublishing","https://www.yuplay.com/media/products/omnibion-war/616/5117ceb6dff47d74e2f15b7dd62ce112ccaad71b.jpg","https://www.yuplay.com/product/omnibion-war/?partner=cj","Ver Oferta","CJ","Fulqrum Publishing"
"external","cj-0914b71739491e0190d4","Penarium","1","1","visible","Penarium is set in a sinister circus arena, where contestants, much like Gladiators of old, are forced to entertain a sadistic crowd. In this frantic 2D aren...","Penarium is set in a sinister circus arena, where contestants, much like Gladiators of old, are forced to entertain a sadistic crowd. In this frantic 2D aren...","none","1","","8.99","1.56","Accessories","cj,accessories,team17","https://www.yuplay.com/media/products/penarium/616/7c04f371b9626f3406ce6f5472e9c519251c589c.jpg","https://www.yuplay.com/product/penarium/?partner=cj","Ver Oferta","CJ","Team17"
"external","cj-2214bfa1d20318b00360","Far Cry 6","1","1","visible","Welcome to Yara, a tropical paradise frozen in time. As the dictator of Yara, Ant&#243;n Castillo is intent on restoring his nation back to its former glory ...","Welcome to Yara, a tropical paradise frozen in time. As the dictator of Yara, Ant&#243;n Castillo is intent on restoring his nation back to its former glory ...","none","1","","59.99","10.42","Accessories","cj,accessories,ubisoft","https://www.yuplay.com/media/products/far-cry-6/616/af5b10a9cd57fcd853a40af43c23d4d16ba49e7a.jpg","https://www.yuplay.com/product/far-cry-6/?partner=cj","Ver Oferta","CJ","Ubisoft"
"external","cj-2c9ad579210a3cf77f95","Krinkle Krusher","1","1","visible","Krinkle Krusher is an action castle defense game where you cast elemental spells to defend your kingdom from twisted and hungry creatures called Krinkles. Af...","Krinkle Krusher is an action castle defense game where you cast elemental spells to defend your kingdom from twisted and hungry creatures called Krinkles. Af...","none","1","","2.99","0.52","Accessories","cj,accessories,funboxmedia","https://www.yuplay.com/media/products/krinkle-krusher/616/8062ff914004f686b7bc5ee5598089d94078e7ca.jpg","https://www.yuplay.com/product/krinkle-krusher/?partner=cj","Ver Oferta","CJ","Funbox Media"
"external","cj-25f1b1c1b40eeefe1b7a","Twinkle Star Sprites","1","1","visible","&#8220;TWINKLE STAR SPRITES &#8221;, a competitive 2D top-down view scrolling shooter released on NEOGEO MVS in 1996, departs for new adventures on the Steam...","&#8220;TWINKLE STAR SPRITES &#8221;, a competitive 2D top-down view scrolling shooter released on NEOGEO MVS in 1996, departs for new adventures on the Steam...","none","1","","7.99","1.39","Accessories","cj,accessories,snkcorporation","https://www.yuplay.com/media/products/twinkle-star-sprites/616/62db8dbc931902e5bb1fa5ad59ce6c2c81a5c0c6.jpg","https://www.yuplay.com/product/twinkle-star-sprites/?partner=cj","Ver Oferta","CJ","SNK CORPORATION"
"external","cj-05b30c09b27aae8fa40e","Haegemonia: Legions of Iron","1","1","visible","Haegemonia is a 3D strategy game of epic proportions build massive fleets, research new inventions, assign heroes and battle your way through levels as you e...","Haegemonia is a 3D strategy game of epic proportions build massive fleets, research new inventions, assign heroes and battle your way through levels as you e...","none","1","","4.99","0.87","Accessories","cj,accessories,plugindigital","https://www.yuplay.com/media/products/haegemonia-legions-of-iron/616/5d2a255f2d9b258606db851bef77dc316951ce52.jpg","https://www.yuplay.com/product/haegemonia-legions-of-iron/?partner=cj","Ver Oferta","CJ","Plug In Digital"
"external","cj-1f44e371a9837fee15a7","Train Valley 2: Workshop Gems - Amber","1","1","visible","Expand your railway empire with 50 rebuilt community levels. Enjoy fresh challenges, clever mechanics, multiple train eras, and brain-teasing puzzles created...","Expand your railway empire with 50 rebuilt community levels. Enjoy fresh challenges, clever mechanics, multiple train eras, and brain-teasing puzzles created...","none","1","","4.99","0.87","Home","cj,home,metapublishing","https://www.yuplay.com/media/products/train-valley-2-workshop-gems-amber/616/d1c560216fe090c2e669669d9c2e9ec50cdc4dbc.jpg","https://www.yuplay.com/product/train-valley-2-workshop-gems-amber/?partner=cj","Ver Oferta","CJ","META Publishing"
"external","cj-421407e25009cd6db641","Nickelodeon All-Star Brawl - Rocko Pack","1","1","visible","Rocko joins Nickelodeon All-Star Brawl! O-Town's favorite wallaby brings his dog Spunky and signature jackhammer into the brawl!This pack featuresPlayable br...","Rocko joins Nickelodeon All-Star Brawl! O-Town's favorite wallaby brings his dog Spunky and signature jackhammer into the brawl!This pack featuresPlayable br...","none","1","","4.99","0.87","Accessories","cj,accessories,gamemillentertainment","https://www.yuplay.com/media/products/nickelodeon-all-star-brawl-rocko-pack/616/210d3ceb6990336bc77b78622ad489097dbcc071.jpg","https://www.yuplay.com/product/nickelodeon-all-star-brawl-rocko-pack/?partner=cj","Ver Oferta","CJ","GameMill Entertainment"
"external","cj-3533dcf79ef308bc7f25","Dungeon Siege II","1","1","visible","It's been a generation since you vanquished the evil that plagued the Land of Ehb, and now&#8230;a new menace has awakened.  In Dungeon Siege II, the sequel ...","It's been a generation since you vanquished the evil that plagued the Land of Ehb, and now&#8230;a new menace has awakened.  In Dungeon Siege II, the sequel ...","none","1","","6.99","1.22","Accessories","cj,accessories,squareenix","https://www.yuplay.com/media/products/dungeon-siege-ii/616/73fcb29450b0cbe7739ad5b34e974ca80182dc70.jpg","https://www.yuplay.com/product/dungeon-siege-ii/?partner=cj","Ver Oferta","CJ","Square Enix"
"external","cj-06d6b5f891ed8d6e9e4b","Faeria - Premium Edition DLC","1","1","visible","Unlock the Premium Faeria experience. This package provides a mixture of accelerated progress and exclusive items. Maximize your time spent in Faeria with DO...","Unlock the Premium Faeria experience. This package provides a mixture of accelerated progress and exclusive items. Maximize your time spent in Faeria with DO...","none","1","","9.99","1.75","Books","cj,books,versusevil","https://www.yuplay.com/media/products/faeria-premium-edition-dlc/616/88b217ad07f021927578a147fbbf999aa5e561c3.jpg","https://www.yuplay.com/product/faeria-premium-edition-dlc/?partner=cj","Ver Oferta","CJ","Versus Evil"
"external","cj-14049229b31d1129770f","Gothic 3: Forsaken Gods Enhanced Edition","1","1","visible","After having banned the influence of the gods in Myrtana, the nameless hero and Xardas have left this world in order to prevail the balance of power. In thei...","After having banned the influence of the gods in Myrtana, the nameless hero and Xardas have left this world in order to prevail the balance of power. In thei...","none","1","","9.99","1.75","Books","cj,books,thqnordic","https://www.yuplay.com/media/products/gothic-3-forsaken-gods-enhanced-edition/616/5ebf2da3b228223ebea19dfd0adf78178945a44e.jpg","https://www.yuplay.com/product/gothic-3-forsaken-gods-enhanced-edition/?partner=cj","Ver Oferta","CJ","THQ Nordic"
"external","cj-10d5e1a77e49238d7aba","Vox Populi: Australia 2025","1","1","visible","Play as an existing or fully customisable political figure, and campaign for many alternative Australian elections!","Play as an existing or fully customisable political figure, and campaign for many alternative Australian elections!","none","1","","7.99","1.40","Accessories","cj,accessories,velsin","https://www.yuplay.com/media/products/vox-populi-australia-2025/616/67f557c548f2df4b096e135cbf72d2cc81138c38.jpg","https://www.yuplay.com/product/vox-populi-australia-2025/?partner=cj","Ver Oferta","CJ","Velsin"
"external","cj-2ba26f94a4363626760f","Need for Speed Heat","1","1","visible","A thrilling race experience pits you against a city's rogue police force as you battle your way into street racing's elite.","A thrilling race experience pits you against a city's rogue police force as you battle your way into street racing's elite.","none","1","","59.99","10.52","Electronics","cj,electronics,electronicarts","https://www.yuplay.com/media/products/need-for-speed-heat/616/12d4b419cd2b246b01c319cea503e19b02b2fce7.jpg","https://www.yuplay.com/product/need-for-speed-heat/?partner=cj","Ver Oferta","CJ","Electronic Arts"
"external","cj-2250afe53eba3e06b550","Darksiders Blades & Whip Franchise Pack","1","1","visible","Darksiders Blades & Whip Franchise Pack includes:Darksiders Warmastered Edition Darksiders II Deathinitive EditionDarksiders II Deathinitive Edition Soundtra...","Darksiders Blades & Whip Franchise Pack includes:Darksiders Warmastered Edition Darksiders II Deathinitive EditionDarksiders II Deathinitive Edition Soundtra...","none","1","","79.99","14.04","Books","cj,books,thqnordic","https://www.yuplay.com/media/products/darksiders-blades-whip-franchise-pack/616/dd70367432fa0d956c22e8e8fbabde42c6537333.jpg","https://www.yuplay.com/product/darksiders-blades-whip-franchise-pack/?partner=cj","Ver Oferta","CJ","THQ Nordic"
"external","cj-30ead8b242511a919be5","Zombo Buster Rising","1","1","visible","Shoot zombies from terrace like a boss! Zombo Buster Rising Remastered brings you a nostalgic experience of classic 2D side shooting-defense..","Shoot zombies from terrace like a boss! Zombo Buster Rising Remastered brings you a nostalgic experience of classic 2D side shooting-defense..","none","1","","1.99","0.35","Accessories","cj,accessories,firebeast","https://www.yuplay.com/media/products/zombo-buster-rising/616/07be00a00241ab38d31e357335cbb681d18f340e.jpg","https://www.yuplay.com/product/zombo-buster-rising/?partner=cj","Ver Oferta","CJ","FIREBEAST"
"external","cj-3f2d4f473ebe42186138","Just Dance 2022 (Nintendo Switch EU)","1","1","visible","Just Dance 2022, the ultimate dance game, is back with new universes and 40 hot new tracks from chart-topping hits like ""Believer"" by Imagine Dragons, ""Level...","Just Dance 2022, the ultimate dance game, is back with new universes and 40 hot new tracks from chart-topping hits like ""Believer"" by Imagine Dragons, ""Level...","none","1","","58.69","10.35","Sports","cj,sports,ubisoft","https://www.yuplay.com/media/products/just-dance-2022-nintendo-switch-eu/616/f945173c501c76f95e79011f98c5d45dec059040.jpg","https://www.yuplay.com/product/just-dance-2022-nintendo-switch-eu/?partner=cj","Ver Oferta","CJ","Ubisoft"
"external","cj-072068f0b65df02b9606","Millionaire Manor","1","1","visible","Your grandfather has disappeared! The only clue he left is a cryptic message about a game show that no longer exists. Can you overcome the mysteries of the M...","Your grandfather has disappeared! The only clue he left is a cryptic message about a game show that no longer exists. Can you overcome the mysteries of the M...","none","1","","4.99","0.88","Accessories","cj,accessories,strategyfirst","https://www.yuplay.com/media/products/millionaire-manor/616/182898b5950b870eb0723258a829ac86f4e9c7f2.jpg","https://www.yuplay.com/product/millionaire-manor/?partner=cj","Ver Oferta","CJ","Strategy First"
"external","cj-0928438edcced351a2a9","Qbik","1","1","visible","Go on an adventure as a small, one-eyed square, and traverse caves full of puzzles, riddles, and brainteasers! Discover 63 levels and the Level Editor on Ste...","Go on an adventure as a small, one-eyed square, and traverse caves full of puzzles, riddles, and brainteasers! Discover 63 levels and the Level Editor on Ste...","none","1","","4.99","0.88","Accessories","cj,accessories,foreverentertainmentsa","https://www.yuplay.com/media/products/qbik/616/07c7a5a1a471daa714d7b4866d7e014633a8e356.jpg","https://www.yuplay.com/product/qbik/?partner=cj","Ver Oferta","CJ","Forever Entertainment S. A."
"external","cj-0dc6e824daf41a4557f5","Zipple World 2: The Sweet Chaos","1","1","visible","The story of Zipple continues! The frog warrior this time must save the companions of the village and bring them to the houses scattered in the playing field...","The story of Zipple continues! The frog warrior this time must save the companions of the village and bring them to the houses scattered in the playing field...","none","1","","4.99","0.88","Home","cj,home,strategyfirst","https://www.yuplay.com/media/products/zipple-world-2-the-sweet-chaos/616/be708e9cd41df67354f46353292f74b296e3d27e.jpg","https://www.yuplay.com/product/zipple-world-2-the-sweet-chaos/?partner=cj","Ver Oferta","CJ","Strategy First"
"external","cj-1fa534b77d658dcae8d9","Dark Lore Mysteries: The Hunt For Truth","1","1","visible","A violent murder has awoken a small town with a troubled past. A town where evil was part oftheir history, fear was in their daily lives. They thought that c...","A violent murder has awoken a small town with a troubled past. A town where evil was part oftheir history, fear was in their daily lives. They thought that c...","none","1","","4.99","0.88","Accessories","cj,accessories,strategyfirst","https://www.yuplay.com/media/products/dark-lore-mysteries-the-hunt-for-truth/616/f6e4d53d502f174f75f0fff227bc0248c3dc6380.jpg","https://www.yuplay.com/product/dark-lore-mysteries-the-hunt-for-truth/?partner=cj","Ver Oferta","CJ","Strategy First"
"external","cj-3773c72d3a039639de73","Combat Mission Fortress Italy","1","1","visible","Combat Mission Fortress Italy brings wargamers to the ""soft underbelly of Europe"", a place that was anything but. A very often neglected theater of war, Fort...","Combat Mission Fortress Italy brings wargamers to the ""soft underbelly of Europe"", a place that was anything but. A very often neglected theater of war, Fort...","none","1","","58.99","10.42","Accessories","cj,accessories,slitherineltd","https://www.yuplay.com/media/products/combat-mission-fortress-italy/616/2389bc534c27a936ffb304a9eea28407ab936646.jpg","https://www.yuplay.com/product/combat-mission-fortress-italy/?partner=cj","Ver Oferta","CJ","Slitherine Ltd"
"external","cj-3db2af83e6c453036328","Kingdom Come: Deliverance - The Amorous Adventures of Bold Sir Hans Capon","1","1","visible","The heart of our much-loved young Sir Hans Capon is bursting with overwhelming longing for... his latest flame.The second DLC ""The Amorous Adventures of Bold...","The heart of our much-loved young Sir Hans Capon is bursting with overwhelming longing for... his latest flame.The second DLC ""The Amorous Adventures of Bold...","none","1","","5.99","1.06","Accessories","cj,accessories,warhorsestudios","https://www.yuplay.com/media/products/kingdom-come-deliverance-the-amorous-adventures-of-bold-sir-hans-capon/616/ad850db5e2052a20650d85503cbce2b4d364d681.jpg","https://www.yuplay.com/product/kingdom-come-deliverance-the-amorous-adventures-of-bold-sir-hans-capon/?partner=cj","Ver Oferta","CJ","Warhorse Studios"
"external","cj-170a478ab9a890c7c277","Dying Light - Volatile Hunter Bundle","1","1","visible","Spread terror among hordes of night zombies! Don your fluorescent outfit, equip special weapons, and get behind the wheel of the Volatile Hunter. Prove you w...","Spread terror among hordes of night zombies! Don your fluorescent outfit, equip special weapons, and get behind the wheel of the Volatile Hunter. Prove you w...","none","1","","2.99","0.53","Electronics","cj,electronics,techland","https://www.yuplay.com/media/products/dying-light-volatile-hunter-bundle/616/d0a1b1ad0f933bedb58dacd4c04aae8fb4ddfc49.jpg","https://www.yuplay.com/product/dying-light-volatile-hunter-bundle/?partner=cj","Ver Oferta","CJ","Techland"
"external","cj-392183dfffcbb878e46c","Daemonologie","1","1","visible","A short folk horror story about the Scottish witch trials. You play the role of a witch finder. Speak to the locals and sort their truths from their lies.","A short folk horror story about the Scottish witch trials. You play the role of a witch finder. Speak to the locals and sort their truths from their lies.","none","1","","2.99","0.53","Accessories","cj,accessories,orointeractive","https://www.yuplay.com/media/products/daemonologie/616/52e0500486f28e63b372d5244f01804ef0fa9b97.jpg","https://www.yuplay.com/product/daemonologie/?partner=cj","Ver Oferta","CJ","Oro Interactive"
"external","cj-1fcfa5c8ce7e3eaf3bcd","Ironclads: High Seas","1","1","visible","For over a year the forces of the United States of America (Northern States) and the Confederates States of America (Southern States) have fought a bitter wa...","For over a year the forces of the United States of America (Northern States) and the Confederates States of America (Southern States) have fought a bitter wa...","none","1","","7.99","1.42","Accessories","cj,accessories,strategyfirst","https://www.yuplay.com/media/products/ironclads-high-seas/616/00f5e307878ea7949c6b07b95bae10dc054d121b.jpg","https://www.yuplay.com/product/ironclads-high-seas/?partner=cj","Ver Oferta","CJ","Strategy First"
"external","cj-0d3c63b6e57309a98b1b","Naruto To Boruto Shinobi Striker - Ultimate Edition","1","1","visible","The Naruto franchise is back with a brand new experience in NARUTO TO BORUTO: SHINOBI STRIKER! This new game lets gamers battle as a team of 4 to compete aga...","The Naruto franchise is back with a brand new experience in NARUTO TO BORUTO: SHINOBI STRIKER! This new game lets gamers battle as a team of 4 to compete aga...","none","1","","79.99","14.23","Sports","cj,sports,bandainamcoentertainmentinc","https://www.yuplay.com/media/products/naruto-to-boruto-shinobi-striker-ultimate-edition/616/e49dfbd4a76810e7c4e3b7751c982b31b8a35fb3.jpg","https://www.yuplay.com/product/naruto-to-boruto-shinobi-striker-ultimate-edition/?partner=cj","Ver Oferta","CJ","Bandai Namco Entertainment Inc"
"external","cj-0f70b3175f237e2afdd7","Piggy Princess","1","1","visible","Help Piggy Princess escape from prison! Use physics, water and objects to solve puzzles. Launch Piggy Princess like in Angry Birds games.+ 50 amazing levels....","Help Piggy Princess escape from prison! Use physics, water and objects to solve puzzles. Launch Piggy Princess like in Angry Birds games.+ 50 amazing levels....","none","1","","3.99","0.71","Accessories","cj,accessories,immanitasentertainmentgmbh","https://www.yuplay.com/media/products/piggy-princess/616/0291bff6ae8087914161f6d8f7e0ac55ab88e719.jpg","https://www.yuplay.com/product/piggy-princess/?partner=cj","Ver Oferta","CJ","Immanitas Entertainment GmbH"
"external","cj-1f983378c547dee77f58","Ashes of the Singularity: Escalation - Epic Map Pack DLC","1","1","visible","Grab your friends - and your enemies - for some matches of epic  proportions on these new, large-sized maps! Holding between 4 and 6  players, each map provi...","Grab your friends - and your enemies - for some matches of epic  proportions on these new, large-sized maps! Holding between 4 and 6  players, each map provi...","none","1","","3.99","0.71","Sports","cj,sports,stardockentertainment","https://www.yuplay.com/media/products/ashes-of-the-singularity-escalation-epic-map-pack-dlc/616/e885a980132f93fd9f90ef3e65cfe7c074c65de0.jpg","https://www.yuplay.com/product/ashes-of-the-singularity-escalation-epic-map-pack-dlc/?partner=cj","Ver Oferta","CJ","Stardock Entertainment"
"external","cj-273c9edb95989d5e4452","Tomb Raider IV: The Last Revelation","1","1","visible","According to Egyptian legend, Horus, son of the light, outwitted the evil God Set and imprisoned him in a secret tomb. Five thousand years later, Lara Croft ...","According to Egyptian legend, Horus, son of the light, outwitted the evil God Set and imprisoned him in a secret tomb. Five thousand years later, Lara Croft ...","none","1","","6.99","1.25","Home","cj,home,squareenix","https://www.yuplay.com/media/products/tomb-raider-iv-the-last-revelation/616/e5c9fa5fdc2cc2569a882cbafaf223d182c5759b.jpg","https://www.yuplay.com/product/tomb-raider-iv-the-last-revelation/?partner=cj","Ver Oferta","CJ","Square Enix"
"external","cj-00631ca950897cc3402c","Emergency Call 112 - KEF - The minor operations vehicle","1","1","visible","The add-on &#8220;KEF - The minor operations vehicle&#8221; is the first extension for Emergency Call 112 - The Fire Fighting Simulation. It adds the namesak...","The add-on &#8220;KEF - The minor operations vehicle&#8221; is the first extension for Emergency Call 112 - The Fire Fighting Simulation. It adds the namesak...","none","1","","4.95","0.89","Accessories","cj,accessories,aerosoftgmbh","https://www.yuplay.com/media/products/emergency-call-112-kef-the-minor-operations-vehicle/616/45c2565685576616fb4387035ebfba333210e02c.jpg","https://www.yuplay.com/product/emergency-call-112-kef-the-minor-operations-vehicle/?partner=cj","Ver Oferta","CJ","Aerosoft GmbH"
"external","cj-22d334a73f7a16a002ab","STASIS Deluxe Edition","1","1","visible","STASIS The isometric, point-and-click, sci-fi horror adventure game! In the distant future aboard a seemingly abandoned spacecraft, John Maracheck awakes fro...","STASIS The isometric, point-and-click, sci-fi horror adventure game! In the distant future aboard a seemingly abandoned spacecraft, John Maracheck awakes fro...","none","1","","10.99","1.98","Books","cj,books,thebrotherhoodgames","https://www.yuplay.com/media/products/stasis-deluxe-edition/616/f3bccd60d2adb364e439f54a628b146f19bfff4b.jpg","https://www.yuplay.com/product/stasis-deluxe-edition/?partner=cj","Ver Oferta","CJ","THE BROTHERHOOD GAMES"
"external","cj-0a4758d30d34588f9ebc","Train Valley 2 - Patent Pending","1","1","visible","Spend 20 valleys train driving together with the Flazm Interactive's Delivery Puzzle Ideas Requisition Division, where no expense is spared and jur...","Spend 20 valleys train driving together with the Flazm Interactive's Delivery Puzzle Ideas Requisition Division, where no expense is spared and jur...","none","1","","5.99","1.08","Accessories","cj,accessories,metapublishing","https://www.yuplay.com/media/products/train-valley-2-patent-pending/616/1c30ad0f3814499746d2c00faf4936e6c71afad5.jpg","https://www.yuplay.com/product/train-valley-2-patent-pending/?partner=cj","Ver Oferta","CJ","META Publishing"
"external","cj-14b0e71d405220d5af3b","Dino running from a FURRY: GAMESFORFARM","1","1","visible","Dino Running from a FURRY: GAMESFORFARM is a bright 2.5D runner!","Dino Running from a FURRY: GAMESFORFARM is a bright 2.5D runner!","none","1","","2.99","0.54","Sports","cj,sports,pieceofvoxel","https://www.yuplay.com/media/products/dino-running-from-a-furry-gamesforfarm/616/76b457c6ece42fd242d75c6f050d52b6745911d1.jpg","https://www.yuplay.com/product/dino-running-from-a-furry-gamesforfarm/?partner=cj","Ver Oferta","CJ","Piece Of Voxel"
"external","cj-1f8e66883e6c9463ab81","The Tales of Bayun","1","1","visible","Can a flat world resting on the backs of three demon bears live in peace? Of course not!","Can a flat world resting on the backs of three demon bears live in peace? Of course not!","none","1","","6.89","1.25","Accessories","cj,accessories,east2westgames","https://www.yuplay.com/media/products/the-tales-of-bayun/616/8b54f13a94a64b2b1ab713f7f513f1c0ff4f1b3a.jpg","https://www.yuplay.com/product/the-tales-of-bayun/?partner=cj","Ver Oferta","CJ","East2West Games"
"external","cj-18e656c4e805a8e87cd6","Hard to be a God","1","1","visible","The ""Hard to be a God"" game will be a thoroughbred role-playing game   affirming all the best traditions of the genre. The storyline is   non-linear presenti...","The ""Hard to be a God"" game will be a thoroughbred role-playing game   affirming all the best traditions of the genre. The storyline is   non-linear presenti...","none","1","","7.99","1.45","Accessories","cj,accessories,fulqrumpublishing","https://www.yuplay.com/media/products/hard-to-be-a-god/616/27a1d633e132e0a86436116f8fcb7e5db5d2ddbe.jpg","https://www.yuplay.com/product/hard-to-be-a-god/?partner=cj","Ver Oferta","CJ","Fulqrum Publishing"
"external","cj-32ac7aaedd7bad093e34","The Dead Mountaineer's Hotel","1","1","visible","The remote hotel stands atop an ominous snow-peaked mountain, and death permeates every inch of the place.A crime has been committed here obviously, and the ...","The remote hotel stands atop an ominous snow-peaked mountain, and death permeates every inch of the place.A crime has been committed here obviously, and the ...","none","1","","7.99","1.45","Accessories","cj,accessories,fulqrumpublishing","https://www.yuplay.com/media/products/the-dead-mountaineers-hotel/616/8fe99da6cb5e995380349401e01322fb185bf868.jpg","https://www.yuplay.com/product/the-dead-mountaineers-hotel/?partner=cj","Ver Oferta","CJ","Fulqrum Publishing"
"external","cj-0f102d736f7daeedbd34","BloodNet","1","1","visible","I met her in her penthouse, expecting payment for the freelance job-and perhaps a little more. But I got more than I bargained for.","I met her in her penthouse, expecting payment for the freelance job-and perhaps a little more. But I got more than I bargained for.","none","1","","6.99","1.27","Accessories","cj,accessories,atari","https://www.yuplay.com/media/products/bloodnet/616/4379fec78ce5cd226e069d9ce383d51501251ab7.jpg","https://www.yuplay.com/product/bloodnet/?partner=cj","Ver Oferta","CJ","Atari"
"external","cj-224156b549ec28b491a9","THE LAST BLADE","1","1","visible","&#8220;THE LAST BLADE&#8221;, the first entry in the legendary 2D weapons-based fighter set during the twilight years of the Tokugawa shogunate, returns for ...","&#8220;THE LAST BLADE&#8221;, the first entry in the legendary 2D weapons-based fighter set during the twilight years of the Tokugawa shogunate, returns for ...","none","1","","9.99","1.82","Home","cj,home,snkcorporation","https://www.yuplay.com/media/products/the-last-blade/616/db21d81b1716f6c8c2dc880c0eb3565496571e6c.jpg","https://www.yuplay.com/product/the-last-blade/?partner=cj","Ver Oferta","CJ","SNK CORPORATION"
"external","cj-0e214adb8e3eb67d55e1","Alien Isolation Lost Contact","1","1","visible","Welcome to Lost Contact, the fourth add-on content pack for Alien: Isolation, returning to the epic Salvage Mode.  Trapped in deep space on board Sevastopol,...","Welcome to Lost Contact, the fourth add-on content pack for Alien: Isolation, returning to the epic Salvage Mode.  Trapped in deep space on board Sevastopol,...","none","1","","7.99","1.46","Accessories","cj,accessories,sega","https://www.yuplay.com/media/products/alien-isolation-lost-contact/616/63545a2f40b8c4ef2c4882aad179a60c9bcbdb7d.jpg","https://www.yuplay.com/product/alien-isolation-lost-contact/?partner=cj","Ver Oferta","CJ","SEGA"
"external","cj-15e5e5e0ce608626f7e8","Creeping Terror","1","1","visible","Trapped below a creepy abandoned mansion deep in the forest, a group of friends find themselves on the run from a terrifying monster. Using only her wits and...","Trapped below a creepy abandoned mansion deep in the forest, a group of friends find themselves on the run from a terrifying monster. Using only her wits and...","none","1","","8.99","1.65","Accessories","cj,accessories,aksysgames","https://www.yuplay.com/media/products/creeping-terror/616/0640e12126593b44c6f26e0b7a901061f05e5b3b.jpg","https://www.yuplay.com/product/creeping-terror/?partner=cj","Ver Oferta","CJ","Aksys Games"
"external","cj-3a57ae5b5ac6356a8695","Total War: ATTILA - Celts Culture Pack","1","1","visible","The Celts Culture Pack brings three new playable factions to Total War: ATTILA. The Picts, the Caledonians and the Ebdanians may be used in Single or Multipl...","The Celts Culture Pack brings three new playable factions to Total War: ATTILA. The Picts, the Caledonians and the Ebdanians may be used in Single or Multipl...","none","1","","8.99","1.65","Accessories","cj,accessories,sega","https://www.yuplay.com/media/products/total-war-attila-celts-culture-pack/616/32c6ffe517afb38963af24f2f0fd0e3e5ab5036f.jpg","https://www.yuplay.com/product/total-war-attila-celts-culture-pack/?partner=cj","Ver Oferta","CJ","SEGA"
"external","cj-2de4d48d3e48f2b67add","Pure Farming 2018 - Germany Map","1","1","visible","Expand Pure Farming 2018 with the Germany Map for hours of additional gameplay. Run a new farm located in one of the most beautiful parts of Germany and try ...","Expand Pure Farming 2018 with the Germany Map for hours of additional gameplay. Run a new farm located in one of the most beautiful parts of Germany and try ...","none","1","","5.99","1.10","Electronics","cj,electronics,techland","https://www.yuplay.com/media/products/pure-farming-2018-germany-map/616/52a1dcbf54744e697af4ee6c86ec887038ceb62b.jpg","https://www.yuplay.com/product/pure-farming-2018-germany-map/?partner=cj","Ver Oferta","CJ","Techland"
"external","cj-2204cfae15967da77006","Eville - Season Pass 2","1","1","visible","Welcome, Villager. Let us travel together to Frostpit!The Eville Season 2 Pass offers 60 levels of exciting new content! It includes new Avatars, Accessories...","Welcome, Villager. Let us travel together to Frostpit!The Eville Season 2 Pass offers 60 levels of exciting new content! It includes new Avatars, Accessories...","none","1","","6.99","1.30","Accessories","cj,accessories,versusevil","https://www.yuplay.com/media/products/eville-season-pass-2-journey-to-frostpit/616/7b85757602ed109bcafc166121d60e883c6c8d7d.jpg","https://www.yuplay.com/product/eville-season-pass-2-journey-to-frostpit/?partner=cj","Ver Oferta","CJ","Versus Evil"
"external","cj-1f625032e68213c06102","THE LAST BLADE 2","1","1","visible","This widely revered NEOGEO masterpiece is finally available on STEAM! Not only a perfect port of the original game, the STEAM version of THE LAST BLADE 2 wil...","This widely revered NEOGEO masterpiece is finally available on STEAM! Not only a perfect port of the original game, the STEAM version of THE LAST BLADE 2 wil...","none","1","","9.99","1.86","Accessories","cj,accessories,snkcorporation","https://www.yuplay.com/media/products/the-last-blade-2/616/2cf782e9165aa97712b2827d4fe0dd03390fc700.jpg","https://www.yuplay.com/product/the-last-blade-2/?partner=cj","Ver Oferta","CJ","SNK CORPORATION"
"external","cj-3e8cf0b5b7de566dd135","Space Pioneer","1","1","visible","The shooter game to give aliens a taste of space justice throughout the galaxy.","The shooter game to give aliens a taste of space justice throughout the galaxy.","none","1","","9.99","1.86","Accessories","cj,accessories,plugindigital","https://www.yuplay.com/media/products/space-pioneer/616/582a675c9b146d9bbab07754d04ee33e5142b878.jpg","https://www.yuplay.com/product/space-pioneer/?partner=cj","Ver Oferta","CJ","Plug In Digital"
"external","cj-01a332b54c1bed08937a","Survivor Squad: Gauntlets","1","1","visible","Survivor Squad: Gauntlets is a Strategy-Action game where you command a Squad of Survivors in a world where Line of Sight is extremely important, you cannot ...","Survivor Squad: Gauntlets is a Strategy-Action game where you command a Squad of Survivors in a world where Line of Sight is extremely important, you cannot ...","none","1","","4.99","0.93","Accessories","cj,accessories,endlessloopstudios","https://www.yuplay.com/media/products/survivor-squad-gauntlets/616/f86b04b49dcfaa8b04d0575e3b42ae0a51c98680.jpg","https://www.yuplay.com/product/survivor-squad-gauntlets/?partner=cj","Ver Oferta","CJ","Endless Loop Studios"
"external","cj-15dcc6699607d14ca7e5","Hyper Knights","1","1","visible","Raise your army, learn powerful combos and take back your land!","Raise your army, learn powerful combos and take back your land!","none","1","","4.99","0.93","Accessories","cj,accessories,endlessloopstudios","https://www.yuplay.com/media/products/hyper-knights/616/305cc12d4cb4782a748a066095fee326591f44e9.jpg","https://www.yuplay.com/product/hyper-knights/?partner=cj","Ver Oferta","CJ","Endless Loop Studios"
"external","cj-1737bbdef6fc2fceed8b","Imperium Galactica I","1","1","visible","Imperium Galactica. The Universe is yours... if you can handle it. The fourth millennium. Mankind has colonised the galaxy. Created an Empire. Now, it is cru...","Imperium Galactica. The Universe is yours... if you can handle it. The fourth millennium. Mankind has colonised the galaxy. Created an Empire. Now, it is cru...","none","1","","4.99","0.93","Accessories","cj,accessories,thqnordic","https://www.yuplay.com/media/products/imperium-galactica/616/62a87f248d5e292a18dec56400c859996ff965f5.jpg","https://www.yuplay.com/product/imperium-galactica/?partner=cj","Ver Oferta","CJ","THQ Nordic"
"external","cj-086cb3cb6d406a091a72","Circle Empires","1","1","visible","Circle Empires is a fresh take on the RTS genre, featuring a fast-paced approach to conquering the world.","Circle Empires is a fresh take on the RTS genre, featuring a fast-paced approach to conquering the world.","none","1","","6.59","1.23","Accessories","cj,accessories,iceberginteractive","https://www.yuplay.com/media/products/circle-empires/616/96709ea4af970e74e481b3e1e2c57131653f001d.jpg","https://www.yuplay.com/product/circle-empires/?partner=cj","Ver Oferta","CJ","Iceberg Interactive"
"external","cj-41e243277d6baed64e19","DJMAX RESPECT V - TRILOGY Original Soundtrack(REMASTERED)","1","1","visible","DJMAX RESPECT V - TRILOGY Original Soundtrack Meet the 'DJMAX TRILOGY' Original Soundtrack Now!This package contains a total of 45 original tracks in mp3 / W...","DJMAX RESPECT V - TRILOGY Original Soundtrack Meet the 'DJMAX TRILOGY' Original Soundtrack Now!This package contains a total of 45 original tracks in mp3 / W...","none","1","","8.19","1.53","Accessories","cj,accessories,neowiz","https://www.yuplay.com/media/products/djmax-respect-v-trilogy-original-soundtrackremastered/616/3036263f0472c468a6a42f0713dde43cfdabb2dd.jpg","https://www.yuplay.com/product/djmax-respect-v-trilogy-original-soundtrackremastered/?partner=cj","Ver Oferta","CJ","NEOWIZ"
"external","cj-403ac1f2a12b1099a9a5","Dying Light - Gun Psycho Bundle","1","1","visible","Get crazy about guns! Put on the exclusive Gun Psycho outfit, excel in precision shooting thanks to the reflex sight on your shiny new Marksman Rifle, and co...","Get crazy about guns! Put on the exclusive Gun Psycho outfit, excel in precision shooting thanks to the reflex sight on your shiny new Marksman Rifle, and co...","none","1","","2.99","0.56","Electronics","cj,electronics,techland","https://www.yuplay.com/media/products/dying-light-gun-psycho-bundle/616/9a43ff957733c00b44f4c9abd8395f00f7164ef0.jpg","https://www.yuplay.com/product/dying-light-gun-psycho-bundle/?partner=cj","Ver Oferta","CJ","Techland"
"external","cj-416c5cbdb583c7dd75aa","Safety First","1","1","visible","Safety First! is a twin stick physics puzzler in which you have to fix broken electric wires using your Magical Yellow Repair Liquid (MYRL). Get ready for a ...","Safety First! is a twin stick physics puzzler in which you have to fix broken electric wires using your Magical Yellow Repair Liquid (MYRL). Get ready for a ...","none","1","","2.99","0.56","Books","cj,books,headup","https://www.yuplay.com/media/products/safety-first/616/ca1eabc42089803023287876563351bb54e51b2e.jpg","https://www.yuplay.com/product/safety-first/?partner=cj","Ver Oferta","CJ","Headup"
"external","cj-2d40d74f27854a6472a4","Goat Simulator","1","1","visible","Goat Simulator is the latest in goat simulation technology, bringing next-gen goat simulation to YOU. You no longer have to fantasize about being a goat, you...","Goat Simulator is the latest in goat simulation technology, bringing next-gen goat simulation to YOU. You no longer have to fantasize about being a goat, you...","none","1","","9.99","1.88","Electronics","cj,electronics,coffeestainstudios","https://www.yuplay.com/media/products/goat-simulator/616/df1a655b4807f215c37c90329337dec0e2f31356.jpg","https://www.yuplay.com/product/goat-simulator/?partner=cj","Ver Oferta","CJ","Coffee Stain Studios"
"external","cj-2b223bfa13ae574676be","Moving Out - Movers in Paradise","1","1","visible","Pack your bags and grab your Haul Pass-port! We're heading off to a team-building power weekend on Packmore Island!Welcome to Movers in Paradise, the latest ...","Pack your bags and grab your Haul Pass-port! We're heading off to a team-building power weekend on Packmore Island!Welcome to Movers in Paradise, the latest ...","none","1","","7.49","1.41","Accessories","cj,accessories,team17","https://www.yuplay.com/media/products/moving-out-movers-in-paradise/616/f2b57b936d33a9698ca327cca39ab79725dd5824.jpg","https://www.yuplay.com/product/moving-out-movers-in-paradise/?partner=cj","Ver Oferta","CJ","Team17"
"external","cj-2ef75705aac6ce0bae34","Goat Simulator: Waste of Space","1","1","visible","Goat simulation is finally leaving the planet where it was once conceived to explore the endless possibilities of space (Though we only had time to explore s...","Goat simulation is finally leaving the planet where it was once conceived to explore the endless possibilities of space (Though we only had time to explore s...","none","1","","4.99","0.94","Accessories","cj,accessories,coffeestainstudios","https://www.yuplay.com/media/products/goat-simulator-waste-of-space/616/bb9f8efc1afb663e10117655a9aa6b9fe9d3c135.jpg","https://www.yuplay.com/product/goat-simulator-waste-of-space/?partner=cj","Ver Oferta","CJ","Coffee Stain Studios"
"external","cj-3e5e1915da82d2171fa8","Cossacks: European Wars","1","1","visible","Cossacks: European Wars is a historical real-time strategy based on events of the 16th through the 18th centuries in Europe, when nations and states were cre...","Cossacks: European Wars is a historical real-time strategy based on events of the 16th through the 18th centuries in Europe, when nations and states were cre...","none","1","","4.99","0.94","Accessories","cj,accessories,gscgameworld","https://www.yuplay.com/media/products/cossacks-european-wars/616/ea477514ccfdc943e33aaf4ad74d111d84844c93.jpg","https://www.yuplay.com/product/cossacks-european-wars/?partner=cj","Ver Oferta","CJ","GSC Game World"
"external","cj-0d26d6d4178b72dc8bc3","Archery Club","1","1","visible","Archery Club is an archery game with multiple exciting game types and an extensive upgrade system. Become a master archer, collect the best equipment and win!","Archery Club is an archery game with multiple exciting game types and an extensive upgrade system. Become a master archer, collect the best equipment and win!","none","1","","9.75","1.84","Accessories","cj,accessories,boombit","https://www.yuplay.com/media/products/archery-club/616/6ba91d75a45117ab39381284a1a1569258a2a654.jpg","https://www.yuplay.com/product/archery-club/?partner=cj","Ver Oferta","CJ","BoomBit"
"external","cj-221f696a0ac30127b3c5","Neptunia Virtual Stars - Item Booster Pack DLC","1","1","visible","Let your fun flag fly!Increase your EXP and Fans with the following accessories:  Effort and Guts Flag x 3  Fan Recruitment Flag x 3*Accessed by using ""Get E...","Let your fun flag fly!Increase your EXP and Fans with the following accessories:  Effort and Guts Flag x 3  Fan Recruitment Flag x 3*Accessed by using ""Get E...","none","1","","2.99","0.57","Accessories","cj,accessories,ideafactoryinternational","https://www.yuplay.com/media/products/neptunia-virtual-stars-item-booster-pack-dlc/616/9a707cd6c389281aa45e4ae5384a669c7456b059.jpg","https://www.yuplay.com/product/neptunia-virtual-stars-item-booster-pack-dlc/?partner=cj","Ver Oferta","CJ","Idea Factory International"
"external","cj-2524630ee8c6db7f0653","South Park: The Fractured but Whole (Xbox One & Xbox Series X|S) Europe","1","1","visible","Create your own superhero and unveil the darkest conspiracy South Park has ever faced!","Create your own superhero and unveil the darkest conspiracy South Park has ever faced!","none","1","","59.99","11.45","Accessories","cj,accessories,ubisoft","https://www.yuplay.com/media/products/south-parktm-the-fractured-but-wholetm-xbox-one-xbox-series-xs-europe/616/4cc2a13940b01592e6e91a144e7acceb0d8b36d0.jpg","https://www.yuplay.com/product/south-parktm-the-fractured-but-wholetm-xbox-one-xbox-series-xs-europe/?partner=cj","Ver Oferta","CJ","Ubisoft"
"external","cj-18159b6f6166e8fcabc9","The Worm","1","1","visible","The Worm is a game that mixes the classic with innovation!","The Worm is a game that mixes the classic with innovation!","none","1","","4.99","0.96","Accessories","cj,accessories,strategyfirst","https://www.yuplay.com/media/products/the-worm/616/e7bbbc67c6fe90342fae0aff45f67c33cf220e55.jpg","https://www.yuplay.com/product/the-worm/?partner=cj","Ver Oferta","CJ","Strategy First"
"external","cj-0b727c7aed5d78194e38","Dead Age 2","1","1","visible","The successful indie survival RPG ""Dead Age"" (84% very positive) is back with a vengeance! No other game offers this mix of role-playing, rogue-like, fast-pa...","The successful indie survival RPG ""Dead Age"" (84% very positive) is back with a vengeance! No other game offers this mix of role-playing, rogue-like, fast-pa...","none","1","","4.83","0.93","Accessories","cj,accessories,headup","https://www.yuplay.com/media/products/dead-age-2/616/38e737e2930b520020223086b6037b70ad688f67.jpg","https://www.yuplay.com/product/dead-age-2/?partner=cj","Ver Oferta","CJ","Headup"
"external","cj-1bba1f780728e0d38d96","STAY COOL, KOBAYASHI-SAN!: A RIVER CITY RANSOM STORY","1","1","visible","A short while after the events of """"Downtown Nekketsu Monogatari""""...Reiho High School, where the battle took place, has these Big Four, who are feared by al...","A short while after the events of """"Downtown Nekketsu Monogatari""""...Reiho High School, where the battle took place, has these Big Four, who are feared by al...","none","1","","7.99","1.54","Accessories","cj,accessories,h2interactivecoltd","https://www.yuplay.com/media/products/stay-cool-kobayashi-san-a-river-city-ransom-story/616/e4159c604a9454bec8f692aea6b9eddeabfcf528.jpg","https://www.yuplay.com/product/stay-cool-kobayashi-san-a-river-city-ransom-story/?partner=cj","Ver Oferta","CJ","H2 Interactive Co., Ltd"
"external","cj-18741922b68617ea59fe","Sniper Elite 5 Deluxe Edition","1","1","visible","Sniper Elite 5 Deluxe Edition includes Sniper Elite 5 (base game) and Season Pass One. Fight your way across the most immersive maps yet, with many real-worl...","Sniper Elite 5 Deluxe Edition includes Sniper Elite 5 (base game) and Season Pass One. Fight your way across the most immersive maps yet, with many real-worl...","none","1","","79.99","15.42","Books","cj,books,rebellion","https://www.yuplay.com/media/products/sniper-elite-5-deluxe-edition/616/9cfdfd74d11d2dfe11337dc5d921de132476097b.jpg","https://www.yuplay.com/product/sniper-elite-5-deluxe-edition/?partner=cj","Ver Oferta","CJ","Rebellion"
"external","cj-32c126865da847d02005","The Escapists 2 - Dungeons and Duct Tape","1","1","visible","This content requires the base game The Escapists 2 on Steam in order to play.Season pass holders: this content is part of the season pass!Hear ye, hear ye, ...","This content requires the base game The Escapists 2 on Steam in order to play.Season pass holders: this content is part of the season pass!Hear ye, hear ye, ...","none","1","","3.99","0.77","Accessories","cj,accessories,team17","https://www.yuplay.com/media/products/the-escapists-2-dungeons-and-duct-tape/616/2489e4ea817b9fc09576193d2c8e3c30f466ed4f.jpg","https://www.yuplay.com/product/the-escapists-2-dungeons-and-duct-tape/?partner=cj","Ver Oferta","CJ","Team17"
"external","cj-000a9be3067d86f2c89d","HELLDIVERS Precision Expert Pack","1","1","visible","Equipped with specialized measuring gear, these Helldivers excel at landing precision strikes in a shorter time than other Helldivers.&#160;When you absolute...","Equipped with specialized measuring gear, these Helldivers excel at landing precision strikes in a shorter time than other Helldivers.&#160;When you absolute...","none","1","","2.99","0.58","Accessories","cj,accessories,playstationpcllc","https://www.yuplay.com/media/products/helldiverstm-precision-expert-pack/616/2514a64a4d8ac82c5dfac4ea36b68c4006c8c481.jpg","https://www.yuplay.com/product/helldiverstm-precision-expert-pack/?partner=cj","Ver Oferta","CJ","PlayStation PC LLC"
"external","cj-0410ab662c372ec87e82","Survivor Squad","1","1","visible","Survivor Squad is a Strategy Action game where you control a Squad of up to four survivors and guide them through a highly randomized world looking for suppl...","Survivor Squad is a Strategy Action game where you control a Squad of up to four survivors and guide them through a highly randomized world looking for suppl...","none","1","","2.99","0.58","Books","cj,books,endlessloopstudios","https://www.yuplay.com/media/products/survivor-squad/616/92b756a8c5533c94ad50bdc49dea990df6a432d5.jpg","https://www.yuplay.com/product/survivor-squad/?partner=cj","Ver Oferta","CJ","Endless Loop Studios"
"external","cj-2304b6328a61df1c6fd5","HELLDIVERS Specialist Pack","1","1","visible","When you need to move fast through difficult terrain, the Terrain Specialist is the Helldiver to call upon.Equipped with all weather gear and boots capable o...","When you need to move fast through difficult terrain, the Terrain Specialist is the Helldiver to call upon.Equipped with all weather gear and boots capable o...","none","1","","2.99","0.58","Fashion","cj,fashion,playstationpcllc","https://www.yuplay.com/media/products/helldivers-specialist-pack/616/3d8d93ac272fd66c0dedc7041e0c45803f859c44.jpg","https://www.yuplay.com/product/helldivers-specialist-pack/?partner=cj","Ver Oferta","CJ","PlayStation PC LLC"
"external","cj-251319d13609dd7d28de","US and THEM","1","1","visible","&#8220;Us And Them - Cold War&#8221; is a turn-based strategy game about cold war that you can play either as CIA or KGB.Although it is a game of territorial...","&#8220;Us And Them - Cold War&#8221; is a turn-based strategy game about cold war that you can play either as CIA or KGB.Although it is a game of territorial...","none","1","","2.99","0.58","Accessories","cj,accessories,strategyfirst","https://www.yuplay.com/media/products/us-and-them/616/47368af8d42b149df1ba379f82fbcd77da84e257.jpg","https://www.yuplay.com/product/us-and-them/?partner=cj","Ver Oferta","CJ","Strategy First"
"external","cj-2b1ee0b1c11dc0263997","Dying Light - Godfather Bundle","1","1","visible","'Travel back to the romantic golden age of the Mob, when gangsters had style and a code of honor. Put on the smart new outfit and become The Don, dressed to ...","'Travel back to the romantic golden age of the Mob, when gangsters had style and a code of honor. Put on the smart new outfit and become The Don, dressed to ...","none","1","","2.99","0.58","Electronics","cj,electronics,techland","https://www.yuplay.com/media/products/dying-light-godfather-bundle/616/0d6129aeb626af0275f5b58d8a777ccdd8b5e5d7.jpg","https://www.yuplay.com/product/dying-light-godfather-bundle/?partner=cj","Ver Oferta","CJ","Techland"
"external","cj-3a3e9b7ffb3e81cdbf70","HELLDIVERS Pistols Perk Pack","1","1","visible","The Pistols Perk Pack is a collection of unique non standard sidearms. These are normally not issued to Helldivers due to their specialization compared to th...","The Pistols Perk Pack is a collection of unique non standard sidearms. These are normally not issued to Helldivers due to their specialization compared to th...","none","1","","2.99","0.58","Accessories","cj,accessories,playstationpcllc","https://www.yuplay.com/media/products/helldiverstm-pistols-perk-pack/616/e671cd918e3767052367f73f03439ea95b050437.jpg","https://www.yuplay.com/product/helldiverstm-pistols-perk-pack/?partner=cj","Ver Oferta","CJ","PlayStation PC LLC"
"external","cj-417ff2c4c250c89a4b15","Hero of Fate","1","1","visible","Hero of Fate is a smooth and fun ""rougue"" game with ""survivor"" as the core gameplay.","Hero of Fate is a smooth and fun ""rougue"" game with ""survivor"" as the core gameplay.","none","1","","2.99","0.58","Accessories","cj,accessories,wisegames","https://www.yuplay.com/media/products/hero-of-fate/616/52b29c3cbf897259c7ff90f46199f2d0dafb9687.jpg","https://www.yuplay.com/product/hero-of-fate/?partner=cj","Ver Oferta","CJ","Wise Games"
"external","cj-3e05308bc1ba1ca3d5ac","ONE PIECE ODYSSEY Deluxe Edition","1","1","visible","Includes: ONE PIECE ODYSSEY, Adventure Expansion Pack,Adventure Expansion Pack Bonus 100,000 Berries and Deluxe Edition Bonus: Sniper King Outfit Set.","Includes: ONE PIECE ODYSSEY, Adventure Expansion Pack,Adventure Expansion Pack Bonus 100,000 Berries and Deluxe Edition Bonus: Sniper King Outfit Set.","none","1","","84.99","16.54","Home","cj,home,bandainamcoentertainmentinc","https://www.yuplay.com/media/products/one-piece-odyssey-deluxe-edition/616/198b500bdb6d760545b60f350abf48534a6d44a2.jpg","https://www.yuplay.com/product/one-piece-odyssey-deluxe-edition/?partner=cj","Ver Oferta","CJ","Bandai Namco Entertainment Inc"
"external","cj-213428cd2ba49b319b4f","Jade's Journey","1","1","visible","Join Jade in her journey to master her powers and save her father! Jade is a regular girl living in a regular village until one day... it all changes.","Join Jade in her journey to master her powers and save her father! Jade is a regular girl living in a regular village until one day... it all changes.","none","1","","3.99","0.78","Accessories","cj,accessories,aldorleagames","https://www.yuplay.com/media/products/jades-journey/616/79a22fd412a06f6ef67c55f799aaf4c3e7ec028e.jpg","https://www.yuplay.com/product/jades-journey/?partner=cj","Ver Oferta","CJ","Aldorlea Games"
"external","cj-2cdd03d957f19fa2c0e0","Chip","1","1","visible","Chip is an isometric puzzle game with robots, electricity and fancy dress! The player must help recharge Chip - a plucky little red robot - who has been impr...","Chip is an isometric puzzle game with robots, electricity and fancy dress! The player must help recharge Chip - a plucky little red robot - who has been impr...","none","1","","3.99","0.78","Fashion","cj,fashion,coatsink","https://www.yuplay.com/media/products/chip/616/5fccf78ab9f53ddaa0492a42cc6e716dc225214a.jpg","https://www.yuplay.com/product/chip/?partner=cj","Ver Oferta","CJ","Coatsink"
"external","cj-3b61fae9e181a2ef0760","The Escapists 2 - Glorious Regime Prison","1","1","visible","Quiver before The Glorious Regime!Despite the towering walls, electric fences and the fact that you cant leave, you should be thankful to be serving time her...","Quiver before The Glorious Regime!Despite the towering walls, electric fences and the fact that you cant leave, you should be thankful to be serving time her...","none","1","","3.99","0.78","Accessories","cj,accessories,team17","https://www.yuplay.com/media/products/escapists-2-glorious-regime-prison/616/22c24e8d95f07560bdb98dce971b9223b13f87d5.jpg","https://www.yuplay.com/product/escapists-2-glorious-regime-prison/?partner=cj","Ver Oferta","CJ","Team17"
"external","cj-0583489138e22fcad5d3","Terra Lander II - Rockslide Rescue","1","1","visible","Terra Lander II - Rockslide Resuce is a sequel to Terra Lander, a homage to the classic early days of arcade retro.","Terra Lander II - Rockslide Resuce is a sequel to Terra Lander, a homage to the classic early days of arcade retro.","none","1","","4.99","0.98","Accessories","cj,accessories,funboxmedia","https://www.yuplay.com/media/products/terra-lander-ii-rockslide-rescue/616/73f914a59db8001e87ce45d9f3ddf95bc5b7c447.jpg","https://www.yuplay.com/product/terra-lander-ii-rockslide-rescue/?partner=cj","Ver Oferta","CJ","Funbox Media"
"external","cj-2c1393df2a2d91b960ab","Goat Simulator: PAYDAY","1","1","visible","Introducing Goat Simulator: PAYDAY, the latest in goat simulation technology. Being a goat has never been this realistic.","Introducing Goat Simulator: PAYDAY, the latest in goat simulation technology. Being a goat has never been this realistic.","none","1","","4.99","0.98","Electronics","cj,electronics,coffeestainstudios","https://www.yuplay.com/media/products/goat-simulator-payday/616/9f8e91de45d3cf9dc5b34837872097393956a71e.jpg","https://www.yuplay.com/product/goat-simulator-payday/?partner=cj","Ver Oferta","CJ","Coffee Stain Studios"
"external","cj-38fc0502c89ba334ea65","Bounty Train - Trainium Edition Upgrade","1","1","visible","Please note:This content requires the base game Bounty Train on Steam in order to play.Trainium Edition Upgrade includes:SoundtrackFirst DLCExclusive TrainEx...","Please note:This content requires the base game Bounty Train on Steam in order to play.Trainium Edition Upgrade includes:SoundtrackFirst DLCExclusive TrainEx...","none","1","","4.99","0.98","Books","cj,books,daedalicentertainment","https://www.yuplay.com/media/products/bounty-train-trainium-edition-upgrade/616/acdc2491ffa7b6df3ba799e0f9953b53bd055852.jpg","https://www.yuplay.com/product/bounty-train-trainium-edition-upgrade/?partner=cj","Ver Oferta","CJ","Daedalic Entertainment"
"external","cj-064da1ecca7bff2524fb","Cars 3: Driven to Win (Nintendo Switch EU)","1","1","visible","Start your engines and gear up for the ultimate racing experience in Cars 3: Driven to Win inspired by Disney Pixar's film, Cars 3. Play with over 20 customi...","Start your engines and gear up for the ultimate racing experience in Cars 3: Driven to Win inspired by Disney Pixar's film, Cars 3. Play with over 20 customi...","none","1","","59.99","11.79","Sports","cj,sports,wbgames","https://www.yuplay.com/media/products/cars-3-driven-to-win-nintendo-switch-eu/616/5d18735b17d4a03f6566a5974cd3890661a11c9f.jpg","https://www.yuplay.com/product/cars-3-driven-to-win-nintendo-switch-eu/?partner=cj","Ver Oferta","CJ","WB Games"
"external","cj-0e3adedb73bd7af64b3d","Marvel's Midnight Suns (Steam)","1","1","visible","FIGHT AND STRATEGIZE LIKE A SUPER HERO IN THE DARKER CORNERS OF THE MARVEL UNIVERSE. Play as The Hunter, a legendary demon slayer who must lead a team of Sup...","FIGHT AND STRATEGIZE LIKE A SUPER HERO IN THE DARKER CORNERS OF THE MARVEL UNIVERSE. Play as The Hunter, a legendary demon slayer who must lead a team of Sup...","none","1","","59.99","11.84","Accessories","cj,accessories,2k","https://www.yuplay.com/media/products/marvels-midnight-suns-steam/616/0c2aece5af105d70e38d5128f18c99b22fb20a86.jpg","https://www.yuplay.com/product/marvels-midnight-suns-steam/?partner=cj","Ver Oferta","CJ","2K"
"external","cj-10fa1c8f66e35d6795ca","Pax Nova - Tech Supremacy","1","1","visible","Dyson Spheres The ultimate late game technology. Whoever builds and controls a solar system's Dyson Sphere will be rewarded with incredible power that could ...","Dyson Spheres The ultimate late game technology. Whoever builds and controls a solar system's Dyson Sphere will be rewarded with incredible power that could ...","none","1","","6.89","1.36","Electronics","cj,electronics,iceberginteractive","https://www.yuplay.com/media/products/pax-nova-tech-supremacy/616/83191c545ce3c6df91999d608388b1e6d617a36a.jpg","https://www.yuplay.com/product/pax-nova-tech-supremacy/?partner=cj","Ver Oferta","CJ","Iceberg Interactive"
"external","cj-25fda439b05c8a0971d9","A Stroke of Fate: Operation Bunker","1","1","visible","April 1945. Only a few days remain until the end of the war. But the tyrant who is hiding in his personal bunker plans to blow up a nuclear bomb and kill as ...","April 1945. Only a few days remain until the end of the war. But the tyrant who is hiding in his personal bunker plans to blow up a nuclear bomb and kill as ...","none","1","","6.99","1.38","Accessories","cj,accessories,fulqrumpublishing","https://www.yuplay.com/media/products/a-stroke-of-fate-operation-bunker/616/34bbb28502b11b44c833255fe2863aa94aeff272.jpg","https://www.yuplay.com/product/a-stroke-of-fate-operation-bunker/?partner=cj","Ver Oferta","CJ","Fulqrum Publishing"
"external","cj-30660a1a7a0ff71e80d5","Tomb Raider V: Chronicles","1","1","visible","Lara Croft is missing in Egypt - presumed dead. Those closest to her gather together at the Croft Estate on a grey, rainy day for a memorial service in her h...","Lara Croft is missing in Egypt - presumed dead. Those closest to her gather together at the Croft Estate on a grey, rainy day for a memorial service in her h...","none","1","","6.99","1.38","Accessories","cj,accessories,squareenix","https://www.yuplay.com/media/products/tomb-raider-v-chronicles/616/99dc220f81af33c739ab4c55e960aef8f654c524.jpg","https://www.yuplay.com/product/tomb-raider-v-chronicles/?partner=cj","Ver Oferta","CJ","Square Enix"
"external","cj-3d0e349bdcca821755f1","Static Investigator Training","1","1","visible","In Static: Investigator Training, you will play the role of Julie  Masters, an ambitious fan of all things Paranormal; who recently  requested membership wit...","In Static: Investigator Training, you will play the role of Julie  Masters, an ambitious fan of all things Paranormal; who recently  requested membership wit...","none","1","","7.99","1.58","Accessories","cj,accessories,strategyfirst","https://www.yuplay.com/media/products/static-investigator-training/616/6268f4c9056f652f478710097d4f92ecc3e663ec.jpg","https://www.yuplay.com/product/static-investigator-training/?partner=cj","Ver Oferta","CJ","Strategy First"
"external","cj-0e17f9ea732b77756176","Ageless Soundtrack","1","1","visible","Experience the different landscapes and emotions of Ageless through the original soundtrack written and composed by Elmer Ho Lok Zhan. The Ageless soundtrack...","Experience the different landscapes and emotions of Ageless through the original soundtrack written and composed by Elmer Ho Lok Zhan. The Ageless soundtrack...","none","1","","8.99","1.78","Accessories","cj,accessories,team17","https://www.yuplay.com/media/products/ageless-soundtrack/616/0d7ceeb202b1eae5b1f2e1d9e98afd02ef969988.jpg","https://www.yuplay.com/product/ageless-soundtrack/?partner=cj","Ver Oferta","CJ","Team17"
"external","cj-29c312a251336dfe45a7","Tango Fiesta (Xbox One) United States","1","1","visible","Important Notice: Please, make sure that your IP is LOCATED in UNITED STATES during the key activation. After a successful activation, the game will be avail...","Important Notice: Please, make sure that your IP is LOCATED in UNITED STATES during the key activation. After a successful activation, the game will be avail...","none","1","","9.99","1.98","Accessories","cj,accessories,mergegames","https://www.yuplay.com/media/products/tango-fiesta/616/44fa5cb2ffcf1d8d92bb44a62613554971ff9b7c.jpg","https://www.yuplay.com/product/tango-fiesta/?partner=cj","Ver Oferta","CJ","Merge Games"
"external","cj-234a5c5dee5bee6da013","Ground Control II: Operation Exodus","1","1","visible","Command an Army. Fight for Freedom.Ground Control II: Operation Exodus delivers real-time strategy with the flair of an action game.It's 2741 and the univers...","Command an Army. Fight for Freedom.Ground Control II: Operation Exodus delivers real-time strategy with the flair of an action game.It's 2741 and the univers...","none","1","","4.99","0.99","Accessories","cj,accessories,rebellion","https://www.yuplay.com/media/products/ground-control-ii-operation-exodus/616/0b7583fe6f56d92a578275af3671a392bf036074.jpg","https://www.yuplay.com/product/ground-control-ii-operation-exodus/?partner=cj","Ver Oferta","CJ","Rebellion"
"external","cj-2549ece350d78d7948b4","Empathy : Path of Whispers","1","1","visible","Blinking against the light, you step into a world that seems broken apart, almost dead&#8230; Yet there is a pulse, beating faintly in the back of your mind....","Blinking against the light, you step into a world that seems broken apart, almost dead&#8230; Yet there is a pulse, beating faintly in the back of your mind....","none","1","","9.67","1.92","Home","cj,home,iceberginteractive","https://www.yuplay.com/media/products/empathy-path-of-whispers/616/02f11311b322f61c14ae948ee25cc00470967e97.jpg","https://www.yuplay.com/product/empathy-path-of-whispers/?partner=cj","Ver Oferta","CJ","Iceberg Interactive"
"external","cj-40ed1835fbd2f5a70605","Pax Nova - Beyond the Rift DLC","1","1","visible","The EmissaryA powerful entity has arrived from beyond Eos to grant great powers in exchange for Soul Shards. Call down raging snowstorms or destroy entire pl...","The EmissaryA powerful entity has arrived from beyond Eos to grant great powers in exchange for Soul Shards. Call down raging snowstorms or destroy entire pl...","none","1","","9.75","1.94","Accessories","cj,accessories,iceberginteractive","https://www.yuplay.com/media/products/pax-nova-beyond-the-rift-dlc/616/76fc3712d29b8565cdd2aaa3f7ada2ad16d4d7e6.jpg","https://www.yuplay.com/product/pax-nova-beyond-the-rift-dlc/?partner=cj","Ver Oferta","CJ","Iceberg Interactive"
"external","cj-3d42bdea52cd4ed31241","Tasty Slot Machine","1","1","visible","You start with 1,000 coins - the aim of the game is to wager your coins to try and increase your coins as high as you can.Pick the number of pay lines and th...","You start with 1,000 coins - the aim of the game is to wager your coins to try and increase your coins as high as you can.Pick the number of pay lines and th...","none","1","","7.79","1.56","Accessories","cj,accessories,funboxmedia","https://www.yuplay.com/media/products/tasty-slot-machine/616/6adbccb1efa5883725718413695166e35fe75993.jpg","https://www.yuplay.com/product/tasty-slot-machine/?partner=cj","Ver Oferta","CJ","Funbox Media"
"external","cj-1a4a7cc6c00dedf3c30c","Deadstone","1","1","visible","Based on the inhospitable frontier world of Mars, against the backdrop of a bacterial outbreak, Deadstone offers a compelling blend of frantic combat and tow...","Based on the inhospitable frontier world of Mars, against the backdrop of a bacterial outbreak, Deadstone offers a compelling blend of frantic combat and tow...","none","1","","6.99","1.40","Home","cj,home,timeslipsoftworks","https://www.yuplay.com/media/products/deadstone/616/3d3c69d73b985f06e36bc16a7d13a8dc24d91d76.jpg","https://www.yuplay.com/product/deadstone/?partner=cj","Ver Oferta","CJ","Timeslip Softworks"
"external","cj-1eb2911ddd111084184a","Assetto Corsa - Dream Pack 3","1","1","visible","Welcome to DREAM PACK 3, the newest add-on content pack ASSETTO CORSA. This package adds to Assetto Corsa the legendary circuit of Brands Hatch (UK) and eigh...","Welcome to DREAM PACK 3, the newest add-on content pack ASSETTO CORSA. This package adds to Assetto Corsa the legendary circuit of Brands Hatch (UK) and eigh...","none","1","","6.99","1.40","Accessories","cj,accessories,kunossimulazioni","https://www.yuplay.com/media/products/assetto-corsa-dream-pack-3/616/03f379fd9d3ab26b7a4bbf06d4c5682d6bb1d004.jpg","https://www.yuplay.com/product/assetto-corsa-dream-pack-3/?partner=cj","Ver Oferta","CJ","Kunos Simulazioni"
"external","cj-335b363b85174778b24f","Barrier X","1","1","visible","Dodge! Shoot! Go faster! Break the sound barrier in this unbelievably fast game and go straight for the first place in the leaderboard of BARRIER X!","Dodge! Shoot! Go faster! Break the sound barrier in this unbelievably fast game and go straight for the first place in the leaderboard of BARRIER X!","none","1","","2.99","0.60","Accessories","cj,accessories,hypetraindigital","https://www.yuplay.com/media/products/barrier-x/616/88ec84ee6a865b234304b39456f017aac393e52d.jpg","https://www.yuplay.com/product/barrier-x/?partner=cj","Ver Oferta","CJ","HypeTrain Digital"
"external","cj-396b977c1c38de87653d","Crysis Remastered Trilogy (Nintendo Switch EU)","1","1","visible","Crysis Remastered Trilogy includes:Crysis Remastered:What begins as a simple rescue mission becomes the battleground of a new war as alien invaders swarm ove...","Crysis Remastered Trilogy includes:Crysis Remastered:What begins as a simple rescue mission becomes the battleground of a new war as alien invaders swarm ove...","none","1","","49.99","10.05","Accessories","cj,accessories,crytekgmbh","https://www.yuplay.com/media/products/crysis-remastered-trilogy-nintendo-switch-eu/616/a327b69d3427b731b7d1b32d2c1bbdfe589ba448.jpg","https://www.yuplay.com/product/crysis-remastered-trilogy-nintendo-switch-eu/?partner=cj","Ver Oferta","CJ","Crytek GmbH"
"external","cj-1ed115ca64d6063cc18d","Splendor","1","1","visible","The OFFICIAL digital adaptation of the best-selling board game. ** ONLINE MULTIPLAYER NOW AVAILABLE !!!","The OFFICIAL digital adaptation of the best-selling board game. ** ONLINE MULTIPLAYER NOW AVAILABLE !!!","none","1","","9.99","2.02","Accessories","cj,accessories,plugindigital","https://www.yuplay.com/media/products/splendor/616/05fc5df1b2f28f7744d1447b87d5dd5fb27d8569.jpg","https://www.yuplay.com/product/splendor/?partner=cj","Ver Oferta","CJ","Plug In Digital"
"external","cj-16d7369e56dbcf080cb8","Alien Shooter 2 Conscription","1","1","visible","Alien Shooter Conscription is the continuation of cult Alien Shooter 2, which is a unique blend of two game genres- Action and RPG.The Great War has begun! T...","Alien Shooter Conscription is the continuation of cult Alien Shooter 2, which is a unique blend of two game genres- Action and RPG.The Great War has begun! T...","none","1","","8.19","1.66","Accessories","cj,accessories,sigmateaminc","https://www.yuplay.com/media/products/alien-shooter-2-conscription/616/e79354bed0b504af863c6ac8f4df84c99471a517.jpg","https://www.yuplay.com/product/alien-shooter-2-conscription/?partner=cj","Ver Oferta","CJ","Sigma Team Inc"
"external","cj-1a1646f3e2f530a95268","DJMAX RESPECT V - V EXTENSION II Original Soundtrack","1","1","visible","DJMAX RESPECT V - V EXTENSION II Original Soundtrack Meet the 'DJMAX RESPECT V' Original Soundtrack Now!This package contains a total of 25 original tracks i...","DJMAX RESPECT V - V EXTENSION II Original Soundtrack Meet the 'DJMAX RESPECT V' Original Soundtrack Now!This package contains a total of 25 original tracks i...","none","1","","8.19","1.66","Accessories","cj,accessories,neowiz","https://www.yuplay.com/media/products/djmax-respect-v-v-extension-ii-original-soundtrack/616/ee38d52614081e9680a5b03072578908368e7a07.jpg","https://www.yuplay.com/product/djmax-respect-v-v-extension-ii-original-soundtrack/?partner=cj","Ver Oferta","CJ","NEOWIZ"
"external","cj-216c08511e98a8ebd258","Magicka","1","1","visible","Magicka is a satirical action-adventure game set in a rich fantasy world based on Norse mythology.","Magicka is a satirical action-adventure game set in a rich fantasy world based on Norse mythology.","none","1","","9.99","2.03","Accessories","cj,accessories,paradoxinteractive","https://www.yuplay.com/media/products/magicka/616/76c8ab3f18093af427e80dc4cfd988f8e977ceb2.jpg","https://www.yuplay.com/product/magicka/?partner=cj","Ver Oferta","CJ","Paradox Interactive"
"external","cj-2665194b5d85dffcc0cc","Blood Omen 2: Legacy of Kain","1","1","visible","Kain is back to reclaim the high throne of bloodlust and brutality.","Kain is back to reclaim the high throne of bloodlust and brutality.","none","1","","5.99","1.22","Accessories","cj,accessories,squareenix","https://www.yuplay.com/media/products/blood-omen-2-legacy-of-kain/616/83663357b5948f150a536d59e94c1ba0a5004ddf.jpg","https://www.yuplay.com/product/blood-omen-2-legacy-of-kain/?partner=cj","Ver Oferta","CJ","Square Enix"
"external","cj-2dfb4b1a5041462610e1","Love Alchemy: A Heart In Winter","1","1","visible","When a new romance blossoms, the door to mystery opens in Love Alchemy: A Heart in Winter. Follow a young woman as shes drawn helplessly to a man she barely ...","When a new romance blossoms, the door to mystery opens in Love Alchemy: A Heart in Winter. Follow a young woman as shes drawn helplessly to a man she barely ...","none","1","","5.69","1.16","Accessories","cj,accessories,alawarentertainment","https://www.yuplay.com/media/products/love-alchemy-a-heart-in-winter/616/25723f66f0e7e9fb7b9504cbacb47f8051c47d37.jpg","https://www.yuplay.com/product/love-alchemy-a-heart-in-winter/?partner=cj","Ver Oferta","CJ","Alawar Entertainment"
"external","cj-4214e8ddb5936a3561a8","Zool Redimensioned","1","1","visible","The Ninja of the Nth Dimension is back!Originally released by Gremlin Graphics in 1992 on the Amiga to critical acclaim, iconic gaming mascot Zool returns in...","The Ninja of the Nth Dimension is back!Originally released by Gremlin Graphics in 1992 on the Amiga to critical acclaim, iconic gaming mascot Zool returns in...","none","1","","7.99","1.63","Electronics","cj,electronics,secretmode","https://www.yuplay.com/media/products/zool-redimensioned/616/1a39777338ef97063feb0c4e16ed1e13110e5230.jpg","https://www.yuplay.com/product/zool-redimensioned/?partner=cj","Ver Oferta","CJ","Secret Mode"
"external","cj-2e2e63e6e11aa95cf2b2","Unmemory","1","1","visible","A game you can read. A book you can play.","A game you can read. A book you can play.","none","1","","3.62","0.74","Books","cj,books,plugindigital","https://www.yuplay.com/media/products/unmemory/616/3807425fc2e8e9bf70f915dcdeaeb24b21b6530e.jpg","https://www.yuplay.com/product/unmemory/?partner=cj","Ver Oferta","CJ","Plug In Digital"
"external","cj-119b43388aeb16fddeab","BioShock: The Collection (Nintendo Switch EU)","1","1","visible","Experience the unforgettable worlds and monumental stories of the award-winning BioShock series with BioShock: The Collection. Journey to the cities of Raptu...","Experience the unforgettable worlds and monumental stories of the award-winning BioShock series with BioShock: The Collection. Journey to the cities of Raptu...","none","1","","49.99","10.22","Home","cj,home,2k","https://www.yuplay.com/media/products/bioshock-the-collection-nintendo-switch-eu/616/7c460cf63aaedc4fb3d6db3166af5442796f7edb.jpg","https://www.yuplay.com/product/bioshock-the-collection-nintendo-switch-eu/?partner=cj","Ver Oferta","CJ","2K"
"external","cj-0b3b314f111849416850","Resident Evil 4 Gold Edition","1","1","visible","Notes:Items contained in this set can be purchased individually. Please take care to avoid duplicate purchases.Please update Resident Evil 4 to the latest pa...","Notes:Items contained in this set can be purchased individually. Please take care to avoid duplicate purchases.Please update Resident Evil 4 to the latest pa...","none","1","","49.99","10.24","Books","cj,books,capcom","https://www.yuplay.com/media/products/resident-evil-4-gold-edition/616/61591d970e40e008f4ac2cf5e3568fcc002a7dc1.jpg","https://www.yuplay.com/product/resident-evil-4-gold-edition/?partner=cj","Ver Oferta","CJ","Capcom"
"external","cj-0211c49d8bc637e70fa3","Mega Man Battle Network Legacy Collection (Vol.1 + Vol.2)","1","1","visible","The Battle Network is back! Get ready to jack in to the net to face off against deadly enemy programs in electrifying grid based battles, and search the net ...","The Battle Network is back! Get ready to jack in to the net to face off against deadly enemy programs in electrifying grid based battles, and search the net ...","none","1","","59.99","12.35","Books","cj,books,capcom","https://www.yuplay.com/media/products/mega-man-battle-network-legacy-collection-vol1-plus-vol2/616/b4f3bba9ba6d962574717b2c1c373b6729b67f48.jpg","https://www.yuplay.com/product/mega-man-battle-network-legacy-collection-vol1-plus-vol2/?partner=cj","Ver Oferta","CJ","Capcom"
"external","cj-2c5a44005bb89c7f4e0c","Assetto Corsa - Dream Pack 2","1","1","visible","Welcome to DREAM PACK 2, the newest add-on content pack ASSETTO CORSA. This package adds to Assetto Corsa the circuit of Catalunya (Barcelona) and seven new ...","Welcome to DREAM PACK 2, the newest add-on content pack ASSETTO CORSA. This package adds to Assetto Corsa the circuit of Catalunya (Barcelona) and seven new ...","none","1","","6.99","1.44","Accessories","cj,accessories,kunossimulazioni","https://www.yuplay.com/media/products/assetto-corsa-dream-pack-2/616/e6a43bebdc1c11724df487f6c9225acbf8d2754c.jpg","https://www.yuplay.com/product/assetto-corsa-dream-pack-2/?partner=cj","Ver Oferta","CJ","Kunos Simulazioni"
"external","cj-11c39c1a6444f1dc33bb","Europa Universalis IV: Catholic League Unit Pack","1","1","visible","Europa Universalis IV: Catholic League Unit Pack adds 12 new units models for the members of the Catholic League.","Europa Universalis IV: Catholic League Unit Pack adds 12 new units models for the members of the Catholic League.","none","1","","1.99","0.41","Accessories","cj,accessories,paradoxinteractive","https://www.yuplay.com/media/products/europa-universalis-iv-catholic-league-unit-pack/616/b55e074a780a6a9b85a7c47467a5da837e5629d2.jpg","https://www.yuplay.com/product/europa-universalis-iv-catholic-league-unit-pack/?partner=cj","Ver Oferta","CJ","Paradox Interactive"
"external","cj-0a01df047fe135ffd5ed","Graveyard Keeper - Better Save Soul","1","1","visible","No one is without sin - this is what the Bishop in the Town teaches, and it is true. But who said that one cannot be cleansed from these sins? Help your new ...","No one is without sin - this is what the Bishop in the Town teaches, and it is true. But who said that one cannot be cleansed from these sins? Help your new ...","none","1","","7.99","1.65","Accessories","cj,accessories,tinybuild","https://www.yuplay.com/media/products/graveyard-keeper-better-save-soul/616/8afc4e4e3fbd086a63dac032b387dd4603d34446.jpg","https://www.yuplay.com/product/graveyard-keeper-better-save-soul/?partner=cj","Ver Oferta","CJ","tinyBuild"
"external","cj-15a14209aee008ac16db","Digimon Survive (Nintendo Switch EU)","1","1","visible","Digimon Survive presents a hybrid visual novel and tactical RPG set in a mysterious world filled with dangerous monsters and deadly battles that will test yo...","Digimon Survive presents a hybrid visual novel and tactical RPG set in a mysterious world filled with dangerous monsters and deadly battles that will test yo...","none","1","","49.99","10.33","Books","cj,books,bandainamcoentertainmentinc","https://www.yuplay.com/media/products/digimon-survive-nintendo-switch-eu/616/3645e776c062754a1a39c44d9f040315251ac542.jpg","https://www.yuplay.com/product/digimon-survive-nintendo-switch-eu/?partner=cj","Ver Oferta","CJ","Bandai Namco Entertainment Inc"
"external","cj-1974cc850b1669fc0383","Guilty Gear Isuka","1","1","visible","A new Gear arises, its name Leopaldon. As they threaten to lay waste to the world, you prepare to mount your offense. The good news? You won't have to face t...","A new Gear arises, its name Leopaldon. As they threaten to lay waste to the world, you prepare to mount your offense. The good news? You won't have to face t...","none","1","","8.99","1.86","Accessories","cj,accessories,arcsystemworks","https://www.yuplay.com/media/products/guilty-gear-isuka/616/32d1f973549a0bac6a90aad335442fd5f2ee9b3c.jpg","https://www.yuplay.com/product/guilty-gear-isuka/?partner=cj","Ver Oferta","CJ","Arc System Works"
"external","cj-1ef98743cd3b191c58f9","Jigsaw Pieces 2: Shades of Mood","1","1","visible","Making jigsaw puzzles is a popular way to relax. Forming a harmonious whole of all loose puzzle pieces makes you forget about everyday stress.","Making jigsaw puzzles is a popular way to relax. Forming a harmonious whole of all loose puzzle pieces makes you forget about everyday stress.","none","1","","8.99","1.86","Accessories","cj,accessories,dendagames","https://www.yuplay.com/media/products/jigsaw-pieces-2-shades-of-mood/616/f9ff54340d1783378a373f0232ece9b3fcb8493e.jpg","https://www.yuplay.com/product/jigsaw-pieces-2-shades-of-mood/?partner=cj","Ver Oferta","CJ","Denda Games"
"external","cj-3dd2551e45722c9df046","MoonBase Commander","1","1","visible","Explore. Strategize. Conquer.In the far future, Mankind has nearly exhausted all of earth's natural resources. Fragile alliances between nations are tested t...","Explore. Strategize. Conquer.In the far future, Mankind has nearly exhausted all of earth's natural resources. Fragile alliances between nations are tested t...","none","1","","5.99","1.24","Accessories","cj,accessories,rebellion","https://www.yuplay.com/media/products/moonbase-commander/616/fd83b9937ff8b773c2d421a0385effac24a47429.jpg","https://www.yuplay.com/product/moonbase-commander/?partner=cj","Ver Oferta","CJ","Rebellion"
"external","cj-1a90611d4ebd95f14f1a","Shopkeeper: My First Supermarket","1","1","visible","Take on the role of a manager in the most addictive simulation game - open the doors to your supermarket and build it from scratch, transforming a small shop..","Take on the role of a manager in the most addictive simulation game - open the doors to your supermarket and build it from scratch, transforming a small shop..","none","1","","9.75","2.02","Accessories","cj,accessories,playwaysa","https://www.yuplay.com/media/products/shopkeeper-my-first-supermarket/616/198493bbfa7a99fc1fdcbe149ee95880f31ca994.jpg","https://www.yuplay.com/product/shopkeeper-my-first-supermarket/?partner=cj","Ver Oferta","CJ","PlayWay SA"
"external","cj-13b63403e68f4e7da65c","Tropico 4: Modern Times","1","1","visible","Note: Can not be added to other digital distributor versions of the main game.The times are changing and the island  nation of Tropico is evolving. The Inter...","Note: Can not be added to other digital distributor versions of the main game.The times are changing and the island  nation of Tropico is evolving. The Inter...","none","1","","4.58","0.95","Accessories","cj,accessories,kalypsomedia","https://www.yuplay.com/media/products/tropico-4-modern-times/616/4c4b339a3675a597d01f418e54b535964c865b6d.jpg","https://www.yuplay.com/product/tropico-4-modern-times/?partner=cj","Ver Oferta","CJ","Kalypso Media"
"external","cj-2a2c0206bc252a17a3f8","Alien Isolation The Trigger","1","1","visible","Welcome to The Trigger, the fifth add-on content pack for Alien: Isolation.Can you make Sevastopol safe?  Youve been given a box of explosives and the locati...","Welcome to The Trigger, the fifth add-on content pack for Alien: Isolation.Can you make Sevastopol safe?  Youve been given a box of explosives and the locati...","none","1","","7.99","1.66","Accessories","cj,accessories,sega","https://www.yuplay.com/media/products/alien-isolation-the-trigger/616/d10f1562c5bbb420bfbc6b9899c4353c293d62c2.jpg","https://www.yuplay.com/product/alien-isolation-the-trigger/?partner=cj","Ver Oferta","CJ","SEGA"
"external","cj-0433a7d1c792ce0c25b6","Pixel Puzzles Illustrations & Anime - Jigsaw Pack: Warriors","1","1","visible","Pixel Puzzles Illustrations & Anime, setting the standards for online jigsaw puzzling.PACK INFO:Puzzle Count: 7Total Piece Count: 2403PACK CONTENTS:Horned Kn...","Pixel Puzzles Illustrations & Anime, setting the standards for online jigsaw puzzling.PACK INFO:Puzzle Count: 7Total Piece Count: 2403PACK CONTENTS:Horned Kn...","none","1","","4.99","1.04","Accessories","cj,accessories,pixelpuzzles","https://www.yuplay.com/media/products/pixel-puzzles-illustrations-anime-jigsaw-pack-warriors/616/2792750c881abd5e1b86d2a227713c5b95b9bae7.jpg","https://www.yuplay.com/product/pixel-puzzles-illustrations-anime-jigsaw-pack-warriors/?partner=cj","Ver Oferta","CJ","Pixel Puzzles"
"external","cj-13be57b1732c35ee8660","Age of Wonders Shadow Magic","1","1","visible","Age of Wonders: Shadow Magic is the third entry in the award winning fantasy strategy series. This fan-favorite enhances the series' praised fusion of empire...","Age of Wonders: Shadow Magic is the third entry in the award winning fantasy strategy series. This fan-favorite enhances the series' praised fusion of empire...","none","1","","8.99","1.88","Accessories","cj,accessories,paradoxinteractive","https://www.yuplay.com/media/products/age-of-wonders-shadow-magic/616/e5573dda22040a9b39f05b1b48db402bbaee58fc.jpg","https://www.yuplay.com/product/age-of-wonders-shadow-magic/?partner=cj","Ver Oferta","CJ","Paradox Interactive"
"external","cj-1d7583aa47d6654a1e06","Assetto Corsa - Red Pack","1","1","visible","KUNOS Simulazioni and 505 Games are proud to present the ""RED PACK"", the DLC package for ASSETTO CORSA that includes seven legendary Italian sports cars and ...","KUNOS Simulazioni and 505 Games are proud to present the ""RED PACK"", the DLC package for ASSETTO CORSA that includes seven legendary Italian sports cars and ...","none","1","","6.99","1.47","Sports","cj,sports,kunossimulazioni","https://www.yuplay.com/media/products/assetto-corsa-red-pack/616/f251df6f8fff82b8961fef01841762ed440140f2.jpg","https://www.yuplay.com/product/assetto-corsa-red-pack/?partner=cj","Ver Oferta","CJ","Kunos Simulazioni"
"external","cj-03f71ae2c25e66595aef","Randal's Monday","1","1","visible","A kleptomaniac, a sociopath and a horrible friend. Randal is potentially one of the most scurrile protagonists since the invention of the hoverboard. Randal'...","A kleptomaniac, a sociopath and a horrible friend. Randal is potentially one of the most scurrile protagonists since the invention of the hoverboard. Randal'...","none","1","","6.07","1.28","Accessories","cj,accessories,daedalicentertainment","https://www.yuplay.com/media/products/randals-monday/616/507b5b6af98ed547cca84526a40e72ff05f3757f.jpg","https://www.yuplay.com/product/randals-monday/?partner=cj","Ver Oferta","CJ","Daedalic Entertainment"
"external","cj-3960d04e638bb46e3b33","Saints Row The Third","1","1","visible","Years after taking Stilwater for their own, the Third Street Saints have evolved from street gang to household brand name, with Saints sneakers, Saints energ...","Years after taking Stilwater for their own, the Third Street Saints have evolved from street gang to household brand name, with Saints sneakers, Saints energ...","none","1","","9.99","2.11","Fashion","cj,fashion,deepsilver","https://www.yuplay.com/media/products/saints-row-the-third/616/789b5ded71c6e6ffec61e965acff40a15a49c8d3.jpg","https://www.yuplay.com/product/saints-row-the-third/?partner=cj","Ver Oferta","CJ","Deep Silver"
"external","cj-3f1cfc88a6a2cc48353f","Railway Empire: Great Britain & Ireland","1","1","visible","England - Home of the first steam engines is experiencing an age of unprecedented progress and technological innovations. Expand your rail network across the...","England - Home of the first steam engines is experiencing an age of unprecedented progress and technological innovations. Expand your rail network across the...","none","1","","9.99","2.11","Electronics","cj,electronics,kalypsomedia","https://www.yuplay.com/media/products/railway-empire-great-britain-ireland/616/44faf24fc6034be8f7601436f848b86fb8413ff2.jpg","https://www.yuplay.com/product/railway-empire-great-britain-ireland/?partner=cj","Ver Oferta","CJ","Kalypso Media"
"external","cj-130662eeca3cf0ffcb28","Assetto Corsa - Dream Pack 1","1","1","visible","Welcome to DREAM PACK 1, the first add-on content pack ASSETTO CORSA. This package adds to Assetto Corsa the legendary circuit of N&#252;rburgring-Nordschlei...","Welcome to DREAM PACK 1, the first add-on content pack ASSETTO CORSA. This package adds to Assetto Corsa the legendary circuit of N&#252;rburgring-Nordschlei...","none","1","","6.99","1.48","Accessories","cj,accessories,kunossimulazioni","https://www.yuplay.com/media/products/assetto-corsa-dream-pack-1/616/347fc7e1c633171e3aa931dfb0537b9a88de81a7.jpg","https://www.yuplay.com/product/assetto-corsa-dream-pack-1/?partner=cj","Ver Oferta","CJ","Kunos Simulazioni"
"external","cj-41cd150b3eabe007886d","Orcs Must Die! 2 Are We There Yeti? Booster Pack","1","1","visible","Get your mittens out of storage because the War Mage and Sorceress are headed to protect the fortresses of the great white north! Defend the new Ice Cavern f...","Get your mittens out of storage because the War Mage and Sorceress are headed to protect the fortresses of the great white north! Defend the new Ice Cavern f...","none","1","","4.99","1.06","Accessories","cj,accessories,robotentertainment","https://www.yuplay.com/media/products/orcs-must-die-2-are-we-there-yeti-booster-pack/616/ae6a5e9ad051160713802e937321cf5cbcccb69c.jpg","https://www.yuplay.com/product/orcs-must-die-2-are-we-there-yeti-booster-pack/?partner=cj","Ver Oferta","CJ","Robot Entertainment"
"external","cj-22edd9a0e895798d2f32","Graviter","1","1","visible","Graviter is a real-world-physics-based game about manipulating gravitational forces. Shrink and enlarge bodies, and move them around to find your way through...","Graviter is a real-world-physics-based game about manipulating gravitational forces. Shrink and enlarge bodies, and move them around to find your way through...","none","1","","6.59","1.40","Accessories","cj,accessories,nogravitygames","https://www.yuplay.com/media/products/graviter/616/63e6d8e1785d057683e7deb373af2aa4beeb20b8.jpg","https://www.yuplay.com/product/graviter/?partner=cj","Ver Oferta","CJ","No Gravity Games"
"external","cj-03eb64546145e1ca9c8b","PT Boats: South Gambit","1","1","visible","&#8220;The seas can be dangerous, but when youre in command of a crack strike boat crew&#8230;&#8221;. Deadly naval weapon of WWII is back with more campaign...","&#8220;The seas can be dangerous, but when youre in command of a crack strike boat crew&#8230;&#8221;. Deadly naval weapon of WWII is back with more campaign...","none","1","","6.99","1.49","Accessories","cj,accessories,fulqrumpublishing","https://www.yuplay.com/media/products/pt-boats-south-gambit/616/146ca13349615491206f744a28325c0f2286d6bd.jpg","https://www.yuplay.com/product/pt-boats-south-gambit/?partner=cj","Ver Oferta","CJ","Fulqrum Publishing"
"external","cj-081b888a90ffd0fcd9d1","Warp","1","1","visible","Warp is a stealth-action puzzler where gamers play as Zero, a loveable yet lethal, little orange alien with a big score to settle. Abducted by a villainous G...","Warp is a stealth-action puzzler where gamers play as Zero, a loveable yet lethal, little orange alien with a big score to settle. Abducted by a villainous G...","none","1","","9.99","2.13","Electronics","cj,electronics,electronicarts","https://www.yuplay.com/media/products/warp/616/da72bc7c40b590c8f10a869a35824d6e004ba044.jpg","https://www.yuplay.com/product/warp/?partner=cj","Ver Oferta","CJ","Electronic Arts"
"external","cj-401378ec96064028344b","New Gundam Breaker","1","1","visible","Collect Gunpla parts with friends, and make the ultimate Gundam!Defeat your enemies with your Gunpla model, collect their parts, and use them to make and bat...","Collect Gunpla parts with friends, and make the ultimate Gundam!Defeat your enemies with your Gunpla model, collect their parts, and use them to make and bat...","none","1","","49.99","10.67","Sports","cj,sports,bandainamcoentertainmentinc","https://www.yuplay.com/media/products/new-gundam-breaker/616/bc240225e7376ca2345905a54e4d97b43cf7faee.jpg","https://www.yuplay.com/product/new-gundam-breaker/?partner=cj","Ver Oferta","CJ","Bandai Namco Entertainment Inc"
"external","cj-176ad013bff9c8dc915c","Fairy Fencer F","1","1","visible","Long ago, the Vile God and the Goddess waged war with each other. Equally matched, they were sealed away in another world&#8230;","Long ago, the Vile God and the Goddess waged war with each other. Equally matched, they were sealed away in another world&#8230;","none","1","","9.75","2.09","Sports","cj,sports,ideafactoryinternational","https://www.yuplay.com/media/products/fairy-fencer-f/616/b93e6a5ea87ba7ec3eb64c31ee8b1f4ed52da018.jpg","https://www.yuplay.com/product/fairy-fencer-f/?partner=cj","Ver Oferta","CJ","Idea Factory International"
"external","cj-1e045b54bbc654673bef","Exit the Gungeon","1","1","visible","Exit the Gungeon is a small, arcade-style, spin-off 'dungeon climber' that immediately follows the adventures of the misfit Gungeoneers attempting to survive...","Exit the Gungeon is a small, arcade-style, spin-off 'dungeon climber' that immediately follows the adventures of the misfit Gungeoneers attempting to survive...","none","1","","9.75","2.09","Sports","cj,sports,devolverdigital","https://www.yuplay.com/media/products/exit-the-gungeon/616/bd251b6a89c537c99387eaff13e42af54d34ee2c.jpg","https://www.yuplay.com/product/exit-the-gungeon/?partner=cj","Ver Oferta","CJ","Devolver Digital"
"external","cj-20f050d05e8e0ed47a7f","Battle Royale Tycoon","1","1","visible","Design and build arenas for your guests to fight in, keep them happy, your workers paid and make a profit!Design and build your own arenas for your guests to...","Design and build arenas for your guests to fight in, keep them happy, your workers paid and make a profit!Design and build your own arenas for your guests to...","none","1","","8.19","1.76","Accessories","cj,accessories,endlessloopstudios","https://www.yuplay.com/media/products/battle-royale-tycoon/616/142384e746cd69dfc7ca934eac0404ca027830cf.jpg","https://www.yuplay.com/product/battle-royale-tycoon/?partner=cj","Ver Oferta","CJ","Endless Loop Studios"
"external","cj-0664994d4425aa3be032","Earth Atlantis","1","1","visible","""The Great Climate Shift"" struck at end of the 21st century. Ninety six percent of the earth's surface is underwater. Human civilization has fallen. Machines...","""The Great Climate Shift"" struck at end of the 21st century. Ninety six percent of the earth's surface is underwater. Human civilization has fallen. Machines...","none","1","","4.36","0.94","Sports","cj,sports,headup","https://www.yuplay.com/media/products/earth-atlantis/616/b23982d0154af65677075b6c56db01c9b0bbbc1b.jpg","https://www.yuplay.com/product/earth-atlantis/?partner=cj","Ver Oferta","CJ","Headup"
"external","cj-0a9150ef3f477d8cf3a4","Pirates of Black Cove Gold","1","1","visible","Set in the golden age of pirates, this is your chance to become pirate king and conquer the Caribbean.Join, champion, and unite the three pirate factions: Pi...","Set in the golden age of pirates, this is your chance to become pirate king and conquer the Caribbean.Join, champion, and unite the three pirate factions: Pi...","none","1","","2.41","0.52","Accessories","cj,accessories,topwareinteractive","https://www.yuplay.com/media/products/pirates-of-black-cove/616/48d0d7fcf3d9f0223d72c01c2f1d5b6534d7f4e8.jpg","https://www.yuplay.com/product/pirates-of-black-cove/?partner=cj","Ver Oferta","CJ","TopWare Interactive"
"external","cj-012a39870b42090aae90","Princess Isabella","1","1","visible","Princess Isabella is all set to marry the love of her dreams, Prince Adam. After returning home from a trip, however, she finds that an evil curse has been p...","Princess Isabella is all set to marry the love of her dreams, Prince Adam. After returning home from a trip, however, she finds that an evil curse has been p...","none","1","","4.99","1.08","Home","cj,home,strategyfirst","https://www.yuplay.com/media/products/princess-isabella-a-witchs-curse/616/8072a13730abfe46590ff4cc3e8e1a2cf0dd7b61.jpg","https://www.yuplay.com/product/princess-isabella-a-witchs-curse/?partner=cj","Ver Oferta","CJ","Strategy First"
"external","cj-1075eb8559c2092d59ba","Goat Simulator - Goatz DLC","1","1","visible","GoatZ. Mandatory zombie survival DLC, because that's what everyone is doing now.You even have to eat every damn five minutes to survive because Dean Hall & G...","GoatZ. Mandatory zombie survival DLC, because that's what everyone is doing now.You even have to eat every damn five minutes to survive because Dean Hall & G...","none","1","","4.99","1.08","Accessories","cj,accessories,coffeestainstudios","https://www.yuplay.com/media/products/goatsimulator-goatz/616/3b18dad20c1c7b16f041da77dd35c28cd1f6045a.jpg","https://www.yuplay.com/product/goatsimulator-goatz/?partner=cj","Ver Oferta","CJ","Coffee Stain Studios"
"external","cj-134405c1614b1fe1ad0d","Princess Isabella - Return of the Curse","1","1","visible","A year later everyone thought they had seen the last of the witch but she's back. And this time she's captured Princess Isabella's child and cast a spell ove...","A year later everyone thought they had seen the last of the witch but she's back. And this time she's captured Princess Isabella's child and cast a spell ove...","none","1","","4.99","1.08","Accessories","cj,accessories,strategyfirst","https://www.yuplay.com/media/products/princess-isabella-return-of-the-curse/616/6fe5cd2bc7cfeca896a5f33cb49dcd6cfe03703a.jpg","https://www.yuplay.com/product/princess-isabella-return-of-the-curse/?partner=cj","Ver Oferta","CJ","Strategy First"
"external","cj-340640b7e368fd6a5425","Monster Hunter Rise: Sunbreak Deluxe Edition","1","1","visible","Enjoy a bundle of great additional content together with the massive expansion Monster Hunter Rise: Sunbreak in this Deluxe Edition!Renowned as the ""Fierce F...","Enjoy a bundle of great additional content together with the massive expansion Monster Hunter Rise: Sunbreak in this Deluxe Edition!Renowned as the ""Fierce F...","none","1","","51.13","11.13","Home","cj,home,capcom","https://www.yuplay.com/media/products/monster-hunter-rise-sunbreak-deluxe-edition/616/a3975f031fd60eb6d19999155dc6108875e7db09.jpg","https://www.yuplay.com/product/monster-hunter-rise-sunbreak-deluxe-edition/?partner=cj","Ver Oferta","CJ","Capcom"
"external","cj-0ab9ad3b7c148fb71f85","Tropico 4: Quick-dry Cement","1","1","visible","Quick-Dry Cement (Construction DLC)Build the ultimate Tropican metropolis! The new cement factory accelerates all construction on the island, the ""Constructo...","Quick-Dry Cement (Construction DLC)Build the ultimate Tropican metropolis! The new cement factory accelerates all construction on the island, the ""Constructo...","none","1","","1.56","0.34","Sports","cj,sports,kalypsomedia","https://www.yuplay.com/media/products/tropico-4-quick-dry-cement/616/16c33a9447153b475a3ca99e36cf9e715b043708.jpg","https://www.yuplay.com/product/tropico-4-quick-dry-cement/?partner=cj","Ver Oferta","CJ","Kalypso Media"
"external","cj-221a7a4a090293158c71","Tropico 4: Vigilante","1","1","visible","People on the island know him as El Presidente, their absolute ruler. Little they suspect that he is also the Masked Avenger, the mysterious dashing rogue th...","People on the island know him as El Presidente, their absolute ruler. Little they suspect that he is also the Masked Avenger, the mysterious dashing rogue th...","none","1","","1.56","0.34","Accessories","cj,accessories,kalypsomedia","https://www.yuplay.com/media/products/tropico-4-vigilante/616/d0658acd35bd850ba6a350710a87ec2de2ce9745.jpg","https://www.yuplay.com/product/tropico-4-vigilante/?partner=cj","Ver Oferta","CJ","Kalypso Media"
"external","cj-0a0f8014e3e0d901f08e","Technotopia","1","1","visible","Welcome to Technotopia, a city-builder card game. Take on the role of an AI designed to build a perfect city.","Welcome to Technotopia, a city-builder card game. Take on the role of an AI designed to build a perfect city.","none","1","","4.99","1.09","Electronics","cj,electronics,alawar","https://www.yuplay.com/media/products/technotopia/616/aa97eaf38b98d17584cf9ec52f30367312ea5d64.jpg","https://www.yuplay.com/product/technotopia/?partner=cj","Ver Oferta","CJ","Alawar"
"external","cj-3548900945000f4621f5","Perfect Universe","1","1","visible","Perfect Universe is a collection of 9 physics games themed around gravity. Use a planets gravitational pull to glide around an entire planet to maintain velo...","Perfect Universe is a collection of 9 physics games themed around gravity. Use a planets gravitational pull to glide around an entire planet to maintain velo...","none","1","","3.01","0.66","Accessories","cj,accessories,excaliburpublishing","https://www.yuplay.com/media/products/perfect-universe/616/5185f3ff069be39d396f8d472c7dcbe3f5e1e3c4.jpg","https://www.yuplay.com/product/perfect-universe/?partner=cj","Ver Oferta","CJ","Excalibur Publishing"
"external","cj-0cddc03e737764f9d46a","Starpoint Gemini Warlords","1","1","visible","Starpoint Gemini Warlords is a unique blend of space sim, RPG and 4X games focused on larger ships, ranging from gunships to carriers. Command your starship,...","Starpoint Gemini Warlords is a unique blend of space sim, RPG and 4X games focused on larger ships, ranging from gunships to carriers. Command your starship,...","none","1","","7.49","1.65","Accessories","cj,accessories,iceberginteractive","https://www.yuplay.com/media/products/starpoint-gemini-warlords/616/0bdf5fccf0df56ddc58ea0bea4a28015d15473e5.jpg","https://www.yuplay.com/product/starpoint-gemini-warlords/?partner=cj","Ver Oferta","CJ","Iceberg Interactive"
"external","cj-0099c1917ea961897297","Combat Mission Cold War","1","1","visible","CM Cold War is set in the tipping-point years of a conflict that gripped the world for 45 years.","CM Cold War is set in the tipping-point years of a conflict that gripped the world for 45 years.","none","1","","60.86","13.43","Accessories","cj,accessories,slitherineltd","https://www.yuplay.com/media/products/combat-mission-cold-war/616/b0feef2d998b329f8f98ab72b7fa3ef43fc70410.jpg","https://www.yuplay.com/product/combat-mission-cold-war/?partner=cj","Ver Oferta","CJ","Slitherine Ltd"
"external","cj-0f28e7bc395fd0b158d9","Smilemo","1","1","visible","A new side-scrolling platformer where you go flying out of control at the slightest touch!","A new side-scrolling platformer where you go flying out of control at the slightest touch!","none","1","","8.19","1.81","Home","cj,home,cfkcoltd","https://www.yuplay.com/media/products/smilemo/616/7afee433112ac02ff33de7c735fd19d6b66bf229.jpg","https://www.yuplay.com/product/smilemo/?partner=cj","Ver Oferta","CJ","CFK Co., Ltd."
"external","cj-22f47253317286ff7349","Kao the Kangaroo (2000 re-release)","1","1","visible","Kao the Kangaroo is a 3D adventure game, first released in 2000.","Kao the Kangaroo is a 3D adventure game, first released in 2000.","none","1","","1.99","0.44","Accessories","cj,accessories,tatemultimediasa","https://www.yuplay.com/media/products/kao-the-kangaroo-2000-re-release/616/2f1e24bb218e7c6fdd12e824891a6ee764d9d043.jpg","https://www.yuplay.com/product/kao-the-kangaroo-2000-re-release/?partner=cj","Ver Oferta","CJ","Tate Multimedia S.A"
"external","cj-2c0a7973f8d185800544","Kao the Kangaroo: Mystery of the Volcano (2005 re-release)","1","1","visible","Kao the Kangaroo: Mystery of the Volcano is a third installment of the epic Kao the Kangaroo 3D platformer series where the player takes control of a brave Kao.","Kao the Kangaroo: Mystery of the Volcano is a third installment of the epic Kao the Kangaroo 3D platformer series where the player takes control of a brave Kao.","none","1","","1.99","0.44","Accessories","cj,accessories,tatemultimediasa","https://www.yuplay.com/media/products/kao-the-kangaroo-mystery-of-the-volcano-2005-re-release/616/42a8881851659d4c3ace1b357b401e8148671ded.jpg","https://www.yuplay.com/product/kao-the-kangaroo-mystery-of-the-volcano-2005-re-release/?partner=cj","Ver Oferta","CJ","Tate Multimedia S.A"
"external","cj-3c0ab63e40cc04d4a600","Firelight Fantasy: Vengeance","1","1","visible","Firelight Fantasy: Vengeance - a game about spectacular sword battles from the third person.","Firelight Fantasy: Vengeance - a game about spectacular sword battles from the third person.","none","1","","9.99","2.21","Home","cj,home,whalerockgames","https://www.yuplay.com/media/products/firelight-fantasy-vengeance/616/ac189438a9ecad5a995689d0bef1b7c8bc4648a1.jpg","https://www.yuplay.com/product/firelight-fantasy-vengeance/?partner=cj","Ver Oferta","CJ","Whale Rock Games"
"external","cj-1fd0c9798df9e985aecd","Yu-Gi-Oh! GX Lost Duels","1","1","visible","Play 2 pre-constructed decks, Masked HERO Deck and Darkness Deck. Includes additional duels in Yu-Gi-Oh! GX Campaign and Challenge Mode.","Play 2 pre-constructed decks, Masked HERO Deck and Darkness Deck. Includes additional duels in Yu-Gi-Oh! GX Campaign and Challenge Mode.","none","1","","4.99","1.11","Accessories","cj,accessories,konami","https://www.yuplay.com/media/products/yu-gi-oh-gx-lost-duels/616/cae80aea5e1027865ccebb8dff7981c9be0e6c94.jpg","https://www.yuplay.com/product/yu-gi-oh-gx-lost-duels/?partner=cj","Ver Oferta","CJ","KONAMI"
"external","cj-2b6d46b852983972d514","The Incredible Adventures of Van Helsing II Ink Hunt","1","1","visible","The civil war is barely over in Borgovia and Van Helsing has a new problem to solve. When a strange ethereal gate opens in his secret underground maze, he mu...","The civil war is barely over in Borgovia and Van Helsing has a new problem to solve. When a strange ethereal gate opens in his secret underground maze, he mu...","none","1","","4.99","1.11","Accessories","cj,accessories,neocoregames","https://www.yuplay.com/media/products/the-incredible-adventures-of-van-helsing-ii-ink-hunt/616/1604874cebd451bd27d2099f434905da204ca519.jpg","https://www.yuplay.com/product/the-incredible-adventures-of-van-helsing-ii-ink-hunt/?partner=cj","Ver Oferta","CJ","NeocoreGames"
"external","cj-394c7a845976d8e19e10","Sid Meiers Civilization III Complete","1","1","visible","From Firaxis Games and Sid Meier, the creative genius behind some of the most critically acclaimed computer games ever produced, comes the latest offering in...","From Firaxis Games and Sid Meier, the creative genius behind some of the most critically acclaimed computer games ever produced, comes the latest offering in...","none","1","","4.99","1.11","Accessories","cj,accessories,2k","https://www.yuplay.com/media/products/sid-meiers-civilization-iii-complete/616/a1987f912b7c9403e8d10de189f2b1e6546a2cab.jpg","https://www.yuplay.com/product/sid-meiers-civilization-iii-complete/?partner=cj","Ver Oferta","CJ","2K"
"external","cj-3d88bff9b4cecade0625","XCOM 2 Anarchy's Children","1","1","visible","This rebellion-themed content pack introduces more than 100 new exotic customizations for the entire arsenal of armors available to your XCOM soldiers. These...","This rebellion-themed content pack introduces more than 100 new exotic customizations for the entire arsenal of armors available to your XCOM soldiers. These...","none","1","","4.99","1.11","Accessories","cj,accessories,2k","https://www.yuplay.com/media/products/xcom-2-anarchys-children/616/e6df1d5828682c484b06c72ae49979fd77a3cf0d.jpg","https://www.yuplay.com/product/xcom-2-anarchys-children/?partner=cj","Ver Oferta","CJ","2K"
"external","cj-39601f6cfc3afa5685b6","The Bureau XCOM Declassified: Hangar 6 R&D","1","1","visible","In the days leading up to the events of The Bureau: XCOM Declassified, Agent Nico DaSilva volunteers for a series of dangerous secret experiments to identify...","In the days leading up to the events of The Bureau: XCOM Declassified, Agent Nico DaSilva volunteers for a series of dangerous secret experiments to identify...","none","1","","4.49","1.00","Accessories","cj,accessories,2k","https://www.yuplay.com/media/products/the-bureau-xcom-declassified-hangar-6-rd/616/0dc7137fe736abb0c017957588b84e22c11b3dad.jpg","https://www.yuplay.com/product/the-bureau-xcom-declassified-hangar-6-rd/?partner=cj","Ver Oferta","CJ","2K"
"external","cj-1a257ea9983936903856","Alien Isolation Safe Haven","1","1","visible","Welcome to Safe Haven, the third add-on content pack for Alien: Isolation, featuring the all-new Salvage Mode. How long can you survive? You've found the onl...","Welcome to Safe Haven, the third add-on content pack for Alien: Isolation, featuring the all-new Salvage Mode. How long can you survive? You've found the onl...","none","1","","7.99","1.78","Accessories","cj,accessories,sega","https://www.yuplay.com/media/products/alien-isolation-safe-haven/616/7c4200573ffb1f0f2afd0c5f610f38586a1479b6.jpg","https://www.yuplay.com/product/alien-isolation-safe-haven/?partner=cj","Ver Oferta","CJ","SEGA"
"external","cj-1e8aba0be23100b6ffa5","Railway Empire: Crossing the Andes","1","1","visible","Take on new journeys in the depths of South America in the early 20th century, where a hoard of exotic new resources are ripe for the picking and plans for c...","Take on new journeys in the depths of South America in the early 20th century, where a hoard of exotic new resources are ripe for the picking and plans for c...","none","1","","7.99","1.78","Accessories","cj,accessories,kalypsomedia","https://www.yuplay.com/media/products/railway-empire-crossing-the-andes/616/30edcc9ef556242e814db6c883a0ff2b094ef75b.jpg","https://www.yuplay.com/product/railway-empire-crossing-the-andes/?partner=cj","Ver Oferta","CJ","Kalypso Media"
"external","cj-0a7f1a4aaca437b2bbf8","Train Sim World 6: Standard Edition","1","1","visible","Embark on your next journey and discover the joy of train simulation. Be ready for anything as you master formidable trains across 3 new routes.","Embark on your next journey and discover the joy of train simulation. Be ready for anything as you master formidable trains across 3 new routes.","none","1","","49.99","11.16","Books","cj,books,dovetailgames","https://www.yuplay.com/media/products/train-sim-world-6-standard-edition/616/510b3fdf24213c545502112850ebf637f5a84192.jpg","https://www.yuplay.com/product/train-sim-world-6-standard-edition/?partner=cj","Ver Oferta","CJ","Dovetail Games"
"external","cj-31deb957b3122222ac6f","Premier Manager 03/04","1","1","visible","Indulge in pan-European fantasy football by taking control of any club from the four English divisions, or simultaneously from the top two divisions of the c...","Indulge in pan-European fantasy football by taking control of any club from the four English divisions, or simultaneously from the top two divisions of the c...","none","1","","2.99","0.67","Home","cj,home,funboxmedia","https://www.yuplay.com/media/products/premier-manager-03-04/616/0b25a180ff85fd0f021f1e41aed4f4fded6e4350.jpg","https://www.yuplay.com/product/premier-manager-03-04/?partner=cj","Ver Oferta","CJ","Funbox Media"
"external","cj-235c8101ff8a47853901","Briquid","1","1","visible","Build bricks, remove them, or change the direction of gravity to get the water to its destination.","Build bricks, remove them, or change the direction of gravity to get the water to its destination.","none","1","","4.99","1.12","Accessories","cj,accessories,gamious","https://www.yuplay.com/media/products/briquid/616/c3a715a0d25be9042aa0ff96bb5fa7144436313f.jpg","https://www.yuplay.com/product/briquid/?partner=cj","Ver Oferta","CJ","Gamious"
"external","cj-3bbf94d5e3cbf184be1a","Like a Dragon: Infinite Wealth","1","1","visible","Two larger-than-life heroes brought together by the hand of fate, or perhaps something more sinister&#8230;","Two larger-than-life heroes brought together by the hand of fate, or perhaps something more sinister&#8230;","none","1","","69.99","15.72","Accessories","cj,accessories,sega","https://www.yuplay.com/media/products/like-a-dragon-infinite-wealth/616/84c6a9ee2e36137d82db25ca28b7703bff7ec334.jpg","https://www.yuplay.com/product/like-a-dragon-infinite-wealth/?partner=cj","Ver Oferta","CJ","SEGA"
"external","cj-13c06264175ea8b12681","Basketball Classics","1","1","visible","5 on 5 Pro Basketball born from the golden era of sports games. This spiritual successor to the 8-bit ballers bridges the gap between retro and today's..","5 on 5 Pro Basketball born from the golden era of sports games. This spiritual successor to the 8-bit ballers bridges the gap between retro and today's..","none","1","","8.19","1.84","Sports","cj,sports,acclaiminc","https://www.yuplay.com/media/products/basketball-classics/616/c258073df9895c5ed361884da9440e8a3d7b3745.jpg","https://www.yuplay.com/product/basketball-classics/?partner=cj","Ver Oferta","CJ","Acclaim, Inc."
"external","cj-3920c15d57a483ecb2d6","Blade Jumper","1","1","visible","Blade Jumper is platformer jump action game.In 2045, a huge building was built in Yeouido, Seoul. The height is so high that nothing is known about it. The 1...","Blade Jumper is platformer jump action game.In 2045, a huge building was built in Yeouido, Seoul. The height is so high that nothing is known about it. The 1...","none","1","","5.69","1.28","Accessories","cj,accessories,h2interactivecoltd","https://www.yuplay.com/media/products/blade-jumper/616/10e1b4a68b3f9ae36c1d8e82d6abc3afaf0ca44b.jpg","https://www.yuplay.com/product/blade-jumper/?partner=cj","Ver Oferta","CJ","H2 Interactive Co., Ltd"
"external","cj-2ee611d6d35c58cad7ca","Tomb Raider VI: Angel of Darkness","1","1","visible","A series of grisly murders brings Lara into conflict with a sinister Alchemist from the past, and a secret alliance of powerful individuals shrouded in myste...","A series of grisly murders brings Lara into conflict with a sinister Alchemist from the past, and a secret alliance of powerful individuals shrouded in myste...","none","1","","6.99","1.58","Accessories","cj,accessories,squareenix","https://www.yuplay.com/media/products/tomb-raider-vi-angel-of-darkness/616/b275969d1ae590b04ad79c07a0c8cd7f31f07a40.jpg","https://www.yuplay.com/product/tomb-raider-vi-angel-of-darkness/?partner=cj","Ver Oferta","CJ","Square Enix"
"external","cj-227434964ca3f7adfa23","Men of War II Deluxe Edition","1","1","visible","Experience warfare like never before! Men of War II, the anticipated sequel to the highly acclaimed RTS franchise is here with all-new units, locations..","Experience warfare like never before! Men of War II, the anticipated sequel to the highly acclaimed RTS franchise is here with all-new units, locations..","none","1","","54.99","12.44","Books","cj,books,fulqrumpublishing","https://www.yuplay.com/media/products/men-of-war-ii-deluxe-edition/616/7f7e6e384dd00fe4f1c4cc1a2077d33a7cd498b2.jpg","https://www.yuplay.com/product/men-of-war-ii-deluxe-edition/?partner=cj","Ver Oferta","CJ","Fulqrum Publishing"
"external","cj-3d00054825182c61de9a","Virginia","1","1","visible","1992. George H. W. Bush and Boris Yeltsin officially put an end to the Cold War. Barcelona held the summer Olympic Games. The Tonight Show aired its last sho...","1992. George H. W. Bush and Boris Yeltsin officially put an end to the Cold War. Barcelona held the summer Olympic Games. The Tonight Show aired its last sho...","none","1","","9.99","2.26","Accessories","cj,accessories,505games","https://www.yuplay.com/media/products/virginia/616/c91fd08713a53bfefb7f907dc0e773f613a408f5.jpg","https://www.yuplay.com/product/virginia/?partner=cj","Ver Oferta","CJ","505 Games"
"external","cj-0b45c740dfe71a1556ff","Ambulance Life - Official Siren Pack","1","1","visible","With this pack of 6 additional ambulance sirens, cut through the streets of San Pel&#237;cano with sirens inspired by the emergency medical services of Franc...","With this pack of 6 additional ambulance sirens, cut through the streets of San Pel&#237;cano with sirens inspired by the emergency medical services of Franc...","none","1","","4.99","1.13","Accessories","cj,accessories,nacon","https://www.yuplay.com/media/products/ambulance-life-official-siren-pack/616/dbdf67e60935a7e9a97580b890e6f58c91190dc6.jpg","https://www.yuplay.com/product/ambulance-life-official-siren-pack/?partner=cj","Ver Oferta","CJ","Nacon"
"external","cj-15fb48d205f4eada547b","shapez - Puzzle DLC","1","1","visible","The shapez.io Puzzles DLC takes puzzling to a whole new level!You enjoyed scaling down and optimizing machines in shapez.io? Now it's its own game mode!Solve...","The shapez.io Puzzles DLC takes puzzling to a whole new level!You enjoyed scaling down and optimizing machines in shapez.io? Now it's its own game mode!Solve...","none","1","","4.99","1.13","Accessories","cj,accessories,doyoyogames","https://www.yuplay.com/media/products/shapez-puzzle-dlc/616/5a06362c46fb42dd6a7e8f3d824d012bdb37e975.jpg","https://www.yuplay.com/product/shapez-puzzle-dlc/?partner=cj","Ver Oferta","CJ","Doyoyo Games"
"external","cj-0ddac892cb63936fc018","Warparty","1","1","visible","In ancient times, a powerful civilization thrived, blending technology and magic to assert their dominion on the world. Eons have passed since their fall and...","In ancient times, a powerful civilization thrived, blending technology and magic to assert their dominion on the world. Eons have passed since their fall and...","none","1","","9.99","2.27","Electronics","cj,electronics,crazymonkeystudios","https://www.yuplay.com/media/products/warparty/616/db74d8b82ea4cfee0096b9bccb5c1aa08065879e.jpg","https://www.yuplay.com/product/warparty/?partner=cj","Ver Oferta","CJ","Crazy Monkey Studios"
"external","cj-0b76117ea306a436c554","Dying Light - Harran Tactical Unit Bundle","1","1","visible","Join the Harran Tactical Unit with this new bundle and help your team members pacify the zombie situation!","Join the Harran Tactical Unit with this new bundle and help your team members pacify the zombie situation!","none","1","","2.99","0.68","Electronics","cj,electronics,techland","https://www.yuplay.com/media/products/dying-light-harran-tactical-unit-bundle/616/f1eca4f9d7e5c8b4ef9f7cec01c9516cbf4f5dd3.jpg","https://www.yuplay.com/product/dying-light-harran-tactical-unit-bundle/?partner=cj","Ver Oferta","CJ","Techland"
"external","cj-33fb8e1c8b379d465b7e","Dying Light - Savvy Gamer bundle","1","1","visible","Find out how to turn a tablet, LED lights and a few cables into awesome combat gear with this new Savvy Gamer bundle!","Find out how to turn a tablet, LED lights and a few cables into awesome combat gear with this new Savvy Gamer bundle!","none","1","","2.99","0.68","Electronics","cj,electronics,techland","https://www.yuplay.com/media/products/dying-light-savvy-gamer-bundle/616/90f7e24a9078d777c5bc3bde21965adda7e5ff82.jpg","https://www.yuplay.com/product/dying-light-savvy-gamer-bundle/?partner=cj","Ver Oferta","CJ","Techland"
"external","cj-36afd6ab5734460a69d7","Combat Mission Shock Force 2","1","1","visible","The latest title in the famous Combat Mission franchise of wargames, now on Steam. Shock Force 2 brings you to a hypothetical conflict in Syria between the f...","The latest title in the famous Combat Mission franchise of wargames, now on Steam. Shock Force 2 brings you to a hypothetical conflict in Syria between the f...","none","1","","49.99","11.38","Accessories","cj,accessories,slitherineltd","https://www.yuplay.com/media/products/combat-mission-shock-force-2/616/89ceedd1df8c15b701deeac3108e56db3906084f.jpg","https://www.yuplay.com/product/combat-mission-shock-force-2/?partner=cj","Ver Oferta","CJ","Slitherine Ltd"
"external","cj-1aa92a8787cbc48e257f","Shining Plume 2","1","1","visible","Explore a new, larger world, full of secrets and hidden locations in this direct sequel to Shining Plume featuring 3 different endings!","Explore a new, larger world, full of secrets and hidden locations in this direct sequel to Shining Plume featuring 3 different endings!","none","1","","3.29","0.75","Accessories","cj,accessories,aldorleagames","https://www.yuplay.com/media/products/shining-plume-2/616/051ab14f7e9021527373c177e3c685ef37bfc408.jpg","https://www.yuplay.com/product/shining-plume-2/?partner=cj","Ver Oferta","CJ","Aldorlea Games"
"external","cj-3f723a7af846941b1444","Quell Reflect","1","1","visible","An enchanting puzzle game of logic and relaxation.The follow-up to the acclaimed 'zen puzzle' game, Quell, this offers another suite of ingenious levels to r...","An enchanting puzzle game of logic and relaxation.The follow-up to the acclaimed 'zen puzzle' game, Quell, this offers another suite of ingenious levels to r...","none","1","","3.99","0.91","Electronics","cj,electronics,greenmangaming","https://www.yuplay.com/media/products/quell-reflect/616/23da3adb213cffb5f7628585fc1fe45de9006b9c.jpg","https://www.yuplay.com/product/quell-reflect/?partner=cj","Ver Oferta","CJ","Green Man Gaming"
"external","cj-0005f3ea89a22a00b15c","Europa Universalis III Music of the World","1","1","visible","The Music of the World collection contains 21 tracks with over an hour of music. With music inspired from all parts of the world, there are songs for war, pe...","The Music of the World collection contains 21 tracks with over an hour of music. With music inspired from all parts of the world, there are songs for war, pe...","none","1","","4.99","1.14","Accessories","cj,accessories,paradoxinteractive","https://www.yuplay.com/media/products/europa-universalis-iii-music-of-the-world/616/1146180124e39e1cde55bb64297eb9cfabe5e99d.jpg","https://www.yuplay.com/product/europa-universalis-iii-music-of-the-world/?partner=cj","Ver Oferta","CJ","Paradox Interactive"
"external","cj-1894b62811a166485f78","Spoiler Alert","1","1","visible","Spoiler Alert is a video game that tests your platforming skills&#8230; in reverse. It's a comedy platformer that you play backwards.","Spoiler Alert is a video game that tests your platforming skills&#8230; in reverse. It's a comedy platformer that you play backwards.","none","1","","2.99","0.69","Beauty","cj,beauty,tinybuild","https://www.yuplay.com/media/products/spoiler-alert/616/2241548c28f2641915be5562174b5381eaefb21f.jpg","https://www.yuplay.com/product/spoiler-alert/?partner=cj","Ver Oferta","CJ","tinyBuild"
"external","cj-209dc0d9726fae130383","Persona 5 Royal (Nintendo Switch EU)","1","1","visible","Prepare for the award-winning RPG experience in this definitive edition of Persona 5 Royal, featuring a treasure trove of downloadable content included!Force...","Prepare for the award-winning RPG experience in this definitive edition of Persona 5 Royal, featuring a treasure trove of downloadable content included!Force...","none","1","","59.99","13.86","Books","cj,books,sega","https://www.yuplay.com/media/products/persona-5-royal-nintendo-switch-eu/616/7595bce4b4f2e5feab150de74078be58f3491329.jpg","https://www.yuplay.com/product/persona-5-royal-nintendo-switch-eu/?partner=cj","Ver Oferta","CJ","SEGA"
"external","cj-30ddbb1454a31cbc15a9","Mortal Kombat 1: Definitive Edition","1","1","visible","New to Mortal Kombat 1? Get started with the Definitive Edition for the most extensive Mortal Kombat 1 Experience!Includes:  Base Game  Khaos Reigns Story Ex...","New to Mortal Kombat 1? Get started with the Definitive Edition for the most extensive Mortal Kombat 1 Experience!Includes:  Base Game  Khaos Reigns Story Ex...","none","1","","69.99","16.23","Books","cj,books,warnerbrosgames","https://www.yuplay.com/media/products/mortal-kombattm-1-definitive-edition/616/a1ac2386c839facf5557e8ad5454d3e986b5157a.jpg","https://www.yuplay.com/product/mortal-kombattm-1-definitive-edition/?partner=cj","Ver Oferta","CJ","Warner Bros. Games"
"external","cj-3ab29c3149a37e454e3b","Flower","1","1","visible","""It's an experience that anybody can appreciate and one that offers hope for video games' potential to stir the soul."" - TIME""Flower represents an important ...","""It's an experience that anybody can appreciate and one that offers hope for video games' potential to stir the soul."" - TIME""Flower represents an important ...","none","1","","5.69","1.32","Accessories","cj,accessories,annapurnainteractive","https://www.yuplay.com/media/products/flower/616/660c52de8a78a21c37730c284b71d984e4f03e6a.jpg","https://www.yuplay.com/product/flower/?partner=cj","Ver Oferta","CJ","Annapurna Interactive"
"external","cj-10a3b3585ef3b929b80c","Farming Simulator 15 - HOLMER","1","1","visible","Extend your gaming experience with a new official extension for Farming Simulator 15! The Holmer DLC contains 2 brand new vehicles and 7 pieces of farming eq...","Extend your gaming experience with a new official extension for Farming Simulator 15! The Holmer DLC contains 2 brand new vehicles and 7 pieces of farming eq...","none","1","","8.19","1.90","Electronics","cj,electronics,giantssoftwaregmbh","https://www.yuplay.com/media/products/farming-simulator-15-holmer/616/990bd667b32228e230f883d908f7f41bd84a7713.jpg","https://www.yuplay.com/product/farming-simulator-15-holmer/?partner=cj","Ver Oferta","CJ","GIANTS Software GmbH"
"external","cj-3de421a2facaa07e1155","Master of Magic Classic","1","1","visible","Master of Magic is a classic, one of the most popular strategy games of the 90s. It is a 4X fantasy strategy game that allows you to play as an extremely pow...","Master of Magic is a classic, one of the most popular strategy games of the 90s. It is a 4X fantasy strategy game that allows you to play as an extremely pow...","none","1","","5.89","1.37","Accessories","cj,accessories,slitherineltd","https://www.yuplay.com/media/products/master-of-magic-classic/616/1f18f3d888ff397ff30e026b06f3643559ce6f7c.jpg","https://www.yuplay.com/product/master-of-magic-classic/?partner=cj","Ver Oferta","CJ","Slitherine Ltd"
"external","cj-41e94f8cc58d37fb68da","99 Spirits","1","1","visible","99 Spirits revolves around the popular Japanese folklore of Tsukumogami, everyday objects coming alive on their 100th birthday.Features:Work out the true ide...","99 Spirits revolves around the popular Japanese folklore of Tsukumogami, everyday objects coming alive on their 100th birthday.Features:Work out the true ide...","none","1","","8.19","1.92","Home","cj,home,fruitbatfactory","https://www.yuplay.com/media/products/99-spirits/616/a94ac9619bbe77fe0ab5c39bc790d89aa11b4de0.jpg","https://www.yuplay.com/product/99-spirits/?partner=cj","Ver Oferta","CJ","Fruitbat Factory"
"external","cj-0e3b63ed17930836313f","&#40657;&#33394;&#33457;&#19982;&#32418;&#23665;&#32650; / Black Datura & Red Goat","1","1","visible","""Black Flower and Red Goat"" is a new work created by Ladomu, the producer of the Blue Angel production team who once produced the ""Scratched"" series. It is a...","""Black Flower and Red Goat"" is a new work created by Ladomu, the producer of the Blue Angel production team who once produced the ""Scratched"" series. It is a...","none","1","","6.59","1.55","Accessories","cj,accessories,gameragames","https://www.yuplay.com/media/products/black-datura-red-goat/616/5ddfc0dcc5e191b2dbf58fbd888acdda4dab4ac0.jpg","https://www.yuplay.com/product/black-datura-red-goat/?partner=cj","Ver Oferta","CJ","Gamera Games"
"external","cj-22630d9461592aeb2abb","Hell Let Loose Deluxe Edition","1","1","visible","Hell Let Loose - Deluxe Edition includes:Hell Let LooseHell Let Loose - False FrontHell Let Loose - Hot DropHell Let Loose - Lethal TideHell Let Loose is a r...","Hell Let Loose - Deluxe Edition includes:Hell Let LooseHell Let Loose - False FrontHell Let Loose - Hot DropHell Let Loose - Lethal TideHell Let Loose is a r...","none","1","","59.99","14.12","Books","cj,books,team17","https://www.yuplay.com/media/products/hell-let-loose-deluxe-edition/616/a2e8637b2057e8d330654c691b7c38dd0670744c.jpg","https://www.yuplay.com/product/hell-let-loose-deluxe-edition/?partner=cj","Ver Oferta","CJ","Team17"
"external","cj-3ed5530ccbf1b34b04c4","Mortal Kombat 11 Ultimate (Nintendo Switch EU)","1","1","visible","The definitive MK11 experience! Take control of Earthrealm's protectors in 2 acclaimed, time-bending Story Campaigns as they race to stop Kronika from rewind...","The definitive MK11 experience! Take control of Earthrealm's protectors in 2 acclaimed, time-bending Story Campaigns as they race to stop Kronika from rewind...","none","1","","59.99","14.13","Sports","cj,sports,wbgames","https://www.yuplay.com/media/products/mortal-kombat-11-ultimate-nintendo-switch-eu/616/5f5d983c6672b0c25dc4d1f1648dfbe4a7142bed.jpg","https://www.yuplay.com/product/mortal-kombat-11-ultimate-nintendo-switch-eu/?partner=cj","Ver Oferta","CJ","WB Games"
"external","cj-0749520441daba5b8c95","Roads of Rome","1","1","visible","Advance into the unknown territories full of secrets and dangers.","Advance into the unknown territories full of secrets and dangers.","none","1","","3.99","0.94","Accessories","cj,accessories,qumaron","https://www.yuplay.com/media/products/roads-of-rome/616/cce4f0b7c30d15aac889f9a29a54133f00fa41a9.jpg","https://www.yuplay.com/product/roads-of-rome/?partner=cj","Ver Oferta","CJ","Qumaron"
"external","cj-1d393cbda56f33f6104f","Roads of Rome 3","1","1","visible","Be brave and the good luck won't leave you, clear up your way and build roads, help the Romans get their prosperous and peaceful life back.","Be brave and the good luck won't leave you, clear up your way and build roads, help the Romans get their prosperous and peaceful life back.","none","1","","3.99","0.94","Accessories","cj,accessories,qumaron","https://www.yuplay.com/media/products/roads-of-rome-3/616/a11dfb6d1e0685f0864dcc77525186247a51a418.jpg","https://www.yuplay.com/product/roads-of-rome-3/?partner=cj","Ver Oferta","CJ","Qumaron"
"external","cj-244e01d5ece089f50a21","Construction Simulator 2015 Deluxe Edition Add-On","1","1","visible","The Construction Simulator 2015: Deluxe Edition add-on contains three DLC packs to complete your Construction Simulator collection. The full version of Const...","The Construction Simulator 2015: Deluxe Edition add-on contains three DLC packs to complete your Construction Simulator collection. The full version of Const...","none","1","","3.99","0.94","Books","cj,books,astragonentertainment","https://www.yuplay.com/media/products/construction-simulator-2015-deluxe-edition-add-on/616/13b39824e7bcb15deed71b9288630285a9ab7cc7.jpg","https://www.yuplay.com/product/construction-simulator-2015-deluxe-edition-add-on/?partner=cj","Ver Oferta","CJ","astragon Entertainment"
"external","cj-02cb3b544a4c5921eea4","Pixel Puzzles Illustrations & Anime - Jigsaw Pack: Ninja Girls","1","1","visible","Pixel Puzzles Illustrations & Anime, setting the standards for online jigsaw puzzling.PACK INFO:Puzzle Count: 3Total Piece Count: 899PACK CONTENTS:Kneeling I...","Pixel Puzzles Illustrations & Anime, setting the standards for online jigsaw puzzling.PACK INFO:Puzzle Count: 3Total Piece Count: 899PACK CONTENTS:Kneeling I...","none","1","","1.99","0.47","Accessories","cj,accessories,pixelpuzzles","https://www.yuplay.com/media/products/pixel-puzzles-illustrations-anime-jigsaw-pack-ninja-girls/616/62f6331970a6af2f88ea7193068d5e3fd35152b6.jpg","https://www.yuplay.com/product/pixel-puzzles-illustrations-anime-jigsaw-pack-ninja-girls/?partner=cj","Ver Oferta","CJ","Pixel Puzzles"
"external","cj-0e6a5606fbc618b822b4","Pixel Puzzles Illustrations & Anime - Jigsaw Pack: Gun Girls","1","1","visible","Pixel Puzzles Illustrations & Anime, setting the standards for online jigsaw puzzling.PACK INFO:Puzzle Count: 3Total Piece Count: 1264PACK CONTENTS:Ronin - x...","Pixel Puzzles Illustrations & Anime, setting the standards for online jigsaw puzzling.PACK INFO:Puzzle Count: 3Total Piece Count: 1264PACK CONTENTS:Ronin - x...","none","1","","1.99","0.47","Accessories","cj,accessories,pixelpuzzles","https://www.yuplay.com/media/products/pixel-puzzles-illustrations-anime-jigsaw-pack-gun-girls/616/26e8611ad200abffa670984c7ac6b10c786f5922.jpg","https://www.yuplay.com/product/pixel-puzzles-illustrations-anime-jigsaw-pack-gun-girls/?partner=cj","Ver Oferta","CJ","Pixel Puzzles"
"external","cj-095471e9b5178cdfa4ea","Unlimited Escape","1","1","visible","'Unlimited escape' is an action / strategy game with unpredictable dynamics. The protagonist of the game will walk and explore endless mazes procedurally gen...","'Unlimited escape' is an action / strategy game with unpredictable dynamics. The protagonist of the game will walk and explore endless mazes procedurally gen...","none","1","","4.99","1.18","Home","cj,home,strategyfirst","https://www.yuplay.com/media/products/unlimited-escape/616/c0f26d8c369e5d2fcef0563f4fcc350b489f622f.jpg","https://www.yuplay.com/product/unlimited-escape/?partner=cj","Ver Oferta","CJ","Strategy First"
"external","cj-210cdbc18ca052165545","Stronghold Crusader 2: The Templar and The Duke","1","1","visible","The law of the Templar is coming to the desert! The Templar & The Duke DLC adds an extra Crusader Trail campaign and new AI characters, two Crusaders with co...","The law of the Templar is coming to the desert! The Templar & The Duke DLC adds an extra Crusader Trail campaign and new AI characters, two Crusaders with co...","none","1","","4.99","1.18","Accessories","cj,accessories,fireflystudios","https://www.yuplay.com/media/products/stronghold-crusader-2-the-templar-and-the-duke/616/06db6f93b67a0ac0a0736a18360a15e3c58f604e.jpg","https://www.yuplay.com/product/stronghold-crusader-2-the-templar-and-the-duke/?partner=cj","Ver Oferta","CJ","FireFly Studios"
"external","cj-4080f6debbe1988dd267","Re:Turn - One Way Trip","1","1","visible","Re:Turn - One Way Trip tells the terrifying story of five college friends on a post-graduation vacation. This might be their last trip together before adulth...","Re:Turn - One Way Trip tells the terrifying story of five college friends on a post-graduation vacation. This might be their last trip together before adulth...","none","1","","9.99","2.38","Electronics","cj,electronics,greenmangaming","https://www.yuplay.com/media/products/re-turn-one-way-trip/616/b590ee67c260c5b4ebb64ad9705cf286f92a72e2.jpg","https://www.yuplay.com/product/re-turn-one-way-trip/?partner=cj","Ver Oferta","CJ","Green Man Gaming"
"external","cj-02053b62e6801d6186cf","Darkest Dungeon The Shieldbreaker","1","1","visible","&#8220;And all around is the desert; a corner of the mournful kingdom of sand.&#8221;-Pierre LotiHailing from the distant windswept dunes of the east, the Sh...","&#8220;And all around is the desert; a corner of the mournful kingdom of sand.&#8221;-Pierre LotiHailing from the distant windswept dunes of the east, the Sh...","none","1","","3.69","0.88","Accessories","cj,accessories,redhookstudios","https://www.yuplay.com/media/products/darkest-dungeon-the-shieldbreaker/616/844ee39be84060cf760cbd37252ce0c660825452.jpg","https://www.yuplay.com/product/darkest-dungeon-the-shieldbreaker/?partner=cj","Ver Oferta","CJ","Red Hook Studios"
"external","cj-284e46a085752ca84519","Dying Light - Snow Ops Bundle","1","1","visible","The Snow Ops bundle contains: The Winter Warrior outfit: 20% bonus to leveling up your agility, power, survivor and legend skill trees; The Snowstorm grenade...","The Snow Ops bundle contains: The Winter Warrior outfit: 20% bonus to leveling up your agility, power, survivor and legend skill trees; The Snowstorm grenade...","none","1","","1.59","0.38","Electronics","cj,electronics,techland","https://www.yuplay.com/media/products/dying-light-snow-ops-bundle/616/fefc2d5e2ccb043168698065be051286439d0649.jpg","https://www.yuplay.com/product/dying-light-snow-ops-bundle/?partner=cj","Ver Oferta","CJ","Techland"
"external","cj-17d6b5d56b4a92bbc2fa","Ultimate Panic Flight","1","1","visible","Ultimate Panic Flight is an endless flying game with extreme action. Flying further, avoiding obstacles and beat other players' score are the challenges prop...","Ultimate Panic Flight is an endless flying game with extreme action. Flying further, avoiding obstacles and beat other players' score are the challenges prop...","none","1","","6.99","1.68","Home","cj,home,plugindigital","https://www.yuplay.com/media/products/ultimate-panic-flight/616/64162560390e0ebe17e387e0ea65384378a31e86.jpg","https://www.yuplay.com/product/ultimate-panic-flight/?partner=cj","Ver Oferta","CJ","Plug In Digital"
"external","cj-1d40a5381bb64b0da115","Dark Angels: Masquerade of Shadows","1","1","visible","Battle evil as old as time itself and save mankind from demonic forces in this thrilling hidden object adventure!","Battle evil as old as time itself and save mankind from demonic forces in this thrilling hidden object adventure!","none","1","","3.99","0.96","Accessories","cj,accessories,alawarentertainment","https://www.yuplay.com/media/products/dark-angels-masquerade-of-shadows/616/482c326373442e243eb6655b846b0aa68bbad6cf.jpg","https://www.yuplay.com/product/dark-angels-masquerade-of-shadows/?partner=cj","Ver Oferta","CJ","Alawar Entertainment"
"external","cj-2395f4396d81ce35c29e","Rescue Team 4","1","1","visible","Mother Nature is no match for the courageous men and women of the Rescue Team!","Mother Nature is no match for the courageous men and women of the Rescue Team!","none","1","","3.99","0.96","Sports","cj,sports,alawarentertainment","https://www.yuplay.com/media/products/rescue-team-4/616/38208fde12d7bd4750e4fe161cda784954ee5569.jpg","https://www.yuplay.com/product/rescue-team-4/?partner=cj","Ver Oferta","CJ","Alawar Entertainment"
"external","cj-080d854812b556037062","Meridian: Age of Invention","1","1","visible","Experience the wonder of discovery as you rebuild a crumbling kingdom in Meridian: Age of Invention, an innovative time and resource management game! To reno...","Experience the wonder of discovery as you rebuild a crumbling kingdom in Meridian: Age of Invention, an innovative time and resource management game! To reno...","none","1","","2.99","0.72","Accessories","cj,accessories,alawarentertainment","https://www.yuplay.com/media/products/meridian-age-of-invention/616/18d970780a253ff379ed460968736922e59fd702.jpg","https://www.yuplay.com/product/meridian-age-of-invention/?partner=cj","Ver Oferta","CJ","Alawar Entertainment"
"external","cj-01e21fcdd437d605968b","Mind's Eye: Secrets of the Forgotten","1","1","visible","Follow Gabrielle, an enterprising journalist who stumbles on the story of her lifetime when she smells murderous intent behind what everyone assumes was a su...","Follow Gabrielle, an enterprising journalist who stumbles on the story of her lifetime when she smells murderous intent behind what everyone assumes was a su...","none","1","","5.69","1.38","Accessories","cj,accessories,alawarentertainment","https://www.yuplay.com/media/products/minds-eye-secrets-of-the-forgotten/616/ee5cbcfc03f0a454ea8405d3d425c1734f7d5f5c.jpg","https://www.yuplay.com/product/minds-eye-secrets-of-the-forgotten/?partner=cj","Ver Oferta","CJ","Alawar Entertainment"
"external","cj-0ebda45c180e559e475c","Rescue Team: Danger from Outer Space!","1","1","visible","Stop an alien threat from wreaking untold devastation on Earth! After a meteor strikes Florida and releases strange spores, weird plants begin to grow and de...","Stop an alien threat from wreaking untold devastation on Earth! After a meteor strikes Florida and releases strange spores, weird plants begin to grow and de...","none","1","","5.69","1.38","Accessories","cj,accessories,alawarentertainment","https://www.yuplay.com/media/products/rescue-team-danger-from-outer-space/616/6ee113b43ca7b60ae8c3478bc245a87ff331f2d6.jpg","https://www.yuplay.com/product/rescue-team-danger-from-outer-space/?partner=cj","Ver Oferta","CJ","Alawar Entertainment"
"external","cj-3b26dea764d8da5d2351","Hotel Mogul: Las Vegas","1","1","visible","Be Lynette's guiding hand as she creates a hotel empire in the heart of Las Vegas, complete with five-star accommodations, restaurants, casinos, and more! &#...","Be Lynette's guiding hand as she creates a hotel empire in the heart of Las Vegas, complete with five-star accommodations, restaurants, casinos, and more! &#...","none","1","","5.69","1.38","Accessories","cj,accessories,alawarentertainment","https://www.yuplay.com/media/products/hotel-mogul-las-vegas/616/01ffff9c0311d542c0ae45079d94abe229f126ed.jpg","https://www.yuplay.com/product/hotel-mogul-las-vegas/?partner=cj","Ver Oferta","CJ","Alawar Entertainment"
"external","cj-422b0db9b2a5c4570500","Viking Brothers 6","1","1","visible","If there's one thing the Viking Brothers crave more than roasted meats and ale, it's adventure! And Everand and Boromere are going to get their fill as they ...","If there's one thing the Viking Brothers crave more than roasted meats and ale, it's adventure! And Everand and Boromere are going to get their fill as they ...","none","1","","5.69","1.38","Accessories","cj,accessories,alawarentertainment","https://www.yuplay.com/media/products/viking-brothers-6/616/91f9a7d539d40f16a209f2df564ce611f76b6c24.jpg","https://www.yuplay.com/product/viking-brothers-6/?partner=cj","Ver Oferta","CJ","Alawar Entertainment"
"external","cj-0e93d57df6337fefed3c","Call of Duty: Black Ops 4 (Xbox One & Xbox Series X|S) Turkey","1","1","visible","Important Notice: Please, make sure that your IP is LOCATED in TURKEY during the key activation. After a successful activation, the game will be available wi...","Important Notice: Please, make sure that your IP is LOCATED in TURKEY during the key activation. After a successful activation, the game will be available wi...","none","1","","69.99","16.99","Accessories","cj,accessories,activision","https://www.yuplay.com/media/products/call-of-duty-black-ops-4-xbox-one-xbox-series-xs-turkey/616/2d0f782083cfe01c28a85dc021123b9f8da0a4ff.jpg","https://www.yuplay.com/product/call-of-duty-black-ops-4-xbox-one-xbox-series-xs-turkey/?partner=cj","Ver Oferta","CJ","Activision"
"external","cj-130f32afa0b2eb2ff1d4","Simpler Times","1","1","visible","Simpler Times is an experiential, interactive meditation that rewards patience and attention with poignant moments that can be replayed like a favorite song.","Simpler Times is an experiential, interactive meditation that rewards patience and attention with poignant moments that can be replayed like a favorite song.","none","1","","9.75","2.37","Accessories","cj,accessories,iam8bit","https://www.yuplay.com/media/products/simpler-times/616/eeee844cf869fe202aced6d8892b5aa17eaffe33.jpg","https://www.yuplay.com/product/simpler-times/?partner=cj","Ver Oferta","CJ","iam8bit"
"external","cj-268c0fcdb6c36aa234ae","Borderlands: The Pre-sequel Shock Drop Slaughter Pit","1","1","visible","Enter the Shock Drop Slaughter Pit and face off against the toughest Scavs on Pandora's moon, Elpis! Survive the battle and youll be feared and respected by ...","Enter the Shock Drop Slaughter Pit and face off against the toughest Scavs on Pandora's moon, Elpis! Survive the battle and youll be feared and respected by ...","none","1","","3.99","0.97","Home","cj,home,2k","https://www.yuplay.com/media/products/borderlands-the-pre-sequel-shock-drop-slaughter-pit/616/ae832150450be06ee1d74f319ff698fafcf2e34e.jpg","https://www.yuplay.com/product/borderlands-the-pre-sequel-shock-drop-slaughter-pit/?partner=cj","Ver Oferta","CJ","2K"
"external","cj-3ce4d44dc2dc609b4e55","AFL 23","1","1","visible","ITS TIME TO FLY!!FEEL THE ATMOSPHERE. As the crowd shouts BALL, ride every bump, take every tackle, flying high as acclaimed commentators - Anthony Hudson, J...","ITS TIME TO FLY!!FEEL THE ATMOSPHERE. As the crowd shouts BALL, ride every bump, take every tackle, flying high as acclaimed commentators - Anthony Hudson, J...","none","1","","59.99","14.60","Sports","cj,sports,nacon","https://www.yuplay.com/media/products/afl-23/616/0b1ba5f1e6ee8183e693a65dc95900af9c0001c0.jpg","https://www.yuplay.com/product/afl-23/?partner=cj","Ver Oferta","CJ","Nacon"
"external","cj-3762d20b34c77e25e64d","Farm Frenzy Refreshed","1","1","visible","Grow and make resources to trade with the city, care for animals, and build your dream ranch in Alawar's famous Frenzy Farm with a modern twist!","Grow and make resources to trade with the city, care for animals, and build your dream ranch in Alawar's famous Frenzy Farm with a modern twist!","none","1","","7.39","1.80","Accessories","cj,accessories,alawarentertainment","https://www.yuplay.com/media/products/farm-frenzy-refreshed/616/51f20a3370a909a209c355d19058ffe6d4a8ae61.jpg","https://www.yuplay.com/product/farm-frenzy-refreshed/?partner=cj","Ver Oferta","CJ","Alawar Entertainment"
"external","cj-37f63911c88a35c199f5","Blueprint Tycoon","1","1","visible","Build your settlement, gather goods, ensure maximum efficiency and make a profit!In Blueprint Tycoon you are tasked with running a settlement by gathering ra...","Build your settlement, gather goods, ensure maximum efficiency and make a profit!In Blueprint Tycoon you are tasked with running a settlement by gathering ra...","none","1","","2.99","0.73","Sports","cj,sports,endlessloopstudios","https://www.yuplay.com/media/products/blueprint-tycoon/616/499f4d8e1f323ac026fbbb561a6f81feb2b6b6f7.jpg","https://www.yuplay.com/product/blueprint-tycoon/?partner=cj","Ver Oferta","CJ","Endless Loop Studios"
"external","cj-2d94aa0c8efcb8461aef","Crusaders: Thy Kingdom Come","1","1","visible","It all happened in the darkest century of the medieval Europe, when a visionary Pope ignited the flames of the first crusade and united the rivaling nations ...","It all happened in the darkest century of the medieval Europe, when a visionary Pope ignited the flames of the first crusade and united the rivaling nations ...","none","1","","8.99","2.23","Accessories","cj,accessories,paradoxinteractive","https://www.yuplay.com/media/products/crusaders-thy-kingdom-come/616/c5fed4ba1836cf8d3372ef5ff2da531a7588551c.jpg","https://www.yuplay.com/product/crusaders-thy-kingdom-come/?partner=cj","Ver Oferta","CJ","Paradox Interactive"
"external","cj-06b5eb289aacdb5e76e0","VELONE Supporter Pack","1","1","visible","About this PackThis is a collection of bonus goodies for all those who wish to go the extra mile to support the developers of VELONE!ContentsA collection of ...","About this PackThis is a collection of bonus goodies for all those who wish to go the extra mile to support the developers of VELONE!ContentsA collection of ...","none","1","","3.99","0.99","Accessories","cj,accessories,daedalicentertainment","https://www.yuplay.com/media/products/velone-supporter-pack/616/d57b76314b25496e837dbaa91be0cc231070ad52.jpg","https://www.yuplay.com/product/velone-supporter-pack/?partner=cj","Ver Oferta","CJ","Daedalic Entertainment"
"external","cj-1caea4bfac5193daa403","Total Arcade Racing (Xbox One & Xbox Series X|S & PC) Argentina","1","1","visible","Important Notice: Please, make sure that your IP is LOCATED in ARGENTINA during the key activation. After a successful activation, the game will be available...","Important Notice: Please, make sure that your IP is LOCATED in ARGENTINA during the key activation. After a successful activation, the game will be available...","none","1","","9.99","2.48","Accessories","cj,accessories,prettyflygames","https://www.yuplay.com/media/products/total-arcade-racing-xbox-one-xbox-series-xs-pc-argentina/616/0278b6a7617b2eb94a1020417fc3c33cb3d2c30e.jpg","https://www.yuplay.com/product/total-arcade-racing-xbox-one-xbox-series-xs-pc-argentina/?partner=cj","Ver Oferta","CJ","Pretty Fly Games"
"external","cj-220e2e0580c808f96484","Legendary","1","1","visible","Sealed away inside Pandora's Box are the greatest creatures of myth and lore, locked away by ancient forces to preserve humanity. There they have spent eons ...","Sealed away inside Pandora's Box are the greatest creatures of myth and lore, locked away by ancient forces to preserve humanity. There they have spent eons ...","none","1","","4.99","1.25","Home","cj,home,missinglinkgames","https://www.yuplay.com/media/products/legendary/616/cfba40adbb8a78916bb0b0121abea4fc81b679cb.jpg","https://www.yuplay.com/product/legendary/?partner=cj","Ver Oferta","CJ","Missing Link Games"
"external","cj-2b699ed9ceb965d58119","Zombo Buster Advance","1","1","visible","Zombo Buster Advance is a tower defense game taking place inside buildings with interchangeable elevators. Deploy, swap and shoot like a boss!","Zombo Buster Advance is a tower defense game taking place inside buildings with interchangeable elevators. Deploy, swap and shoot like a boss!","none","1","","3.99","1.00","Accessories","cj,accessories,firebeast","https://www.yuplay.com/media/products/zombo-buster-advance/616/162d1db09f896cedced7864cf5ef93099cbbc125.jpg","https://www.yuplay.com/product/zombo-buster-advance/?partner=cj","Ver Oferta","CJ","FIREBEAST"
"external","cj-0ea2e56554faa706375e","Men of War: Assault Squad - MP Supply Pack Charlie","1","1","visible","P Supply Pack Charlie is the third official multiplayer DLC for Men of War: Assault Squad and features 5 new competitive multiplayer maps for various numbers...","P Supply Pack Charlie is the third official multiplayer DLC for Men of War: Assault Squad and features 5 new competitive multiplayer maps for various numbers...","none","1","","1.99","0.50","Accessories","cj,accessories,fulqrumpublishing","https://www.yuplay.com/media/products/men-of-war-assault-squad-mp-supply-pack-charlie/616/79d337ddaef60ca8e18df3c330ad2d4b3421fe38.jpg","https://www.yuplay.com/product/men-of-war-assault-squad-mp-supply-pack-charlie/?partner=cj","Ver Oferta","CJ","Fulqrum Publishing"
"external","cj-32ae17913acf6f777f5f","Men of War: Assault Squad - Skirmish Pack","1","1","visible","Receive a full set of 5 new skirmish missions, 1 for each faction, USA, Germany, Soviet Union, Commonwealth, Japan.","Receive a full set of 5 new skirmish missions, 1 for each faction, USA, Germany, Soviet Union, Commonwealth, Japan.","none","1","","1.99","0.50","Home","cj,home,fulqrumpublishing","https://www.yuplay.com/media/products/men-of-war-assault-squad-skirmish-pack/616/43a0876cac578fae9fbc38a5cf5c1e06f0b8a4a8.jpg","https://www.yuplay.com/product/men-of-war-assault-squad-skirmish-pack/?partner=cj","Ver Oferta","CJ","Fulqrum Publishing"
"external","cj-3c5d57a3f4a8d565ace8","Furi - Onnamusha DLC","1","1","visible","New fighter, new skills, new challenge!Rediscover Furi with the Onnamusha Rider: a powerful fighter that alternates between two stances: fast and agile or sl...","New fighter, new skills, new challenge!Rediscover Furi with the Onnamusha Rider: a powerful fighter that alternates between two stances: fast and agile or sl...","none","1","","6.99","1.76","Accessories","cj,accessories,thegamebakers","https://www.yuplay.com/media/products/furi-onnamusha-dlc/616/4a732cca2a802f1d8a9dbb787fa703e549c24344.jpg","https://www.yuplay.com/product/furi-onnamusha-dlc/?partner=cj","Ver Oferta","CJ","The Game Bakers"
"external","cj-01e2eee6b56cc77c7509","Folklands - Supporter Pack","1","1","visible","Explore Folklands, support the development team, and unlock exclusive content!This DLC is designed for players who love the world of Folklands, bringing you ...","Explore Folklands, support the development team, and unlock exclusive content!This DLC is designed for players who love the world of Folklands, bringing you ...","none","1","","4.99","1.26","Home","cj,home,lightupgames","https://www.yuplay.com/media/products/folklands-supporter-pack/616/7cfd236be448747f77ddb6aa101e1265049d4fa8.jpg","https://www.yuplay.com/product/folklands-supporter-pack/?partner=cj","Ver Oferta","CJ","Light Up Games"
"external","cj-0ae2522bde44944db1c8","Jurassic World Evolution 2 - Deluxe Edition","1","1","visible","Jurassic World Evolution 2 is the much-anticipated sequel to Frontier's highly successful Jurassic World Evolution, building upon the groundbreaking and imme...","Jurassic World Evolution 2 is the much-anticipated sequel to Frontier's highly successful Jurassic World Evolution, building upon the groundbreaking and imme...","none","1","","69.99","17.74","Books","cj,books,frontierdevelopments","https://www.yuplay.com/media/products/jurassic-world-evolution-2-deluxe-edition/616/746de9d359efab53d724a57bbc4388625fadde57.jpg","https://www.yuplay.com/product/jurassic-world-evolution-2-deluxe-edition/?partner=cj","Ver Oferta","CJ","Frontier Developments"
"external","cj-3d5fe7703a6317ac15be","Last Train Home Digital Deluxe Edition","1","1","visible","Get the full Legionnaires experience with the ""Last Train Home Digital Deluxe Edition"" including the major DLC ""Last Train Home - Legion Tales"", the digital ...","Get the full Legionnaires experience with the ""Last Train Home Digital Deluxe Edition"" including the major DLC ""Last Train Home - Legion Tales"", the digital ...","none","1","","45.99","11.70","Home","cj,home,thqnordic","https://www.yuplay.com/media/products/last-train-home-digital-deluxe-edition/616/c4b85f4436d80a16472efc10e8599d2c18e12841.jpg","https://www.yuplay.com/product/last-train-home-digital-deluxe-edition/?partner=cj","Ver Oferta","CJ","THQ Nordic"
"external","cj-0499735a0c65815597a1","A Plague Tale: Requiem","1","1","visible","Embark on a heartrending journey into a brutal, breathtaking world, and discover the cost of saving those you love in a desperate struggle for survival. Stri...","Embark on a heartrending journey into a brutal, breathtaking world, and discover the cost of saving those you love in a desperate struggle for survival. Stri...","none","1","","49.99","12.82","Home","cj,home,focusentertainment","https://www.yuplay.com/media/products/a-plague-tale-requiem/616/e8bc8fc496447771b6a0d49f3880afd053894a9f.jpg","https://www.yuplay.com/product/a-plague-tale-requiem/?partner=cj","Ver Oferta","CJ","Focus Entertainment"
"external","cj-13959ebfbe0661d5362a","Moto Racer 4 - The Truth","1","1","visible","The Truth pack contains:1 Rider2 New bikes2 Horns1 Emblem","The Truth pack contains:1 Rider2 New bikes2 Horns1 Emblem","none","1","","3.49","0.90","Sports","cj,sports,microids","https://www.yuplay.com/media/products/moto-racer-4-the-truth/616/398becc3667063c1921060aaea97209f7764ea9f.jpg","https://www.yuplay.com/product/moto-racer-4-the-truth/?partner=cj","Ver Oferta","CJ","Microids"
"external","cj-2403884a2f6266565755","Wanderlust: Transsiberian","1","1","visible","Board the Trans-Siberian railroad and travel 9,289 km from Moscow to Vladivostok. Clash with a vibrant culture as you meet people as strange to you as you ar...","Board the Trans-Siberian railroad and travel 9,289 km from Moscow to Vladivostok. Clash with a vibrant culture as you meet people as strange to you as you ar...","none","1","","3.99","1.03","Accessories","cj,accessories,walkabout","https://www.yuplay.com/media/products/wanderlust-transsiberian/616/5a91071e871004e4400f0f86184773f53a83415d.jpg","https://www.yuplay.com/product/wanderlust-transsiberian/?partner=cj","Ver Oferta","CJ","Walkabout"
"external","cj-317133f0346fb9159902","The DioField Chronicle","1","1","visible","A gritty and immersive story brought to life with the latest technology. Introducing ""Real Time Tactical Battle"" (RTTB), a new, deeply strategic, real-time..","A gritty and immersive story brought to life with the latest technology. Introducing ""Real Time Tactical Battle"" (RTTB), a new, deeply strategic, real-time..","none","1","","59.99","15.49","Electronics","cj,electronics,squareenix","https://www.yuplay.com/media/products/the-diofield-chronicle/616/2fdb57e9595f1c503e180a586f8d469bc72f8100.jpg","https://www.yuplay.com/product/the-diofield-chronicle/?partner=cj","Ver Oferta","CJ","Square Enix"
"external","cj-1667a323c9997279d774","CAPES","1","1","visible","Twenty years ago, the supervillains won.Since then, theyve created a dystopian city where developing super powers is a crime. Nobody has managed to slow them...","Twenty years ago, the supervillains won.Since then, theyve created a dystopian city where developing super powers is a crime. Nobody has managed to slow them...","none","1","","39.99","10.39","Accessories","cj,accessories,daedalicentertainment","https://www.yuplay.com/media/products/capes/616/45c64f11331ee9ad60c3ea404cfb4d4455b788d2.jpg","https://www.yuplay.com/product/capes/?partner=cj","Ver Oferta","CJ","Daedalic Entertainment"
"external","cj-409683ed854071d459ad","Arma X: Anniversary Edition","1","1","visible","Arma X: Anniversary EditionItems included in this package:  ARMA 2  Arma 2: Army of the Czech Republic  Arma 2: British Armed Forces  Arma 2: Operation Arrow...","Arma X: Anniversary EditionItems included in this package:  ARMA 2  Arma 2: Army of the Czech Republic  Arma 2: British Armed Forces  Arma 2: Operation Arrow...","none","1","","39.99","10.40","Books","cj,books,bohemiainteractive","https://www.yuplay.com/media/products/arma-x-anniversary-edition/616/2a8e512b2a21d5a426144614284d03efb5de4560.jpg","https://www.yuplay.com/product/arma-x-anniversary-edition/?partner=cj","Ver Oferta","CJ","Bohemia Interactive"
"external","cj-03ecceec7c91cd28fdfa","Nickelodeon All-Star Brawl - Hugh Neutron Brawler Pack","1","1","visible","Hugh Neutron joins Nickelodeon All-Star Brawl! Jimmy Neutron's goofy dad and his signature style makes its way to the brawl with duck-themed moves and other ...","Hugh Neutron joins Nickelodeon All-Star Brawl! Jimmy Neutron's goofy dad and his signature style makes its way to the brawl with duck-themed moves and other ...","none","1","","4.99","1.30","Accessories","cj,accessories,gamemillentertainment","https://www.yuplay.com/media/products/nickelodeon-all-star-brawl-hugh-neutron-brawler-pack/616/9baf88fc6be085806893a30fcf89ea631baf6489.jpg","https://www.yuplay.com/product/nickelodeon-all-star-brawl-hugh-neutron-brawler-pack/?partner=cj","Ver Oferta","CJ","GameMill Entertainment"
"external","cj-33f983018c8d6c427c03","Judgment","1","1","visible","Fight for the truth and uncover the twisted crime running deep beneath the surface of Tokyo.","Fight for the truth and uncover the twisted crime running deep beneath the surface of Tokyo.","none","1","","39.99","10.43","Sports","cj,sports,sega","https://www.yuplay.com/media/products/judgment/616/ee7eac8910e5cbc2e5ab1be414a0926619320513.jpg","https://www.yuplay.com/product/judgment/?partner=cj","Ver Oferta","CJ","SEGA"
"external","cj-02694d07ee6e943d83cc","Act of War: Direct Action","1","1","visible","Tomorrow's War Is NOW. Ripped from today's headlines, Act of War: Direct Action is a frightening tale of suspense, international intrigue and geopolitical mi...","Tomorrow's War Is NOW. Ripped from today's headlines, Act of War: Direct Action is a frightening tale of suspense, international intrigue and geopolitical mi...","none","1","","2.99","0.78","Accessories","cj,accessories,thqnordic","https://www.yuplay.com/media/products/act-of-war-direct-action/616/8425c08e4de120a057a882dcbdd4b213763220a0.jpg","https://www.yuplay.com/product/act-of-war-direct-action/?partner=cj","Ver Oferta","CJ","THQ Nordic"
"external","cj-0c022006d851d8d7f834","Orcs Must Die! 3 - Tipping the Scales DLC","1","1","visible","In Tipping the Scales, the new Tuatara enemy race invades across five new maps including a new War Scenario!","In Tipping the Scales, the new Tuatara enemy race invades across five new maps including a new War Scenario!","none","1","","6.59","1.72","Accessories","cj,accessories,robotentertainment","https://www.yuplay.com/media/products/orcs-must-die-3-tipping-the-scales-dlc/616/ba5b7c4e02b4db0d84aec74b77cf1c13f34ac924.jpg","https://www.yuplay.com/product/orcs-must-die-3-tipping-the-scales-dlc/?partner=cj","Ver Oferta","CJ","Robot Entertainment"
"external","cj-21119ac380071f2b3ad8","Victoria II : A House Divided","1","1","visible","The first expansion to Victoria 2 focuses on American Civil War era and enhances the political and economical aspects of the game.Carefully guide your nation...","The first expansion to Victoria 2 focuses on American Civil War era and enhances the political and economical aspects of the game.Carefully guide your nation...","none","1","","9.99","2.61","Home","cj,home,paradoxinteractive","https://www.yuplay.com/media/products/victoria-ii-a-house-divided/616/4afd9c6c435779389ff33d4ea725da9a3e3e5eb5.jpg","https://www.yuplay.com/product/victoria-ii-a-house-divided/?partner=cj","Ver Oferta","CJ","Paradox Interactive"
"external","cj-0ff8859aa1c7db43a159","Tom Clancy's The Division 2 Year 1 Pass (Xbox One & Xbox Series X|S) Europe","1","1","visible","The Year 1 Pass includes:Instant unlock of all Year 1 Specializations as they release8 exclusive narrative missions ""Classified Assignments: the Fall of D.C....","The Year 1 Pass includes:Instant unlock of all Year 1 Specializations as they release8 exclusive narrative missions ""Classified Assignments: the Fall of D.C....","none","1","","39.99","10.49","Accessories","cj,accessories,ubisoft","https://www.yuplay.com/media/products/tom-clancys-the-division-2-year-1-pass-xbox-one-xbox-series-xs-europe/616/d466416ddcb0858b2ab6d2805edf05ef319307c2.jpg","https://www.yuplay.com/product/tom-clancys-the-division-2-year-1-pass-xbox-one-xbox-series-xs-europe/?partner=cj","Ver Oferta","CJ","Ubisoft"
"external","cj-37d7643a6b32376b5fd4","Sea Dogs: To Each His Own - The Caleuche","1","1","visible","She's returned and she's after you. Dive into a mystic and tragic adventure, prove yourself against the most dreadful and dangerous enemy. Survive and claim ...","She's returned and she's after you. Dive into a mystic and tragic adventure, prove yourself against the most dreadful and dangerous enemy. Survive and claim ...","none","1","","3.99","1.05","Books","cj,books,akella","https://www.yuplay.com/media/products/sea-dogs-to-each-his-own-the-caleuche/616/60e73a95aa1faa6be67c38854eb795eb81f27d3f.jpg","https://www.yuplay.com/product/sea-dogs-to-each-his-own-the-caleuche/?partner=cj","Ver Oferta","CJ","Akella"
"external","cj-341ec8c667c18654d42a","Desktop Heroes","1","1","visible","Desktop Heroes is a unique idle RPG designed to be your faithful companion while you work.","Desktop Heroes is a unique idle RPG designed to be your faithful companion while you work.","none","1","","5.99","1.58","Home","cj,home,blackburnegamesstudiofzllc","https://www.yuplay.com/media/products/desktop-heroes/616/e52b0ac114db09859b582c3861e4b55534054ffe.jpg","https://www.yuplay.com/product/desktop-heroes/?partner=cj","Ver Oferta","CJ","Blackburne Games Studio FZ LLC"
"external","cj-35d095b8ab8b2ed75a62","Steel Division: Normandy 44 - Second Wave","1","1","visible","Second Wave is the first Division Pack for Steel Division: Normandy 44, expanding your tactical possibilities to dominate your enemy during the Invasion of N...","Second Wave is the first Division Pack for Steel Division: Normandy 44, expanding your tactical possibilities to dominate your enemy during the Invasion of N...","none","1","","7.99","2.11","Home","cj,home,paradoxinteractive","https://www.yuplay.com/media/products/steel-division-normandy-44-second-wave/616/575d01536754f77236e37ba75429a51571315436.jpg","https://www.yuplay.com/product/steel-division-normandy-44-second-wave/?partner=cj","Ver Oferta","CJ","Paradox Interactive"
"external","cj-243dd9f929cda41138f7","OVERPASS Smart Start Pack (Steam)","1","1","visible","Launch your career in the best possible way with support from a first sponsor and three repair kits, which you can use to instantly repair your vehicles betw...","Launch your career in the best possible way with support from a first sponsor and three repair kits, which you can use to instantly repair your vehicles betw...","none","1","","2.99","0.79","Accessories","cj,accessories,nacon","https://www.yuplay.com/media/products/overpasstm-smart-start-pack-steam/616/cbc0b3980f3e413061c2a406500bd330887515c8.jpg","https://www.yuplay.com/product/overpasstm-smart-start-pack-steam/?partner=cj","Ver Oferta","CJ","Nacon"
"external","cj-15ece6cc6f91acbe47a8","Mega Man Battle Network Legacy Collection Vol. 1","1","1","visible","The renowned Mega Man Battle Network series is back! Vol. 1 contains Mega Man Battle Network 1-3, including both versions of Mega Man Battle Network 3..","The renowned Mega Man Battle Network series is back! Vol. 1 contains Mega Man Battle Network 1-3, including both versions of Mega Man Battle Network 3..","none","1","","39.99","10.58","Accessories","cj,accessories,capcom","https://www.yuplay.com/media/products/mega-man-battle-network-legacy-collection-vol-1/616/3190e0b0e2c78c68271aa927a9a958b058aacfe7.jpg","https://www.yuplay.com/product/mega-man-battle-network-legacy-collection-vol-1/?partner=cj","Ver Oferta","CJ","Capcom"
"external","cj-3482f2d6158c2668b3ae","Fuga: Melodies of Steel 2","1","1","visible","The sequel to the captivating tale of Fuga: Melodies of Steel has arrived!","The sequel to the captivating tale of Fuga: Melodies of Steel has arrived!","none","1","","39.99","10.58","Accessories","cj,accessories,cyberconnect2","https://www.yuplay.com/media/products/fuga-melodies-of-steel-2/616/841efc2e84841cf9d13e5cdb51bdb18860483d77.jpg","https://www.yuplay.com/product/fuga-melodies-of-steel-2/?partner=cj","Ver Oferta","CJ","CyberConnect2"
"external","cj-09bd6ea2312556336da8","World War Z: Aftermath Deluxe Edition","1","1","visible","World War Z: Aftermath is the ultimate co-op zombie shooter and the next evolution of the original hit World War Z that has now captivated over 15 million pl...","World War Z: Aftermath is the ultimate co-op zombie shooter and the next evolution of the original hit World War Z that has now captivated over 15 million pl...","none","1","","49.97","13.24","Sports","cj,sports,saberinteractive","https://www.yuplay.com/media/products/world-war-z-aftermath-deluxe-edition/616/c3d7fe81c6db19d673c1e90dcd44cbeb1445a739.jpg","https://www.yuplay.com/product/world-war-z-aftermath-deluxe-edition/?partner=cj","Ver Oferta","CJ","Saber Interactive"
"external","cj-3a29be8eaa88c1d2ac17","Halo: Reach (Xbox One & Xbox Series X|S) Turkey","1","1","visible","Important Notice: Please, make sure that your IP is LOCATED in TURKEY during the key activation. After a successful activation, the game will be available wi...","Important Notice: Please, make sure that your IP is LOCATED in TURKEY during the key activation. After a successful activation, the game will be available wi...","none","1","","9.99","2.65","Accessories","cj,accessories,xboxgamestudios","https://www.yuplay.com/media/products/halo-reach-xbox-one-xbox-series-xs-turkey/616/980a88f38e379140d2dc272e69ed6ea7ad7ae432.jpg","https://www.yuplay.com/product/halo-reach-xbox-one-xbox-series-xs-turkey/?partner=cj","Ver Oferta","CJ","Xbox Game Studios"
"external","cj-189e2fffd130dc09fe2c","Downfall","1","1","visible","In the midst of those terrible nightmares that keep you up at night, you leap into the abyss to restore the life destroyed by your dealings with the devil.","In the midst of those terrible nightmares that keep you up at night, you leap into the abyss to restore the life destroyed by your dealings with the devil.","none","1","","5.99","1.59","Accessories","cj,accessories,cfkcoltd","https://www.yuplay.com/media/products/downfall/616/0b26e91d938e98b5e9292ebf552db2f004e668c7.jpg","https://www.yuplay.com/product/downfall/?partner=cj","Ver Oferta","CJ","CFK Co., Ltd."
"external","cj-0d2ccb8fc485ec1eace5","Blood Bowl 3 - Imperial Nobility Edition","1","1","visible","The Blood Bowl 3 Imperial Nobility Edition includes: Blood Bowl 3 (game), Brutal Ball Pack and Imperial Nobility Customizations Pack.  In Blood Bowl, fair pl...","The Blood Bowl 3 Imperial Nobility Edition includes: Blood Bowl 3 (game), Brutal Ball Pack and Imperial Nobility Customizations Pack.  In Blood Bowl, fair pl...","none","1","","49.99","13.27","Sports","cj,sports,nacon","https://www.yuplay.com/media/products/blood-bowl-3-imperial-nobility-edition/616/7b50180c206d47ec8825dac4b19ec33ac8066099.jpg","https://www.yuplay.com/product/blood-bowl-3-imperial-nobility-edition/?partner=cj","Ver Oferta","CJ","Nacon"
"external","cj-2dd3c6093e6397af9ddc","Alien Shooter TD","1","1","visible","Innovative Tower Defense inspired by legendary Alien Shooter series! The game was created in keeping with the best traditions of Sigma`s games, no concession...","Innovative Tower Defense inspired by legendary Alien Shooter series! The game was created in keeping with the best traditions of Sigma`s games, no concession...","none","1","","8.19","2.18","Accessories","cj,accessories,sigmateaminc","https://www.yuplay.com/media/products/alien-shooter-td/616/51b16a7d2c3cb49a845c4c8e528e706570e01918.jpg","https://www.yuplay.com/product/alien-shooter-td/?partner=cj","Ver Oferta","CJ","Sigma Team Inc"
"external","cj-1742d9b457d3354c7b92","Overcooked! 2: Carnival of Chaos","1","1","visible","Overcooked! 2 Carnival of Chaos invites players to a celebration of all things cooking, co-op and chaos! This colourful new DLC will put players to the test ...","Overcooked! 2 Carnival of Chaos invites players to a celebration of all things cooking, co-op and chaos! This colourful new DLC will put players to the test ...","none","1","","4.99","1.33","Home","cj,home,team17","https://www.yuplay.com/media/products/overcooked-2-carnival-of-chaos/616/9cf2f681c9660440ecae3aa097620cfa438e749c.jpg","https://www.yuplay.com/product/overcooked-2-carnival-of-chaos/?partner=cj","Ver Oferta","CJ","Team17"
"external","cj-0c3460d9d5dd52fd2c36","Steel Division 2 - Total Conflict Edition","1","1","visible","Buy Steel Division 2 - Total Conflict Edition:Steel Division 2Steel Division 2 - History PassSteel Division 2 - Commander Deluxe PackSteel Division 2 - Histo...","Buy Steel Division 2 - Total Conflict Edition:Steel Division 2Steel Division 2 - History PassSteel Division 2 - Commander Deluxe PackSteel Division 2 - Histo...","none","1","","79.99","21.36","Books","cj,books,eugensystems","https://www.yuplay.com/media/products/steel-division-2-total-conflict-edition/616/13994a653910f8edc04028bd31227b9eac21f631.jpg","https://www.yuplay.com/product/steel-division-2-total-conflict-edition/?partner=cj","Ver Oferta","CJ","Eugen Systems"
"external","cj-2b92200c0c0c1fa7bd4c","Death Stair","1","1","visible","Looking for that new party game to liven things up? Have some friends you dont want to keep as friends anymore? Death Stair is exactly what you're looking for.","Looking for that new party game to liven things up? Have some friends you dont want to keep as friends anymore? Death Stair is exactly what you're looking for.","none","1","","3.29","0.88","Accessories","cj,accessories,missinglinkgames","https://www.yuplay.com/media/products/death-stair/616/b72269283104c81cd3b92d12049a6ffe32422a41.jpg","https://www.yuplay.com/product/death-stair/?partner=cj","Ver Oferta","CJ","Missing Link Games"
"external","cj-391ab1d52730a14a514d","Carcassonne - The River","1","1","visible","Embellish your landscape with the River expansion!The River expansion lets you embellish your landscape while changing up the starting location. The River is...","Embellish your landscape with the River expansion!The River expansion lets you embellish your landscape while changing up the starting location. The River is...","none","1","","2.99","0.80","Home","cj,home,twinsailsinteractive","https://www.yuplay.com/media/products/carcassonne-the-river/616/5334c5c4a6c9804e22016b16699c05d817d907d7.jpg","https://www.yuplay.com/product/carcassonne-the-river/?partner=cj","Ver Oferta","CJ","Twin Sails Interactive"
"external","cj-34c91c3346de9beb3728","Stronghold Crusader 2 - The Emperor & The Hermit","1","1","visible","The Angel of Death hovers over your castle! The Emperor & The Hermit DLC introduces two extra AI opponents and an all-new Crusader Trail campaign. Spiritual ...","The Angel of Death hovers over your castle! The Emperor & The Hermit DLC introduces two extra AI opponents and an all-new Crusader Trail campaign. Spiritual ...","none","1","","4.99","1.34","Accessories","cj,accessories,fireflystudios","https://www.yuplay.com/media/products/stronghold-crusader-2-the-emperor-the-hermit/616/cad1e1ef722813fec355d2c4da0664b5728c5787.jpg","https://www.yuplay.com/product/stronghold-crusader-2-the-emperor-the-hermit/?partner=cj","Ver Oferta","CJ","FireFly Studios"
"external","cj-203449417ec28a390dde","For Honor Year 8 Gold Edition","1","1","visible","Fight alone or with friends in For Honor, a third-person hero-based melee fighting game.","Fight alone or with friends in For Honor, a third-person hero-based melee fighting game.","none","1","","59.99","16.11","Books","cj,books,ubisoft","https://www.yuplay.com/media/products/for-honor-year-8-gold-edition/616/04c0e3b64fc1291132bf81067a16dbf4ae0701d7.jpg","https://www.yuplay.com/product/for-honor-year-8-gold-edition/?partner=cj","Ver Oferta","CJ","Ubisoft"
"external","cj-03a5f7e31f9fb5b657b0","200% Mixed Juice!","1","1","visible","200% Mixed Juice! is the 10th Anniversary game of OrangeJuice, an old school RPG featuring a 200% mix of OrangeJuice characters.","200% Mixed Juice! is the 10th Anniversary game of OrangeJuice, an old school RPG featuring a 200% mix of OrangeJuice characters.","none","1","","5.69","1.53","Accessories","cj,accessories,fruitbatfactory","https://www.yuplay.com/media/products/200-mixed-juice/616/67af55d8f19416d6b27c969cf52407a9af5fc3c2.jpg","https://www.yuplay.com/product/200-mixed-juice/?partner=cj","Ver Oferta","CJ","Fruitbat Factory"
"external","cj-3955c68cdf0e43d87b8c","JoJo's Bizarre Adventure: All-Star Battle R Digital Ultimate Edition","1","1","visible","The Ultimate Edition includes:JoJo's Bizarre Adventure: All-Star Battle R (full game)Season PassIncludes 4 playable characters. Experience the full JoJo univ...","The Ultimate Edition includes:JoJo's Bizarre Adventure: All-Star Battle R (full game)Season PassIncludes 4 playable characters. Experience the full JoJo univ...","none","1","","84.99","22.94","Sports","cj,sports,bandainamcoentertainmentinc","https://www.yuplay.com/media/products/jojos-bizarre-adventure-all-star-battle-r-digital-ultimate-edition/616/16f00eb6675920261c227239ad403a5bdb7c6d51.jpg","https://www.yuplay.com/product/jojos-bizarre-adventure-all-star-battle-r-digital-ultimate-edition/?partner=cj","Ver Oferta","CJ","Bandai Namco Entertainment Inc"
"external","cj-195e0e0fa262695d3229","Grand Ages: Rome - Reign of Augustus","1","1","visible","Re-live the reign of Augustus in the official expansion pack for the hit PC title Grand Ages: Rome. Reign of Augustus includes a brand new campaign comprised...","Re-live the reign of Augustus in the official expansion pack for the hit PC title Grand Ages: Rome. Reign of Augustus includes a brand new campaign comprised...","none","1","","4.62","1.25","Home","cj,home,kalypsomedia","https://www.yuplay.com/media/products/grand-ages-rome-reign-of-augustus/616/ca9bb19e6a365e77f1a0235b1be337143aa8dfed.jpg","https://www.yuplay.com/product/grand-ages-rome-reign-of-augustus/?partner=cj","Ver Oferta","CJ","Kalypso Media"
"external","cj-2ed062e5a1745831ceb8","Construction Simulator 2015: Liebherr 150 EC-B","1","1","visible","You can now experience even more exciting gaming with the first official expansion for Construction Simulator 2015! This DLC includes the Liebherr 150 EC-B L...","You can now experience even more exciting gaming with the first official expansion for Construction Simulator 2015! This DLC includes the Liebherr 150 EC-B L...","none","1","","2.99","0.81","Electronics","cj,electronics,astragonentertainment","https://www.yuplay.com/media/products/construction-simulator-2015-liebherr-150-ec-b/616/8ae462afb7aac491a184c694f381a48e68776a2f.jpg","https://www.yuplay.com/product/construction-simulator-2015-liebherr-150-ec-b/?partner=cj","Ver Oferta","CJ","astragon Entertainment"
"external","cj-0e7eeefe231ce6b8a21c","Whispering Willows","1","1","visible","Young Elena Elkhorn embarks on a harrowing journey to find her missing father and discover the secrets of the Willows Mansion. Aiding her journey is a unique...","Young Elena Elkhorn embarks on a harrowing journey to find her missing father and discover the secrets of the Willows Mansion. Aiding her journey is a unique...","none","1","","3.01","0.82","Accessories","cj,accessories,akuparagames","https://www.yuplay.com/media/products/whispering-willows/616/b62efc2ee7171e2b4ff34ac23461931d59b077f7.jpg","https://www.yuplay.com/product/whispering-willows/?partner=cj","Ver Oferta","CJ","Akupara Games"
"external","cj-0856cb024511e52df5ff","Shadows: Awakening - The Chromaton Chronicles","1","1","visible","Shadows: Awakening - The Chromaton Chronicles leads you to the northern edge of Thole. There lies the mysterious Arcanum Laboratory - a long since abandoned ...","Shadows: Awakening - The Chromaton Chronicles leads you to the northern edge of Thole. There lies the mysterious Arcanum Laboratory - a long since abandoned ...","none","1","","4.99","1.36","Sports","cj,sports,kalypsomedia","https://www.yuplay.com/media/products/shadows-awakening-the-chromaton-chronicles/616/a681c55859fc23800024571c2fae17a9c608323f.jpg","https://www.yuplay.com/product/shadows-awakening-the-chromaton-chronicles/?partner=cj","Ver Oferta","CJ","Kalypso Media"
"external","cj-07261bbbc2b6703a65fb","Ashes of the Singularity: Escalation - Overlord Scenario Pack DLC","1","1","visible","Unite the forces of the Post-Human Coalition and the Substrate and  conquer your foes in exciting new single-player scenarios that will test  your strategy a...","Unite the forces of the Post-Human Coalition and the Substrate and  conquer your foes in exciting new single-player scenarios that will test  your strategy a...","none","1","","3.99","1.09","Accessories","cj,accessories,stardockentertainment","https://www.yuplay.com/media/products/ashes-of-the-singularity-escalation-overlord-scenario-pack-dlc/616/07b3d6d2a21585ca82d095ceda19a9252da29c2e.jpg","https://www.yuplay.com/product/ashes-of-the-singularity-escalation-overlord-scenario-pack-dlc/?partner=cj","Ver Oferta","CJ","Stardock Entertainment"
"external","cj-2bdc995b14f7f613c90c","Carcassonne - Traders & Builders","1","1","visible","It's all about commerce and construction with the Traders & Builders expansion.More tiles and more options in this strategy-based expansion.Collect trading c...","It's all about commerce and construction with the Traders & Builders expansion.More tiles and more options in this strategy-based expansion.Collect trading c...","none","1","","3.99","1.09","Home","cj,home,twinsailsinteractive","https://www.yuplay.com/media/products/carcassonne-traders-builders/616/b3da2fcc1cba27d1458bd9209a56b3c030600401.jpg","https://www.yuplay.com/product/carcassonne-traders-builders/?partner=cj","Ver Oferta","CJ","Twin Sails Interactive"
"external","cj-03a47b7190d65aeedafc","Trillion: God of Destruction","1","1","visible","An ancient god consumes your world. Now you must train and build relationships with each of your Overlords in this challenging raising sim/roguelike/SRPG hyb...","An ancient god consumes your world. Now you must train and build relationships with each of your Overlords in this challenging raising sim/roguelike/SRPG hyb...","none","1","","9.75","2.69","Accessories","cj,accessories,plugindigital","https://www.yuplay.com/media/products/trillion-god-of-destruction/616/0b8c9007872f6a3fd68457c511772e006f54d878.jpg","https://www.yuplay.com/product/trillion-god-of-destruction/?partner=cj","Ver Oferta","CJ","Plug In Digital"
"external","cj-14c1e6fe2ec4cc76ed5a","Kingsgrave","1","1","visible","Arise, mighty monarch, from your prolonged slumber. A dreadful disease has struck the kingdom and taken away people's lives. Your lands have wilted, the rest...","Arise, mighty monarch, from your prolonged slumber. A dreadful disease has struck the kingdom and taken away people's lives. Your lands have wilted, the rest...","none","1","","9.75","2.69","Books","cj,books,alawar","https://www.yuplay.com/media/products/kingsgrave/616/c795980d51252f5cee743f160e25abff9fd353ef.jpg","https://www.yuplay.com/product/kingsgrave/?partner=cj","Ver Oferta","CJ","Alawar"
"external","cj-20e0b84f642b2186bd9d","Corpse of Discovery","1","1","visible","Hey you, reading this game description&#8230;what has your life become? What have you chosen to do with your precious, limited time? What have your gained fr...","Hey you, reading this game description&#8230;what has your life become? What have you chosen to do with your precious, limited time? What have your gained fr...","none","1","","1.59","0.44","Books","cj,books,phosphorgames","https://www.yuplay.com/media/products/corpse-of-discovery/616/b7ebedcd76b41371bdc6e8a79ed16d95da0192a7.jpg","https://www.yuplay.com/product/corpse-of-discovery/?partner=cj","Ver Oferta","CJ","Phosphor Games"
"external","cj-36daf94d8db02ff5ac47","Dead Island 2 Pulp Edition","1","1","visible","Los Angeles is in quarantine and the military have retreated. Only you, and the handful of others who happen to be resistant to the pathogen, holds the futur...","Los Angeles is in quarantine and the military have retreated. Only you, and the handful of others who happen to be resistant to the pathogen, holds the futur...","none","1","","79.99","22.18","Books","cj,books,deepsilver","https://www.yuplay.com/media/products/dead-island-2-pulp-edition/616/dc37a375847511a726dbea7fb5c03751a8f7f405.jpg","https://www.yuplay.com/product/dead-island-2-pulp-edition/?partner=cj","Ver Oferta","CJ","Deep Silver"
"external","cj-00a6ee4ee549db2921b9","LEGO Harry Potter Collection (Nintendo Switch EU)","1","1","visible","The LEGO Harry Potter Collection brings LEGO Harry Potter: Years 1-4 and LEGO Harry Potter: Years 5-7 remastered! This compilation unites the creative prowes...","The LEGO Harry Potter Collection brings LEGO Harry Potter: Years 1-4 and LEGO Harry Potter: Years 5-7 remastered! This compilation unites the creative prowes...","none","1","","39.99","11.09","Accessories","cj,accessories,warnerbrosgames","https://www.yuplay.com/media/products/lego-harry-pottertm-collection-nintendo-switch-eu/616/6db48dfe22ce68ef801c3e737bebcc6b00ee09d1.jpg","https://www.yuplay.com/product/lego-harry-pottertm-collection-nintendo-switch-eu/?partner=cj","Ver Oferta","CJ","Warner Bros. Games"
"external","cj-2d3e5f4c6286c53c53dd","Into the Emberlands","1","1","visible","Step into the enchanting world of Into the Emberlands, a cozy exploration game with a rogue-lite twist that is all about rebuilding the home of the charming ...","Step into the enchanting world of Into the Emberlands, a cozy exploration game with a rogue-lite twist that is all about rebuilding the home of the charming ...","none","1","","6.59","1.83","Home","cj,home,daedalicentertainment","https://www.yuplay.com/media/products/into-the-emberlands/616/efea6f2af9e9bebfd7894bfe6a7954a7072a5f66.jpg","https://www.yuplay.com/product/into-the-emberlands/?partner=cj","Ver Oferta","CJ","Daedalic Entertainment"
"external","cj-1538","Ashampoo® Office 9","1","1","visible","The new Ashampoo® Office 9 comes with high quality text processor, spreadsheet, and presentation modules. This greatly compatible Office suite is a genuine alte","The new Ashampoo® Office 9 comes with high quality text processor, spreadsheet, and presentation modules. This greatly compatible Office suite is a genuine alternative to Microsoft Office and supports its default document formats.","none","1","","90.00","25.00","Fashion","cj,fashion,ashampoo","https://img.ashampoo.com/images/products/1538/front.png","https://www.ashampoo.com/cookie/HqULT1OaTqFiPD4b?redirect=https%3A%2F%2Fwww.ashampoo.com%2Floc%2Foffice-9%3Fx-source%3Dcj%26x-mid%3Dcj%26utm_source%3Dcj%26utm_medium%3Dcj%26utm_campaign%3Dcj%26coupon%3DLMN-218-P4H%26no-license-choice%3Dtrue","Ver Oferta","CJ","Ashampoo"
"external","cj-2e8d5d200bb6efaa08c5","Combat Mission: Red Thunder - Battle Pack 1","1","1","visible","Combat Mission Red Thunder - Battle Pack 1 is set in or around the time frame of the Soviet assaults through the late summer of '44 in eastern Poland. The Ba...","Combat Mission Red Thunder - Battle Pack 1 is set in or around the time frame of the Soviet assaults through the late summer of '44 in eastern Poland. The Ba...","none","1","","9.75","2.71","Accessories","cj,accessories,slitherineltd","https://www.yuplay.com/media/products/combat-mission-red-thunder-battle-pack-1/616/3bb947c667e3185388c8d08f9cb0e3bc8d11b576.jpg","https://www.yuplay.com/product/combat-mission-red-thunder-battle-pack-1/?partner=cj","Ver Oferta","CJ","Slitherine Ltd"
"external","cj-1188e2015eea136d0468","A Plague Tale: Requiem","1","1","visible","Embark on a heartrending journey into a brutal, breathtaking world, and discover the cost of saving those you love in a desperate struggle for survival. Stri...","Embark on a heartrending journey into a brutal, breathtaking world, and discover the cost of saving those you love in a desperate struggle for survival. Stri...","none","1","","49.99","13.94","Home","cj,home,focusentertainment","https://www.yuplay.com/media/products/a-plague-tale-requiem/616/60ae103dbb21c1a8b01e1c988a3c4ac148877b3e.jpg","https://www.yuplay.com/product/a-plague-tale-requiem/?partner=cj","Ver Oferta","CJ","Focus Entertainment"
"external","cj-08206137042ac3622165","Rogue Lords - Moonlight Supporter Pack","1","1","visible","It is sometimes so good to be bad that you want to support the Devil himself. Let yourself be tempted by the art and atmosphere of Rogue Lords, including:An ...","It is sometimes so good to be bad that you want to support the Devil himself. Let yourself be tempted by the art and atmosphere of Rogue Lords, including:An ...","none","1","","9.99","2.80","Home","cj,home,nacon","https://www.yuplay.com/media/products/rogue-lords-moonlight-supporter-pack/616/136c9a31862dd81986f8754f1a0cc35e71c56811.jpg","https://www.yuplay.com/product/rogue-lords-moonlight-supporter-pack/?partner=cj","Ver Oferta","CJ","Nacon"
"external","cj-20515bad5ecffd80a65f","Sacra Terra: Angelic Night","1","1","visible","The demons of the Seven Deadly Sins have broken free of their fiery prison and taken up residence in Sacra Terra! Use your cunning to defeat each demon and r...","The demons of the Seven Deadly Sins have broken free of their fiery prison and taken up residence in Sacra Terra! Use your cunning to defeat each demon and r...","none","1","","2.99","0.84","Accessories","cj,accessories,alawarcasual","https://www.yuplay.com/media/products/sacra-terra-angelic-night/616/25ce8aaeb345b59ee3de2e47432fcc516cecd2b3.jpg","https://www.yuplay.com/product/sacra-terra-angelic-night/?partner=cj","Ver Oferta","CJ","Alawar Casual"
"external","cj-05a7c548950e20b1d879","Divinity: Original Sin - The Source Saga","1","1","visible","Dive into the series that critics say sets the bar for modern RPGs. Experience a world that reacts to your choices and innovative combat where god-like abili...","Dive into the series that critics say sets the bar for modern RPGs. Experience a world that reacts to your choices and innovative combat where god-like abili...","none","1","","81.98","23.06","Accessories","cj,accessories,larianstudios","https://www.yuplay.com/media/products/divinity-original-sin-the-source-saga/616/5f718d042f3e39b26bff518b418bd4a1999fe7e0.jpg","https://www.yuplay.com/product/divinity-original-sin-the-source-saga/?partner=cj","Ver Oferta","CJ","Larian Studios"
"external","cj-15b1abe653f3a0d36820","Sniper: Ghost Warrior - Second Strike","1","1","visible","Sniper: Ghost Warrior - Second Strike includes an additional single player campaign called ""Unfinished Business"" with refined AI and new challenging levels. ...","Sniper: Ghost Warrior - Second Strike includes an additional single player campaign called ""Unfinished Business"" with refined AI and new challenging levels. ...","none","1","","1.99","0.56","Accessories","cj,accessories,cigames","https://www.yuplay.com/media/products/sniper-ghost-warrior-second-strike/616/89e22259b8f755c1747c1064deb1a93648ee5a17.jpg","https://www.yuplay.com/product/sniper-ghost-warrior-second-strike/?partner=cj","Ver Oferta","CJ","CI Games"
"external","cj-11d1637caccada5f326e","Saving Clicklandia","1","1","visible","HISTORYAn ancient evil has awoken in the Kingdom of Clicklandia and chaos now reigns. The Legendary Dragon has attacked, unleashing terror and disorder upon ...","HISTORYAn ancient evil has awoken in the Kingdom of Clicklandia and chaos now reigns. The Legendary Dragon has attacked, unleashing terror and disorder upon ...","none","1","","6.89","1.94","Accessories","cj,accessories,alawarcasual","https://www.yuplay.com/media/products/saving-clicklandia/616/9b5339833dad5616d07d2d54e32224adba8a2926.jpg","https://www.yuplay.com/product/saving-clicklandia/?partner=cj","Ver Oferta","CJ","Alawar Casual"
"external","cj-161ec7e5ec14108c63dc","Close Combat: The Bloody First","1","1","visible","&#8220;No Mission Too Difficult. No Sacrifice Too Great. Duty First!&#8221;Close Combat: The Bloody First is the latest release in the critically-acclaimed C...","&#8220;No Mission Too Difficult. No Sacrifice Too Great. Duty First!&#8221;Close Combat: The Bloody First is the latest release in the critically-acclaimed C...","none","1","","36.99","10.42","Accessories","cj,accessories,slitherineltd","https://www.yuplay.com/media/products/close-combat-the-bloody-first/616/8f7c4e13cb1ca72c88731e892ce2efdb01e02675.jpg","https://www.yuplay.com/product/close-combat-the-bloody-first/?partner=cj","Ver Oferta","CJ","Slitherine Ltd"
"external","cj-3cd5afdac061dac7353d","The Elder Scrolls V: Skyrim Anniversary Edition","1","1","visible","Winner of more than 200 Game of the Year Awards, The Elder Scrolls V: Skyrim celebrates 10 years of adventuring in stunning detail.","Winner of more than 200 Game of the Year Awards, The Elder Scrolls V: Skyrim celebrates 10 years of adventuring in stunning detail.","none","1","","49.99","14.10","Books","cj,books,bethesdasoftworks","https://www.yuplay.com/media/products/the-elder-scrolls-v-skyrim-anniversary-edition/616/9c6cdac15fc555bbc85c0c7ae97e49ad87945838.jpg","https://www.yuplay.com/product/the-elder-scrolls-v-skyrim-anniversary-edition/?partner=cj","Ver Oferta","CJ","Bethesda Softworks"
"external","cj-3a5aefe07bc81569da51","Leisure Suit Larry - Wet Dreams Dry Twice (Xbox One & Xbox Series X|S) Europe","1","1","visible","Important Notice: Please, make sure that your IP is LOCATED in EUROPE during the key activation. After a successful activation, the game will be available wi...","Important Notice: Please, make sure that your IP is LOCATED in EUROPE during the key activation. After a successful activation, the game will be available wi...","none","1","","39.99","11.31","Fashion","cj,fashion,assembleentertainment","https://www.yuplay.com/media/products/leisure-suit-larry-wet-dreams-dry-twice-xbox-one-xbox-series-xs-europe/616/314b4350f9e1d2afe53789646a1090738db3524a.jpg","https://www.yuplay.com/product/leisure-suit-larry-wet-dreams-dry-twice-xbox-one-xbox-series-xs-europe/?partner=cj","Ver Oferta","CJ","Assemble Entertainment"
"external","cj-2a2c3b87d609c3686935","Hot Wheels Let's Race: Ultimate Speed","1","1","visible","Get ready to race, drift, and build in Hot Wheels Let's Race: Ultimate Speed!","Get ready to race, drift, and build in Hot Wheels Let's Race: Ultimate Speed!","none","1","","39.99","11.32","Sports","cj,sports,gamemillentertainment","https://www.yuplay.com/media/products/hot-wheels-lets-racetm-ultimate-speed/616/49191902b1340a31891cc9b004851abe04dda6b8.jpg","https://www.yuplay.com/product/hot-wheels-lets-racetm-ultimate-speed/?partner=cj","Ver Oferta","CJ","GameMill Entertainment"
"external","cj-01ad32da158f4ff7ffe7","Pixel Galaxy","1","1","visible","In this non-shooting shoot 'em up, you are a single white pixel who can absorb the bodies, abilities, and weapons of every enemy pixel you collect.","In this non-shooting shoot 'em up, you are a single white pixel who can absorb the bodies, abilities, and weapons of every enemy pixel you collect.","none","1","","2.99","0.85","Accessories","cj,accessories,serenityforge","https://www.yuplay.com/media/products/pixel-galaxy/616/4a8727666e4eca069346e7bbb6cb81eb8b23271e.jpg","https://www.yuplay.com/product/pixel-galaxy/?partner=cj","Ver Oferta","CJ","Serenity Forge"
"external","cj-13b3e5eb60381def89dc","MARVEL vs. CAPCOM Fighting Collection: Arcade Classics","1","1","visible","The legendary crossover hits are back!Jump into this collection of arcade classics from the fan-favorite Marvel and Capcom crossover games!Dive into an actio...","The legendary crossover hits are back!Jump into this collection of arcade classics from the fan-favorite Marvel and Capcom crossover games!Dive into an actio...","none","1","","49.99","14.22","Accessories","cj,accessories,capcom","https://www.yuplay.com/media/products/marvel-vs-capcom-fighting-collection-arcade-classics/616/f70015cf6934b2b12d087bf0d955ee624efc7f8f.jpg","https://www.yuplay.com/product/marvel-vs-capcom-fighting-collection-arcade-classics/?partner=cj","Ver Oferta","CJ","Capcom"
"external","cj-1bdf1ade2328fdc32112","Yu-Gi-Oh! Waking the Dragons: Yugi's Journey","1","1","visible","Play 2 pre-constructed decks, Fang of Critias Deck and Aromage Deck. Includes additional duels in Yu-Gi-Oh! Campaign and Challenge Mode.","Play 2 pre-constructed decks, Fang of Critias Deck and Aromage Deck. Includes additional duels in Yu-Gi-Oh! Campaign and Challenge Mode.","none","1","","4.99","1.42","Accessories","cj,accessories,konami","https://www.yuplay.com/media/products/yu-gi-oh-waking-the-dragons-yugis-journey/616/cade0051fbc0c60e1c5e7530d2ae160918c58c77.jpg","https://www.yuplay.com/product/yu-gi-oh-waking-the-dragons-yugis-journey/?partner=cj","Ver Oferta","CJ","KONAMI"
"external","cj-366954015fe088391bfe","The Dark Pictures Anthology: Season One","1","1","visible","Season One grants access to Man of Medan, Little Hope, House of Ashes, and The Devil in Me. Each story is standalone and can be played independently.","Season One grants access to Man of Medan, Little Hope, House of Ashes, and The Devil in Me. Each story is standalone and can be played independently.","none","1","","99.99","28.47","Accessories","cj,accessories,bandainamcoentertainmentinc","https://www.yuplay.com/media/products/the-dark-pictures-anthology-season-one/616/85a4f6bf65ddecc2ee599cc0c3ca11b672b56047.jpg","https://www.yuplay.com/product/the-dark-pictures-anthology-season-one/?partner=cj","Ver Oferta","CJ","Bandai Namco Entertainment Inc"
"external","cj-2854dbcd46bedc6d1ea0","Tokyo Xanadu eX+","1","1","visible","Tokyo Xanadu eX+; a massive action RPG from the masters of the genre, Nihon Falcom! When high school student Kou Tokisaka encounters the nightmare realm know...","Tokyo Xanadu eX+; a massive action RPG from the masters of the genre, Nihon Falcom! When high school student Kou Tokisaka encounters the nightmare realm know...","none","1","","54.99","15.69","Accessories","cj,accessories,aksysgames","https://www.yuplay.com/media/products/tokyo-xanadu-ex/616/935ed5cddcb2f9433645858bfd5eec24ce74dae1.jpg","https://www.yuplay.com/product/tokyo-xanadu-ex/?partner=cj","Ver Oferta","CJ","Aksys Games"
"external","cj-2dc05f91f22215733d22","SD Gundam G Generation Cross Rays","1","1","visible","Beyond creation, four eras come together as one!Discover the latest entry in this iconic Tactical RPG series.Form your own team of SD Gundams and deploy for ...","Beyond creation, four eras come together as one!Discover the latest entry in this iconic Tactical RPG series.Form your own team of SD Gundams and deploy for ...","none","1","","49.99","14.30","Accessories","cj,accessories,bandainamcoentertainmentinc","https://www.yuplay.com/media/products/sd-gundam-g-generation-cross-rays/616/f9244316e9e483c98160a30b99b04fd63e6a4a1c.jpg","https://www.yuplay.com/product/sd-gundam-g-generation-cross-rays/?partner=cj","Ver Oferta","CJ","Bandai Namco Entertainment Inc"
"external","cj-024567033eb85862b245","Monster Hunter Wilds","1","1","visible","The unbridled force of nature runs wild and relentless, with environments transforming drastically from one moment to the next.This is a story of monsters an...","The unbridled force of nature runs wild and relentless, with environments transforming drastically from one moment to the next.This is a story of monsters an...","none","1","","69.99","20.04","Accessories","cj,accessories,capcom","https://www.yuplay.com/media/products/monster-hunter-wilds/616/eaf5eee13d2c5b9548ff009dfc1fc58cc08cea67.jpg","https://www.yuplay.com/product/monster-hunter-wilds/?partner=cj","Ver Oferta","CJ","Capcom"
"external","cj-3154d68f0594d79cf054","Neptunia Virtual Stars - Unlock All BeatTik Dances DLC","1","1","visible","Who needs dance practice when you can get a direct line to the spirit of all dance? Unlocks every in-game dance move for BeatTik.*Unlocks automatically upon ...","Who needs dance practice when you can get a direct line to the spirit of all dance? Unlocks every in-game dance move for BeatTik.*Unlocks automatically upon ...","none","1","","1.99","0.57","Sports","cj,sports,ideafactoryinternational","https://www.yuplay.com/media/products/neptunia-virtual-stars-unlock-all-beattik-dances-dlc/616/5c2825cc005b0e49f36a8f0e149ab5384c528ba2.jpg","https://www.yuplay.com/product/neptunia-virtual-stars-unlock-all-beattik-dances-dlc/?partner=cj","Ver Oferta","CJ","Idea Factory International"
"external","cj-3a326bd72aedd034d249","Death end re;Quest 2 - Deluxe Helping Hand Set","1","1","visible","The Deluxe Helping Hand Set offers a larger amount of heals and in-game currency to help Mai and her friends navigate through the mysterious town of Le Choar...","The Deluxe Helping Hand Set offers a larger amount of heals and in-game currency to help Mai and her friends navigate through the mysterious town of Le Choar...","none","1","","1.99","0.57","Accessories","cj,accessories,ideafactoryinternational","https://www.yuplay.com/media/products/death-end-request-2-deluxe-helping-hand-set/616/a0434abdc7b9111d5e63154bc7b68694334623ec.jpg","https://www.yuplay.com/product/death-end-request-2-deluxe-helping-hand-set/?partner=cj","Ver Oferta","CJ","Idea Factory International"
"external","cj-37c6347d4b63a649a2e9","Crash Bandicoot 4: It's About Time (Xbox One & Optimized for Xbox Series X|S) United States","1","1","visible","Important Notice: Please, make sure that your IP is LOCATED in UNITED STATES during the key activation. After a successful activation, the game will be avail...","Important Notice: Please, make sure that your IP is LOCATED in UNITED STATES during the key activation. After a successful activation, the game will be avail...","none","1","","69.99","20.05","Accessories","cj,accessories,activisionpublishinginc","https://www.yuplay.com/media/products/crash-bandicoot-4-its-about-time-xbox-one-optimized-for-xbox-series-xs-united-states/616/f6afe6e8b39c37a3e7ec449b1f771c046b59bbdb.jpg","https://www.yuplay.com/product/crash-bandicoot-4-its-about-time-xbox-one-optimized-for-xbox-series-xs-united-states/?partner=cj","Ver Oferta","CJ","Activision Publishing Inc."
"external","cj-09804c910b22d759117a","SWORD ART ONLINE Alicization Lycoris Premium Pass","1","1","visible","Enjoy seamless, action-packed real-time battles using a combination of sword skills, sacred arts, and your favorite SAO characters!","Enjoy seamless, action-packed real-time battles using a combination of sword skills, sacred arts, and your favorite SAO characters!","none","1","","44.99","12.89","Accessories","cj,accessories,bandainamcoentertainmentinc","https://www.yuplay.com/media/products/sword-art-online-alicization-lycoris-premium-pass/616/6304b21a46dfd0783de9e6846612cb32a05b7744.jpg","https://www.yuplay.com/product/sword-art-online-alicization-lycoris-premium-pass/?partner=cj","Ver Oferta","CJ","Bandai Namco Entertainment Inc"
"external","cj-2ce0fe62c429e2ef8d27","DREDGE - Blackstone Key","1","1","visible","The mysterious workshop on Blackstone Isle is locked tight. Inside are otherworldly creations, products of cruel machinations by the previous occupants. Now ...","The mysterious workshop on Blackstone Isle is locked tight. Inside are otherworldly creations, products of cruel machinations by the previous occupants. Now ...","none","1","","4.99","1.43","Fashion","cj,fashion,team17","https://www.yuplay.com/media/products/dredge-blackstone-key/616/018e1942279f078c5bf756987f0a161aa70d6ccb.jpg","https://www.yuplay.com/product/dredge-blackstone-key/?partner=cj","Ver Oferta","CJ","Team17"
"external","cj-3349157efd0c0a552586","Railway Empire - The Great Lakes DLC","1","1","visible","Dominated by forest and tundra, Canada in the 1860s is sparsely populated and only a few settlements have managed to develop into larger towns. Bridge the di...","Dominated by forest and tundra, Canada in the 1860s is sparsely populated and only a few settlements have managed to develop into larger towns. Bridge the di...","none","1","","7.99","2.29","Accessories","cj,accessories,kalypsomedia","https://www.yuplay.com/media/products/railway-empire-the-great-lakes-dlc/616/18e3b6c5c0c8d580664f36fbaed53b13d2ddc18d.jpg","https://www.yuplay.com/product/railway-empire-the-great-lakes-dlc/?partner=cj","Ver Oferta","CJ","Kalypso Media"
"external","cj-339cbc745a9ca6fe7c0e","Empire of Sin - Deluxe Edition","1","1","visible","Upgrade to the Deluxe Edition and receive access to the Mobster Pack which includes four recruitable and playable gangsters, the Golden Weapon Set that comes...","Upgrade to the Deluxe Edition and receive access to the Mobster Pack which includes four recruitable and playable gangsters, the Golden Weapon Set that comes...","none","1","","49.99","14.38","Home","cj,home,paradoxinteractive","https://www.yuplay.com/media/products/empire-of-sin-deluxe-edition/616/e6af262ae506da7a72485d953054a709afcff4d2.jpg","https://www.yuplay.com/product/empire-of-sin-deluxe-edition/?partner=cj","Ver Oferta","CJ","Paradox Interactive"
"external","cj-06d14547de11f943444f","Yu-Gi-Oh! ZEXAL Dark Mist Saga","1","1","visible","Play 2 pre-constructed decks, Dark Mist Deck and Evilswarm Deck. Includes additional duels in Yu-Gi-Oh! ZEXAL Campaign and Challenge Mode.","Play 2 pre-constructed decks, Dark Mist Deck and Evilswarm Deck. Includes additional duels in Yu-Gi-Oh! ZEXAL Campaign and Challenge Mode.","none","1","","4.99","1.44","Accessories","cj,accessories,konami","https://www.yuplay.com/media/products/yu-gi-oh-zexal-dark-mist-saga/616/39a8f4fdc84ea33ba1efe469e347e892967105e3.jpg","https://www.yuplay.com/product/yu-gi-oh-zexal-dark-mist-saga/?partner=cj","Ver Oferta","CJ","KONAMI"
"external","cj-08fe510bb86dda146fb3","Yu-Gi-Oh! ARC-V Gong v. Kit","1","1","visible","Play 2 pre-constructed decks, Superheavy Samurai Deck and X-Saber Deck. Includes additional duels in Yu-Gi-Oh! ARC-V Campaign and Challenge Mode.","Play 2 pre-constructed decks, Superheavy Samurai Deck and X-Saber Deck. Includes additional duels in Yu-Gi-Oh! ARC-V Campaign and Challenge Mode.","none","1","","4.99","1.44","Accessories","cj,accessories,konami","https://www.yuplay.com/media/products/yu-gi-oh-arc-v-gong-v-kit/616/a25ae9313206edd902427c17806ee3f59945abab.jpg","https://www.yuplay.com/product/yu-gi-oh-arc-v-gong-v-kit/?partner=cj","Ver Oferta","CJ","KONAMI"
"external","cj-188bee7639da7280dc26","Yu-Gi-Oh! ARC-V: ARC League Championship","1","1","visible","Play 2 pre-constructed decks, Prediction Princess Deck and Igknight Deck. Includes additional duels in Yu-Gi-Oh! ARC-V Campaign and Challenge Mode.","Play 2 pre-constructed decks, Prediction Princess Deck and Igknight Deck. Includes additional duels in Yu-Gi-Oh! ARC-V Campaign and Challenge Mode.","none","1","","4.99","1.44","Accessories","cj,accessories,konami","https://www.yuplay.com/media/products/yu-gi-oh-arc-v-arc-league-championship/616/07a6f3693692786fb139d5ff8b15bd438d1f8f9e.jpg","https://www.yuplay.com/product/yu-gi-oh-arc-v-arc-league-championship/?partner=cj","Ver Oferta","CJ","KONAMI"
"external","cj-2ac02d31d4a4bc9df7ce","Ship Graveyard Simulator 2 - Steel Giants DLC","1","1","visible","NEW STEEL GIANTS TO DESTROYPrepare for the ultimate challenge in ship dismantling with the Steel Giants DLC for Ship Graveyard Simulator 2. New four colossal...","NEW STEEL GIANTS TO DESTROYPrepare for the ultimate challenge in ship dismantling with the Steel Giants DLC for Ship Graveyard Simulator 2. New four colossal...","none","1","","6.89","1.99","Sports","cj,sports,playwaysa","https://www.yuplay.com/media/products/ship-graveyard-simulator-2-steel-giants-dlc/616/ab810d7cfb3205315783a3f6313ff0618c883b48.jpg","https://www.yuplay.com/product/ship-graveyard-simulator-2-steel-giants-dlc/?partner=cj","Ver Oferta","CJ","PlayWay SA"
"external","cj-4139f95c46c5fea8debf","Stacking","1","1","visible","From Tim Schafer's Double Fine Productions, explore a vintage world inhabited by living Russian stacking dolls as you jump into more than 100 unique dolls an...","From Tim Schafer's Double Fine Productions, explore a vintage world inhabited by living Russian stacking dolls as you jump into more than 100 unique dolls an...","none","1","","3.01","0.87","Accessories","cj,accessories,thqnordic","https://www.yuplay.com/media/products/stacking/616/712951681ac728094565a02f1dd9119b0f8072ff.jpg","https://www.yuplay.com/product/stacking/?partner=cj","Ver Oferta","CJ","THQ Nordic"
"external","cj-0391b59be39c18a677c3","Silent World","1","1","visible","A post nuclear apocalyptic world that has lost light. Survive by escaping from mutants that roam the city!","A post nuclear apocalyptic world that has lost light. Survive by escaping from mutants that roam the city!","none","1","","4.39","1.27","Home","cj,home,h2interactivecoltd","https://www.yuplay.com/media/products/silent-world/616/a506eeac0216d09c8f523bf3720e9cf21ce1609e.jpg","https://www.yuplay.com/product/silent-world/?partner=cj","Ver Oferta","CJ","H2 Interactive Co., Ltd"
"external","cj-0f4bb5c86254ae86fe4c","100% Orange Juice - Mixed Booster Pack","1","1","visible","Mixed Booster Pack includes 11 new game cards (3 rare, 4 uncommon, 4 common) designed by Junpyon and Hono of Orange_Juice. The cards of the set can be purcha...","Mixed Booster Pack includes 11 new game cards (3 rare, 4 uncommon, 4 common) designed by Junpyon and Hono of Orange_Juice. The cards of the set can be purcha...","none","1","","1.59","0.46","Accessories","cj,accessories,fruitbatfactory","https://www.yuplay.com/media/products/100-orange-juice-mixed-booster-pack/616/4424c809dbfcbeace9846890ed94957ab915afd3.jpg","https://www.yuplay.com/product/100-orange-juice-mixed-booster-pack/?partner=cj","Ver Oferta","CJ","Fruitbat Factory"
"external","cj-37c7f05e0924d043aa5c","Taxi Life: A City Driving Simulator - Delivery Driver","1","1","visible","Your career as a taxi driver is about to take a new direction: become a courier by transforming your taxis into delivery vehicles and rise to new challenges ...","Your career as a taxi driver is about to take a new direction: become a courier by transforming your taxis into delivery vehicles and rise to new challenges ...","none","1","","9.99","2.90","Accessories","cj,accessories,nacon","https://www.yuplay.com/media/products/taxi-life-a-city-driving-simulator-delivery-driver/616/0b5a7390a4f2120fb203912323b1a8a3a322b3c3.jpg","https://www.yuplay.com/product/taxi-life-a-city-driving-simulator-delivery-driver/?partner=cj","Ver Oferta","CJ","Nacon"
"external","cj-1e30e4820ddce59a2ddb","Ghost Frequency","1","1","visible","In Ghost Frequency, you are a ghost hunter from PIT - Paranormal Investigation Team.","In Ghost Frequency, you are a ghost hunter from PIT - Paranormal Investigation Team.","none","1","","4.99","1.45","Accessories","cj,accessories,pitgames","https://www.yuplay.com/media/products/ghost-frequency/616/336739e96183abc9b6eb74a7c263e920f0776c4b.jpg","https://www.yuplay.com/product/ghost-frequency/?partner=cj","Ver Oferta","CJ","PIT GAMES"
"external","cj-3ad44f48bcec2bd39349","theHunter: Call of the Wild - Treestand & Tripod Pack DLC","1","1","visible","Our wardens have just received some heavy looking boxes containing exciting new hunting equipment. With this new pack, you will be able to create the perfect...","Our wardens have just received some heavy looking boxes containing exciting new hunting equipment. With this new pack, you will be able to create the perfect...","none","1","","3.99","1.16","Home","cj,home,expansiveworlds","https://www.yuplay.com/media/products/thehunter-call-of-the-wildtm-treestand-tripod-pack/616/247d54dacff83d411bf2f59e5b64c80972e1fc2a.jpg","https://www.yuplay.com/product/thehunter-call-of-the-wildtm-treestand-tripod-pack/?partner=cj","Ver Oferta","CJ","Expansive Worlds"
"external","cj-10cd08827a16d3da235c","Wo Long: Fallen Dynasty Complete Edition","1","1","visible","Wo Long: Fallen Dynasty is a dramatic, action-packed story of a nameless militia soldier fighting for survival in a dark fantasy version of the Later Han..","Wo Long: Fallen Dynasty is a dramatic, action-packed story of a nameless militia soldier fighting for survival in a dark fantasy version of the Later Han..","none","1","","69.99","20.38","Sports","cj,sports,koeitecmogamescoltd","https://www.yuplay.com/media/products/wo-long-fallen-dynasty-complete-edition/616/44c923b664ec498a953fce42556a3eb60940ae5d.jpg","https://www.yuplay.com/product/wo-long-fallen-dynasty-complete-edition/?partner=cj","Ver Oferta","CJ","KOEI TECMO GAMES CO., LTD."
"external","cj-0bb6a63e7d403bfa5381","Europa Universalis IV: Colonial British and French Unit Pack","1","1","visible","Europa Universalis IV: Colonial British and French Unit Pack contains 16 new unique unit models for British and French colonial troops.","Europa Universalis IV: Colonial British and French Unit Pack contains 16 new unique unit models for British and French colonial troops.","none","1","","1.99","0.58","Accessories","cj,accessories,paradoxinteractive","https://www.yuplay.com/media/products/europa-universalis-iv-colonial-british-and-french-unit-pack/616/c1c265fe42db59974253a06612a14692d661b9ff.jpg","https://www.yuplay.com/product/europa-universalis-iv-colonial-british-and-french-unit-pack/?partner=cj","Ver Oferta","CJ","Paradox Interactive"
"external","cj-2de765df456bb5bb8ac2","Dungeons 3 - A Multitude of Maps DLC","1","1","visible","It's time to put on the oversized boots of the Absolute Evil one last time to fight the particularly dull forces of Good on three unique skirmish maps. Show ...","It's time to put on the oversized boots of the Absolute Evil one last time to fight the particularly dull forces of Good on three unique skirmish maps. Show ...","none","1","","1.61","0.47","Fashion","cj,fashion,kalypsomedia","https://www.yuplay.com/media/products/dungeons-3-a-multitude-of-maps/616/1a524ace9b76d48bbf90656185f95df147639b5a.jpg","https://www.yuplay.com/product/dungeons-3-a-multitude-of-maps/?partner=cj","Ver Oferta","CJ","Kalypso Media"
"external","cj-0a74e42026edb4ddf284","Home Behind","1","1","visible","In Home Behind, you take on the role of a refugee cast out from your homeland by a band of rebels.","In Home Behind, you take on the role of a refugee cast out from your homeland by a band of rebels.","none","1","","5.99","1.75","Home","cj,home,tppstudio","https://www.yuplay.com/media/products/home-behind/616/aed862a5411c7dbaad236cdf658da3923eaf7cf3.jpg","https://www.yuplay.com/product/home-behind/?partner=cj","Ver Oferta","CJ","TPP Studio"
"external","cj-3583420eb51d033d8e7c","Yu-Gi-Oh! ARC-V: Declan vs Celina","1","1","visible","Play 3 pre-constructed decks, D/D/D Deck, Zefra Deck, and Lunalight Deck. Includes additional duels in Yu-Gi-Oh! ARC-V Campaign and Challenge Mode.","Play 3 pre-constructed decks, D/D/D Deck, Zefra Deck, and Lunalight Deck. Includes additional duels in Yu-Gi-Oh! ARC-V Campaign and Challenge Mode.","none","1","","4.99","1.46","Home","cj,home,konami","https://www.yuplay.com/media/products/yu-gi-oh-arc-v-declan-vs-celina/616/7770c2defe1ce0dd134f75f17df8861b01d756be.jpg","https://www.yuplay.com/product/yu-gi-oh-arc-v-declan-vs-celina/?partner=cj","Ver Oferta","CJ","KONAMI"
"external","cj-3bd06d9ca7e7fde974c0","Rotastic","1","1","visible","Rotastic is an addictive 2D arcade game, offering accessible, innovative and original gameplay, and a huge dose of fun without taking itself too seriously. B...","Rotastic is an addictive 2D arcade game, offering accessible, innovative and original gameplay, and a huge dose of fun without taking itself too seriously. B...","none","1","","4.99","1.46","Accessories","cj,accessories,focusentertainment","https://www.yuplay.com/media/products/rotastic/616/6f34b8e2cf1f833a6d2fbf6d4088ef4e58864f46.jpg","https://www.yuplay.com/product/rotastic/?partner=cj","Ver Oferta","CJ","Focus Entertainment"
"external","cj-0a165c97d9f3ac721944","Star Wars : Knights of the Old Republic","1","1","visible","Choose Your Path.It is four thousand years before the Galactic Empire and hundreds of Jedi Knights have fallen in battle against the ruthless Sith. You are t...","Choose Your Path.It is four thousand years before the Galactic Empire and hundreds of Jedi Knights have fallen in battle against the ruthless Sith. You are t...","none","1","","8.19","2.40","Accessories","cj,accessories,disney","https://www.yuplay.com/media/products/star-wars-knights-of-the-old-republic/616/56a651beca10c588bc08d1c6595b95f00ef398bb.jpg","https://www.yuplay.com/product/star-wars-knights-of-the-old-republic/?partner=cj","Ver Oferta","CJ","Disney"
"external","cj-1bc1c5042f3fd95c4619","Solar Ash","1","1","visible","From the creators of the award-winning Hyper Light Drifter comes the high-speed and gravity-bending world of Solar Ash.Set amidst a surreal dreamscape filled...","From the creators of the award-winning Hyper Light Drifter comes the high-speed and gravity-bending world of Solar Ash.Set amidst a surreal dreamscape filled...","none","1","","38.99","11.43","Home","cj,home,annapurnainteractive","https://www.yuplay.com/media/products/solar-ash/616/93bca9add8038e8210bbc27128e63f86dbf1a5d6.jpg","https://www.yuplay.com/product/solar-ash/?partner=cj","Ver Oferta","CJ","Annapurna Interactive"
"external","cj-024996c32543a7b3dff4","Clash: Artifacts of Chaos - Digital Artbook","1","1","visible","Explore behind the scenes of Clash: Artifacts of Chaos with this digital artbook that traces the origins of the strange and surreal world of Zenozoik.The Dig...","Explore behind the scenes of Clash: Artifacts of Chaos with this digital artbook that traces the origins of the strange and surreal world of Zenozoik.The Dig...","none","1","","2.99","0.88","Books","cj,books,nacon","https://www.yuplay.com/media/products/clash-artifacts-of-chaos-digital-artbook/616/efeaec8e0ab39653162ef67c881438dbb590a59e.jpg","https://www.yuplay.com/product/clash-artifacts-of-chaos-digital-artbook/?partner=cj","Ver Oferta","CJ","Nacon"
"external","cj-06948212935c19e9fb65","WRC 9 FIA World Rally Championship Career Starter Upgrades","1","1","visible","Begin Career mode with more experienced team members who will boost the start of your Career.","Begin Career mode with more experienced team members who will boost the start of your Career.","none","1","","2.99","0.88","Accessories","cj,accessories,nacon","https://www.yuplay.com/media/products/wrc-9-fia-world-rally-championship-career-starter-upgrades/616/4779242d5733b6b312242224cdd35ca8833f76e5.jpg","https://www.yuplay.com/product/wrc-9-fia-world-rally-championship-career-starter-upgrades/?partner=cj","Ver Oferta","CJ","Nacon"
"external","cj-09a0dc17e1c3d979b56f","The Incredible Adventures of Van Helsing II: Pigasus","1","1","visible","What is this strange creature? A pig who can fly? A flying machine that looks like a pig? It doesnt matter, really: the Pigasus is the true wonder of weird s...","What is this strange creature? A pig who can fly? A flying machine that looks like a pig? It doesnt matter, really: the Pigasus is the true wonder of weird s...","none","1","","2.99","0.88","Sports","cj,sports,neocoregames","https://www.yuplay.com/media/products/the-incredible-adventures-of-van-helsing-ii-pigasus/616/108e15f176b1035f65da4bad8ff7d948aa166f28.jpg","https://www.yuplay.com/product/the-incredible-adventures-of-van-helsing-ii-pigasus/?partner=cj","Ver Oferta","CJ","NeocoreGames"
"external","cj-10b75adf2bcf17d5c8d6","Orcs Must Die! - Lost Adventures","1","1","visible","Think youve killed enough orcs? Think again! Return to the dead world beyond the rifts and conquer a new series of challenging fortresses under siege by the ...","Think youve killed enough orcs? Think again! Return to the dead world beyond the rifts and conquer a new series of challenging fortresses under siege by the ...","none","1","","2.99","0.88","Accessories","cj,accessories,robotentertainment","https://www.yuplay.com/media/products/orcs-must-die-lost-adventures/616/0bf117c7761f32b2f992daa31d168f52349490dc.jpg","https://www.yuplay.com/product/orcs-must-die-lost-adventures/?partner=cj","Ver Oferta","CJ","Robot Entertainment"
"external","cj-363762230e0ff7424ba2","Overcooked 2! Campfire Cook Off","1","1","visible","Gather round the campfire for SMore Overcooked 2!","Gather round the campfire for SMore Overcooked 2!","none","1","","4.99","1.47","Home","cj,home,team17","https://www.yuplay.com/media/products/overcooked-2-campfire-cook-off/616/7a2dfabab37d823c872c59d0fddd56fcfcb1a464.jpg","https://www.yuplay.com/product/overcooked-2-campfire-cook-off/?partner=cj","Ver Oferta","CJ","Team17"
"external","cj-3c04af3332b87f0cd849","Car Service Simulator","1","1","visible","Car Service Simulator is a car service business simulation game where you start from scratch and work your way up.","Car Service Simulator is a car service business simulation game where you start from scratch and work your way up.","none","1","","6.89","2.03","Accessories","cj,accessories,redaxegames","https://www.yuplay.com/media/products/car-service-simulator/616/b54f25aae3d85c6f908746ae15b484615bc9afc9.jpg","https://www.yuplay.com/product/car-service-simulator/?partner=cj","Ver Oferta","CJ","Red Axe Games"
"external","cj-3ecdf79a9b7d9abbd845","GOAT OF DUTY","1","1","visible","Goat of Duty is a fast-paced multiplayer shooter where goats armed to the horns bleat face to face in a relentless deathmatch. Ram and troll your friends, ow...","Goat of Duty is a fast-paced multiplayer shooter where goats armed to the horns bleat face to face in a relentless deathmatch. Ram and troll your friends, ow...","none","1","","9.99","2.96","Sports","cj,sports,plugindigital","https://www.yuplay.com/media/products/goat-of-duty/616/e8381a043fed757edbfac6abea82d3879e39c5cb.jpg","https://www.yuplay.com/product/goat-of-duty/?partner=cj","Ver Oferta","CJ","Plug In Digital"
"external","cj-24e798c88f264f20ec75","Space Pilgrim Episode II: Epsilon Indi","1","1","visible","One year after the events of Episode I, Captain Pilgrim is once again carrying a shipload of passengers between star systems. This time her guests include a ...","One year after the events of Episode I, Captain Pilgrim is once again carrying a shipload of passengers between star systems. This time her guests include a ...","none","1","","1.99","0.59","Accessories","cj,accessories,grabthegames","https://www.yuplay.com/media/products/space-pilgrim-episode-ii-epsilon-indi/616/852217c73e143e21702e099bbb65ffda5e49b512.jpg","https://www.yuplay.com/product/space-pilgrim-episode-ii-epsilon-indi/?partner=cj","Ver Oferta","CJ","GrabTheGames"
"external","cj-2b8bdcafe6de112c8482","Ubersoldier","1","1","visible","Get ready for an epic World War II adventure like no other with UberSoldier! Immerse yourself in a gripping first-person shooter that will transport you to t...","Get ready for an epic World War II adventure like no other with UberSoldier! Immerse yourself in a gripping first-person shooter that will transport you to t...","none","1","","4.99","1.48","Sports","cj,sports,strategyfirst","https://www.yuplay.com/media/products/ubersoldier/616/2d2979953208fc6830271997b7da2eb92d7e43f4.jpg","https://www.yuplay.com/product/ubersoldier/?partner=cj","Ver Oferta","CJ","Strategy First"
"external","cj-03e964dabc392087423f","STASIS: BONE TOTEM Supporters Pack","1","1","visible","Get ready to experience STASIS: BONE TOTEM like never before with our incredible extras!Immerse yourself in a stunning digital art book featuring breathtakin...","Get ready to experience STASIS: BONE TOTEM like never before with our incredible extras!Immerse yourself in a stunning digital art book featuring breathtakin...","none","1","","5.89","1.75","Books","cj,books,thebrotherhoodgames","https://www.yuplay.com/media/products/stasis-bone-totem-supporters-pack/616/7855d5c5de0a9f74afd764617c52716c65115c37.jpg","https://www.yuplay.com/product/stasis-bone-totem-supporters-pack/?partner=cj","Ver Oferta","CJ","THE BROTHERHOOD GAMES"
"external","cj-02c1a518cb18eea0e2b3","Phantaruk Soundtrack","1","1","visible","Hear the horror in the dark ambient & drone music composed by Draco Nared.29 Minutes of terrifying music designed for the game 'Phantaruk'.Enter to the dark ...","Hear the horror in the dark ambient & drone music composed by Draco Nared.29 Minutes of terrifying music designed for the game 'Phantaruk'.Enter to the dark ...","none","1","","2.99","0.89","Sports","cj,sports,ultimategamessa","https://www.yuplay.com/media/products/phantaruk-soundtrack/616/2158c91d68ceb327530ce2925e7e24b23b240e8d.jpg","https://www.yuplay.com/product/phantaruk-soundtrack/?partner=cj","Ver Oferta","CJ","Ultimate Games S.A"
"external","cj-306dd5c4f35fc0980885","Floor 9","1","1","visible","In Floor 9, you find yourself trapped in a mysterious hotel known as ""Hotel Liminal."" To escape, you must identify anomalies on each floor. These anomalies c...","In Floor 9, you find yourself trapped in a mysterious hotel known as ""Hotel Liminal."" To escape, you must identify anomalies on each floor. These anomalies c...","none","1","","3.99","1.19","Accessories","cj,accessories,roomgames","https://www.yuplay.com/media/products/floor-9/616/3a215265198cd507fe56969fdf76a2d5553d45d7.jpg","https://www.yuplay.com/product/floor-9/?partner=cj","Ver Oferta","CJ","Room Games"
"external","cj-403f5d5bb829ceeaec03","Ambulance Life - Paramedic Handbook Dev's cut","1","1","visible","Enhanced with a variety of medical stories and development secrets, get the new version of the paramedic handbook for Ambulance Life: A Paramedic Simulator, ...","Enhanced with a variety of medical stories and development secrets, get the new version of the paramedic handbook for Ambulance Life: A Paramedic Simulator, ...","none","1","","4.99","1.49","Books","cj,books,nacon","https://www.yuplay.com/media/products/ambulance-life-paramedic-handbook-devs-cut/616/69495a76d1dd35ff71a8cca96806e51adb9330c7.jpg","https://www.yuplay.com/product/ambulance-life-paramedic-handbook-devs-cut/?partner=cj","Ver Oferta","CJ","Nacon"
"external","cj-1f501da09735251b8743","Hell is Us - Soundtrack","1","1","visible","Immerse yourself in the soundscape of Hell is Us with the Original Soundtrack DLC, which includes a selection of tracks composed specifically for the game.Tr...","Immerse yourself in the soundscape of Hell is Us with the Original Soundtrack DLC, which includes a selection of tracks composed specifically for the game.Tr...","none","1","","7.99","2.39","Accessories","cj,accessories,nacon","https://www.yuplay.com/media/products/hell-is-us-soundtrack/616/dbd86a6e171e8991cfcb5591eaaf44904b8bf9aa.jpg","https://www.yuplay.com/product/hell-is-us-soundtrack/?partner=cj","Ver Oferta","CJ","Nacon"
"external","cj-31d504a977a247f65e58","Gems of Magic: Father's Day","1","1","visible","Rescue the lost son in this Match 3 Adventure, a story of a father and son enjoying Father's Day until things go wrong.","Rescue the lost son in this Match 3 Adventure, a story of a father and son enjoying Father's Day until things go wrong.","none","1","","8.99","2.69","Sports","cj,sports,dendagames","https://www.yuplay.com/media/products/gems-of-magic-fathers-day/616/bfd46e70ff2d3a89c48f916fb3dc31c245144d96.jpg","https://www.yuplay.com/product/gems-of-magic-fathers-day/?partner=cj","Ver Oferta","CJ","Denda Games"
"external","cj-0682","Ashampoo® Movie Studio Pro 3","1","1","visible","Cut, edit and convert videos with ease","Cut, edit and convert videos with ease","none","1","","60.00","18.00","Beauty","cj,beauty,ashampoo","https://img.ashampoo.com/images/products/0682/front.png","https://www.ashampoo.com/cookie/HqULT1OaTqFiPD4b?redirect=https%3A%2F%2Fwww.ashampoo.com%2Floc%2Fmovie-studio-pro-3%3Fx-source%3Dcj%26x-mid%3Dcj%26utm_source%3Dcj%26utm_medium%3Dcj%26utm_campaign%3Dcj%26coupon%3DHFC-WRC-D7P%26no-license-choice%3Dtrue","Ver Oferta","CJ","Ashampoo"
"external","cj-2359","Ashampoo® Backup Pro 26","1","1","visible","Ashampoo® Backup Pro 26 - Ashampoo Backup Pro 26 creates reliable backups of individual data and entire operating systems. Automated backups run seamlessly in t","Ashampoo® Backup Pro 26 - Ashampoo Backup Pro 26 creates reliable backups of individual data and entire operating systems. Automated backups run seamlessly in the background. An integrated recovery system quickly restores data and prevents data loss.","none","1","","60.00","18.00","Beauty","cj,beauty,ashampoo","https://img.ashampoo.com/images/products/2359/front.png","https://www.ashampoo.com/cookie/HqULT1OaTqFiPD4b?redirect=https%3A%2F%2Fwww.ashampoo.com%2Floc%2Fbackup-pro-26%3Fx-source%3Dcj%26x-mid%3Dcj%26utm_source%3Dcj%26utm_medium%3Dcj%26utm_campaign%3Dcj%26coupon%3DZZ3-H21-NR2%26no-license-choice%3Dtrue","Ver Oferta","CJ","Ashampoo"
"external","cj-0473","Ashampoo® Photo Recovery 2","1","1","visible","Ashampoo® Photo Recovery - Ashampoo Photo Recovery 2 recovers photos lost either by accident or due to technical failure. The program detects and restores delet","Ashampoo® Photo Recovery - Ashampoo Photo Recovery 2 recovers photos lost either by accident or due to technical failure. The program detects and restores deleted files even from formatted disks.","none","1","","40.00","12.00","Electronics","cj,electronics,ashampoo","https://img.ashampoo.com/images/products/0473/front.png","https://www.ashampoo.com/cookie/HqULT1OaTqFiPD4b?redirect=https%3A%2F%2Fwww.ashampoo.com%2Floc%2Fphoto-recovery-2%3Fx-source%3Dcj%26x-mid%3Dcj%26utm_source%3Dcj%26utm_medium%3Dcj%26utm_campaign%3Dcj%26coupon%3D91P-ZLW-BY9%26no-license-choice%3Dtrue","Ver Oferta","CJ","Ashampoo"
"external","cj-0792","Ashampoo® ZIP Pro 4","1","1","visible","File archiver to compress, encrypt and back up data—also on the go","File archiver to compress, encrypt and back up data—also on the go","none","1","","40.00","12.00","Beauty","cj,beauty,ashampoo","https://img.ashampoo.com/images/products/0792/front.png","https://www.ashampoo.com/cookie/HqULT1OaTqFiPD4b?redirect=https%3A%2F%2Fwww.ashampoo.com%2Floc%2Fzip-pro-4%3Fx-source%3Dcj%26x-mid%3Dcj%26utm_source%3Dcj%26utm_medium%3Dcj%26utm_campaign%3Dcj%26coupon%3DGCV-ESH-P99%26no-license-choice%3Dtrue","Ver Oferta","CJ","Ashampoo"
"external","cj-0c087a2298c6724e59ae","Dungeons 3 Lord of the Kings","1","1","visible","The great King Arcturus returns from his quest with the Holy Grail in tow, only to find out that someone has devastated his city of Stormbreeze (and the rest...","The great King Arcturus returns from his quest with the Holy Grail in tow, only to find out that someone has devastated his city of Stormbreeze (and the rest...","none","1","","1.80","0.54","Accessories","cj,accessories,kalypsomedia","https://www.yuplay.com/media/products/dungeons-3-lord-of-the-kings/616/1f6eeaa20f246c1a21977e5768e2fa4adcdbe09e.jpg","https://www.yuplay.com/product/dungeons-3-lord-of-the-kings/?partner=cj","Ver Oferta","CJ","Kalypso Media"
"external","cj-179158e597455cb1cfc8","Session: Skate Sim - El Lay","1","1","visible","Long touted as the home of skating -California has always been a hot bed for skateboarding. The idyllic climate and the surf culture led to creation and expl...","Long touted as the home of skating -California has always been a hot bed for skateboarding. The idyllic climate and the surf culture led to creation and expl...","none","1","","7.99","2.40","Home","cj,home,nacon","https://www.yuplay.com/media/products/session-skate-sim-el-lay/616/27670a2bc70433c6cd4461b8c682b5f96855eab9.jpg","https://www.yuplay.com/product/session-skate-sim-el-lay/?partner=cj","Ver Oferta","CJ","Nacon"
"external","cj-398243f2c1ab9c6e4372","Silverfall","1","1","visible","Silverfall, a once glorious city, lies in the fantastical Kingdom of        Nelw&#235;, where the forces of Technology and Nature are strongly  opposed. Symp...","Silverfall, a once glorious city, lies in the fantastical Kingdom of        Nelw&#235;, where the forces of Technology and Nature are strongly  opposed. Symp...","none","1","","4.99","1.50","Electronics","cj,electronics,focusentertainment","https://www.yuplay.com/media/products/silverfall/616/a33c1c909bbe06a766a1fe9d10db3afd7812e420.jpg","https://www.yuplay.com/product/silverfall/?partner=cj","Ver Oferta","CJ","Focus Entertainment"
"external","cj-316d6e0964a7bddef973","Marvel's Spider-Man: Miles Morales","1","1","visible","Following the events of Marvel's Spider-Man Remastered, teenager Miles Morales is adjusting to his new home while following in the footsteps of his mentor, P...","Following the events of Marvel's Spider-Man Remastered, teenager Miles Morales is adjusting to his new home while following in the footsteps of his mentor, P...","none","1","","49.99","15.05","Home","cj,home,playstationpcllc","https://www.yuplay.com/media/products/marvels-spider-man-miles-morales/616/71b21fe3a37d891a30b5eaad37713f0b9c3f1b0b.jpg","https://www.yuplay.com/product/marvels-spider-man-miles-morales/?partner=cj","Ver Oferta","CJ","PlayStation PC LLC"
"external","cj-1b1d611043da79bbd258","Age of Wonders: Planetfall - Premium Edition","1","1","visible","Age of Wonders: Planetfall is the new strategy game from Triumph Studios, creators of the critically acclaimed Age of Wonders series!","Age of Wonders: Planetfall is the new strategy game from Triumph Studios, creators of the critically acclaimed Age of Wonders series!","none","1","","60.75","18.33","Books","cj,books,paradoxinteractive","https://www.yuplay.com/media/products/age-of-wonders-planetfall-premium-edition/616/ac7e8980569f313f09f87a931feb8c3577d91dc3.jpg","https://www.yuplay.com/product/age-of-wonders-planetfall-premium-edition/?partner=cj","Ver Oferta","CJ","Paradox Interactive"
"external","cj-0ee4274ef3024c5a36a3","Talisman - Character Pack #8 - Apprentice Mage","1","1","visible","Character pack release for Talisman: Digital Edition - Apprentice Mage.","Character pack release for Talisman: Digital Edition - Apprentice Mage.","none","1","","1.59","0.48","Books","cj,books,nomadgames","https://www.yuplay.com/media/products/talisman-character-pack-8-apprentice-mage/616/122381e18b5bed66a52937a4dfd4ec62482dd286.jpg","https://www.yuplay.com/product/talisman-character-pack-8-apprentice-mage/?partner=cj","Ver Oferta","CJ","Nomad Games"
"external","cj-080c62232a9480176f98","Blackthorn Arena: Reforged - Shadow of Wuxia","1","1","visible","DLC Includes:  The complete &#8220;Shadow of WuXia&#8221; questline - an immersive experience that uncovers the hidden stories of the martial arts world.  Ne...","DLC Includes:  The complete &#8220;Shadow of WuXia&#8221; questline - an immersive experience that uncovers the hidden stories of the martial arts world.  Ne...","none","1","","9.75","2.95","Home","cj,home,lightupgames","https://www.yuplay.com/media/products/blackthorn-arena-reforged-shadow-of-wuxia/616/3f59f8a1df8170541e6e0317783eec7e183bfc53.jpg","https://www.yuplay.com/product/blackthorn-arena-reforged-shadow-of-wuxia/?partner=cj","Ver Oferta","CJ","Light Up Games"
"external","cj-288912decaebe36ab22b","Assetto Corsa - Porsche Pack I","1","1","visible","After more than 12 years away from the hardcore sim-racing world, the Porsche Brand finally arrives to Assetto Corsa and Kunos Simulazioni is working in a cl...","After more than 12 years away from the hardcore sim-racing world, the Porsche Brand finally arrives to Assetto Corsa and Kunos Simulazioni is working in a cl...","none","1","","4.99","1.51","Accessories","cj,accessories,kunossimulazioni","https://www.yuplay.com/media/products/assetto-corsa-porsche-pack-i/616/f5c680c25002233b357e0ab95ff8ba3678bd43d9.jpg","https://www.yuplay.com/product/assetto-corsa-porsche-pack-i/?partner=cj","Ver Oferta","CJ","Kunos Simulazioni"
"external","cj-31dae50068834d2f6b3a","Battle Chasers: Nightwar (Nintendo Switch EU)","1","1","visible","Battle Chasers: Nightwar is an RPG inspired by the classic console greats, featuring deep dungeon diving, turn-based combat presented in a classic JRPG forma...","Battle Chasers: Nightwar is an RPG inspired by the classic console greats, featuring deep dungeon diving, turn-based combat presented in a classic JRPG forma...","none","1","","39.99","12.12","Accessories","cj,accessories,thqnordic","https://www.yuplay.com/media/products/battle-chasers-nightwar-nintendo-switch-eu/616/88f4f15f2714761de6ab2e9f47eb72b52fc6f295.jpg","https://www.yuplay.com/product/battle-chasers-nightwar-nintendo-switch-eu/?partner=cj","Ver Oferta","CJ","THQ Nordic"
"external","cj-18ddcef240a5620f5656","Borderlands 2: Psycho Pack","1","1","visible","Introducing the newest Vault Hunter and 6th character class in Borderlands 2, Krieg!&#160; Take a peek at Pandora from behind the menacing eyes of Krieg, the...","Introducing the newest Vault Hunter and 6th character class in Borderlands 2, Krieg!&#160; Take a peek at Pandora from behind the menacing eyes of Krieg, the...","none","1","","9.99","3.03","Home","cj,home,2k","https://www.yuplay.com/media/products/borderlands-2-psycho-pack/616/8d7d3cafed54ec458e230148984702f32814d1f8.jpg","https://www.yuplay.com/product/borderlands-2-psycho-pack/?partner=cj","Ver Oferta","CJ","2K"
"external","cj-3eb1ebeaf95eded37302","Breakneck City (Xbox One & Xbox Series X|S) Argentina","1","1","visible","Important Notice: Please, make sure that your IP is LOCATED in ARGENTINA during the key activation. After a successful activation, the game will be available...","Important Notice: Please, make sure that your IP is LOCATED in ARGENTINA during the key activation. After a successful activation, the game will be available...","none","1","","9.99","3.03","Accessories","cj,accessories,eastasiasoftlimited","https://www.yuplay.com/media/products/breakneck-city-xbox-one-xbox-series-xs-argentina/616/22ba051622f0ca5b2f1518113bb7d6593e6d4121.jpg","https://www.yuplay.com/product/breakneck-city-xbox-one-xbox-series-xs-argentina/?partner=cj","Ver Oferta","CJ","Eastasiasoft Limited"
"external","cj-18a9f18f4cf1f98dc43c","Cat Lady - The Card Game","1","1","visible","Cat Lady - The Card Game is a card-drafting game about being the very best Cat Lady you can be! Collect different toys, food, costumes and cats in order to s...","Cat Lady - The Card Game is a card-drafting game about being the very best Cat Lady you can be! Collect different toys, food, costumes and cats in order to s...","none","1","","3.29","1.00","Accessories","cj,accessories,nomadgames","https://www.yuplay.com/media/products/cat-lady-the-card-game/616/def4f67d2b7437d1f9884c75689ea029f658441e.jpg","https://www.yuplay.com/product/cat-lady-the-card-game/?partner=cj","Ver Oferta","CJ","Nomad Games"
"external","cj-1ed9fa303f5a300037b0","First Class Trouble Vruumba Pack","1","1","visible","Race around the ISS Alithea in your fully customized Vruumba! 10 items allow you to choose between different styles and colors to make your Vruumba the envy ...","Race around the ISS Alithea in your fully customized Vruumba! 10 items allow you to choose between different styles and colors to make your Vruumba the envy ...","none","1","","4.99","1.52","Accessories","cj,accessories,versusevil","https://www.yuplay.com/media/products/first-class-trouble-vruumba-pack/616/a66d08da31dbee30044f1873f08da2f7569707f8.jpg","https://www.yuplay.com/product/first-class-trouble-vruumba-pack/?partner=cj","Ver Oferta","CJ","Versus Evil"
"external","cj-2993ce8729d7bf82a6dd","theHunter: Call of the Wild - Rancho del Arroyo","1","1","visible","Generations of cowboys have eked out a living in these badlands, through revolution, war and times of struggle. From the abandoned mines and dusty roads to t...","Generations of cowboys have eked out a living in these badlands, through revolution, war and times of struggle. From the abandoned mines and dusty roads to t...","none","1","","7.99","2.44","Home","cj,home,expansiveworlds","https://www.yuplay.com/media/products/thehunter-call-of-the-wildtm-rancho-del-arroyo/616/c1863ba7d7435710a6ee776d53ab6efb8300dbdb.jpg","https://www.yuplay.com/product/thehunter-call-of-the-wildtm-rancho-del-arroyo/?partner=cj","Ver Oferta","CJ","Expansive Worlds"
"external","cj-3183fe7d60fdc523a8a9","Desert Thunder","1","1","visible","Desert Thunder is an arcade-style action tank game for the PC. Ripped from today's headlines, the storyline immerses players into the heat of a desert-based ...","Desert Thunder is an arcade-style action tank game for the PC. Ripped from today's headlines, the storyline immerses players into the heat of a desert-based ...","none","1","","2.39","0.73","Accessories","cj,accessories,funboxmedia","https://www.yuplay.com/media/products/desert-thunder/616/6b795731c8e8f8fa7cbc6d01a7d60dce5c15f29b.jpg","https://www.yuplay.com/product/desert-thunder/?partner=cj","Ver Oferta","CJ","Funbox Media"
"external","cj-30d75cd1e402c9a08d3a","This War of Mine: Stories - The Last Broadcast","1","1","visible","Discover the heartbreaking tale of loss and hope in a war-torn city, in the first of a new series of independent stories from the universe of This War of Mine.","Discover the heartbreaking tale of loss and hope in a war-torn city, in the first of a new series of independent stories from the universe of This War of Mine.","none","1","","3.99","1.22","Accessories","cj,accessories,11bitstudios","https://www.yuplay.com/media/products/this-war-of-mine-stories-the-last-broadcast/616/ec3e84d0472a2d5ba37d52c5735a4cdf4abd1352.jpg","https://www.yuplay.com/product/this-war-of-mine-stories-the-last-broadcast/?partner=cj","Ver Oferta","CJ","11 bit studios"
"external","cj-3469693b9a231d245c4c","Planet Zoo: Eurasia Animal Pack","1","1","visible","Wrap up warm and explore the heart of Eurasia with Planet Zoo: Eurasia Animal Pack!","Wrap up warm and explore the heart of Eurasia with Planet Zoo: Eurasia Animal Pack!","none","1","","9.99","3.06","Accessories","cj,accessories,frontierdevelopments","https://www.yuplay.com/media/products/planet-zoo-eurasia-animal-pack/616/ad237f7d540ba3b5cc50274c69e069c792ecd0b5.jpg","https://www.yuplay.com/product/planet-zoo-eurasia-animal-pack/?partner=cj","Ver Oferta","CJ","Frontier Developments"
"external","cj-105d26bdec5f6ac5825a","Eraser & Builder","1","1","visible","Eraser&Builder is a simple puzzle game that anyone can enjoy with just a click of a mouse. Don't let the simplistic graphic fool you, as it is powered by Uni...","Eraser&Builder is a simple puzzle game that anyone can enjoy with just a click of a mouse. Don't let the simplistic graphic fool you, as it is powered by Uni...","none","1","","1.99","0.61","Electronics","cj,electronics,h2interactivecoltd","https://www.yuplay.com/media/products/eraser-builder/616/46fce30a2064532967a71a94967f4d4ebfbff1d0.jpg","https://www.yuplay.com/product/eraser-builder/?partner=cj","Ver Oferta","CJ","H2 Interactive Co., Ltd"
"external","cj-1eceba2418ba76d9a5e0","Neptunia Virtual Stars - Unlock All BeatTik Songs DLC","1","1","visible","What's the setlist? Oh, every song ever? Unlocks all songs for BeatTik.*Unlocks automatically upon activation.","What's the setlist? Oh, every song ever? Unlocks all songs for BeatTik.*Unlocks automatically upon activation.","none","1","","1.99","0.61","Sports","cj,sports,ideafactoryinternational","https://www.yuplay.com/media/products/neptunia-virtual-stars-unlock-all-beattik-songs-dlc/616/56b97cd342537f43434d73a2ab5610ce19bd97fe.jpg","https://www.yuplay.com/product/neptunia-virtual-stars-unlock-all-beattik-songs-dlc/?partner=cj","Ver Oferta","CJ","Idea Factory International"
"external","cj-116a315bc4797bb61c0e","Bleach Rebirth of Souls","1","1","visible","Awaken the blade within you and reverse your fate in BLEACH Rebirth of Souls! Engage in thrilling battles with powerful sword abilities and characters from t...","Awaken the blade within you and reverse your fate in BLEACH Rebirth of Souls! Engage in thrilling battles with powerful sword abilities and characters from t...","none","1","","59.99","18.39","Accessories","cj,accessories,bandainamcoentertainmentinc","https://www.yuplay.com/media/products/bleach-rebirth-of-souls/616/c72422a01a650bf57e2d6412cc100a5d07c82146.jpg","https://www.yuplay.com/product/bleach-rebirth-of-souls/?partner=cj","Ver Oferta","CJ","Bandai Namco Entertainment Inc"
"external","cj-29ade6534a00aef7854c","Urbek City Builder - Defend the City","1","1","visible","Build military facilities to be able to defend against enemy bombings. Increase the range of your defences so you can expand without fear of being destroyed ...","Build military facilities to be able to defend against enemy bombings. Increase the range of your defences so you can expand without fear of being destroyed ...","none","1","","4.99","1.53","Home","cj,home,rockgamesa","https://www.yuplay.com/media/products/urbek-city-builder-defend-the-city/616/a1df37057bc938635fd121c77d74810dba9be2dc.jpg","https://www.yuplay.com/product/urbek-city-builder-defend-the-city/?partner=cj","Ver Oferta","CJ","RockGame S.A."
"external","cj-2dec443c0504b3d2e579","The Preposterous Awesomeness of Everything","1","1","visible","The Majority of People navigate progress, politics and preposterous propulsive plans in this satirical point-and-click adventure.","The Majority of People navigate progress, politics and preposterous propulsive plans in this satirical point-and-click adventure.","none","1","","6.49","1.99","Accessories","cj,accessories,akuparagames","https://www.yuplay.com/media/products/the-preposterous-awesomeness-of-everything/616/39cea966cb8dd45a96ba18655b2545eb37216e1a.jpg","https://www.yuplay.com/product/the-preposterous-awesomeness-of-everything/?partner=cj","Ver Oferta","CJ","Akupara Games"
"external","cj-1d357a0e043673e85f1a","Heroes of Shaola","1","1","visible","Zenman Empire is the largest nation in the world. It is located in the central region and surrounded by the bloodthirsty Martia Kingdom (formerly the Martia ...","Zenman Empire is the largest nation in the world. It is located in the central region and surrounded by the bloodthirsty Martia Kingdom (formerly the Martia ...","none","1","","3.99","1.23","Accessories","cj,accessories,smilingdragonrpgstudios","https://www.yuplay.com/media/products/heroes-of-shaola/616/cee40223cde5a74b82d279e827b7e73b12802e14.jpg","https://www.yuplay.com/product/heroes-of-shaola/?partner=cj","Ver Oferta","CJ","Smiling Dragon RPG Studios"
"external","cj-37a7e674c1e3dfcd6acb","Metro Mini Market Simulator","1","1","visible","Manage and grow your mini market in the metro station in Metro Mini Market Simulator!","Manage and grow your mini market in the metro station in Metro Mini Market Simulator!","none","1","","3.99","1.23","Accessories","cj,accessories,blackburnegamesstudiofzllc","https://www.yuplay.com/media/products/metro-mini-market-simulator/616/b2ad13ac8e2f61ce107ed5b2fe9aea53331b9737.jpg","https://www.yuplay.com/product/metro-mini-market-simulator/?partner=cj","Ver Oferta","CJ","Blackburne Games Studio FZ LLC"
"external","cj-3d213275c71a52647139","Tour de France 2025 - Team Visma Lease a Bike Pack","1","1","visible","Ride with the emblematic jerseys of previous Tour de France thanks to the Team Visma | Lease a Bike Pack and try to reproduce the exploits of the famous cycl...","Ride with the emblematic jerseys of previous Tour de France thanks to the Team Visma | Lease a Bike Pack and try to reproduce the exploits of the famous cycl...","none","1","","3.99","1.23","Sports","cj,sports,nacon","https://www.yuplay.com/media/products/tour-de-france-2025-team-visma-lease-a-bike-pack/616/6829e64a78b74670ef6a1749d85aaef41f4343c4.jpg","https://www.yuplay.com/product/tour-de-france-2025-team-visma-lease-a-bike-pack/?partner=cj","Ver Oferta","CJ","Nacon"
"external","cj-1ec7653e6eda43c2d54e","Planet Zoo: South America Pack","1","1","visible","Enrich your zoo with over 250 new scenery pieces inspired by the wonderfully diverse South American continent. Care for and learn about five unique new anima...","Enrich your zoo with over 250 new scenery pieces inspired by the wonderfully diverse South American continent. Care for and learn about five unique new anima...","none","1","","9.99","3.08","Accessories","cj,accessories,frontierdevelopments","https://www.yuplay.com/media/products/planet-zoo-south-america-pack/616/a7535c3c24585ef44d71498b20b4f5028dcd3f6e.jpg","https://www.yuplay.com/product/planet-zoo-south-america-pack/?partner=cj","Ver Oferta","CJ","Frontier Developments"
"external","cj-234324d8e799ebfcbd66","Planet Zoo: Europe Pack","1","1","visible","Welcome the Alpine ibex, Eurasian lynx, European fallow deer, European badger, and fire salamander! They make a total of four habitat animals and one exhibit...","Welcome the Alpine ibex, Eurasian lynx, European fallow deer, European badger, and fire salamander! They make a total of four habitat animals and one exhibit...","none","1","","9.99","3.08","Accessories","cj,accessories,frontierdevelopments","https://www.yuplay.com/media/products/planet-zoo-europe-pack/616/b4b3b9362976896c8122ec8fc94fe592c9da5a88.jpg","https://www.yuplay.com/product/planet-zoo-europe-pack/?partner=cj","Ver Oferta","CJ","Frontier Developments"
"external","cj-3a2663af2b4d65c6fcf8","Deep Network Analyser - 4th Generation Warfare","1","1","visible","With the Deep Network Analyser expansion, reveal all the global secrets, networks and hidden information in 4th Generation Warfare!With this integrated game ...","With the Deep Network Analyser expansion, reveal all the global secrets, networks and hidden information in 4th Generation Warfare!With this integrated game ...","none","1","","5.99","1.85","Home","cj,home,eversim","https://www.yuplay.com/media/products/deep-network-analyser-4th-generation-warfare/616/6a42931801d1a0e9ea3769c62e4748c5ad0f73cc.jpg","https://www.yuplay.com/product/deep-network-analyser-4th-generation-warfare/?partner=cj","Ver Oferta","CJ","Eversim"
"external","cj-36ae511f99ab8dd47311","Railway Empire: France","1","1","visible","In the wake of Emperor Napoleon III's exile, the French monarchy has collapsed for the second time, and the Third Republic has taken its place. In the Railwa...","In the wake of Emperor Napoleon III's exile, the French monarchy has collapsed for the second time, and the Third Republic has taken its place. In the Railwa...","none","1","","9.99","3.09","Accessories","cj,accessories,kalypsomedia","https://www.yuplay.com/media/products/railway-empire-france/616/c32f88df7fb76b3cae4d59c50adeb98db09f1c5c.jpg","https://www.yuplay.com/product/railway-empire-france/?partner=cj","Ver Oferta","CJ","Kalypso Media"
"external","cj-282282cc230b280a2286","Sonic Frontiers","1","1","visible","Worlds are colliding in Sonic the Hedgehog's newest high-speed adventure! In search of the missing Chaos emeralds, Sonic becomes stranded on an ancient islan...","Worlds are colliding in Sonic the Hedgehog's newest high-speed adventure! In search of the missing Chaos emeralds, Sonic becomes stranded on an ancient islan...","none","1","","59.99","18.61","Accessories","cj,accessories,sega","https://www.yuplay.com/media/products/sonic-frontiers/616/4b905042b703813dbbaa0861957ea767003a2952.jpg","https://www.yuplay.com/product/sonic-frontiers/?partner=cj","Ver Oferta","CJ","SEGA"
"external","cj-18075a10bbb13793163b","Dead Rising Deluxe Remaster Digital Deluxe","1","1","visible","DIGITAL DELUXE*The contents of this pack are also sold individually.Please be careful not to buy the same content twice.Contents:Main GameCostumes &&#160;BGM...","DIGITAL DELUXE*The contents of this pack are also sold individually.Please be careful not to buy the same content twice.Contents:Main GameCostumes &&#160;BGM...","none","1","","59.99","18.63","Accessories","cj,accessories,capcom","https://www.yuplay.com/media/products/dead-rising-deluxe-remaster-digital-deluxe/616/9340c008618c049a4b9851f346f22512fa5019bf.jpg","https://www.yuplay.com/product/dead-rising-deluxe-remaster-digital-deluxe/?partner=cj","Ver Oferta","CJ","Capcom"
"external","cj-2d483fa78274651da035","The Riftbreaker Complete Edition (2025)","1","1","visible","The Riftbreaker Complete Edition (2025)The Riftbreaker Complete Pack contains the core game and all available addons. This package also includes the Original...","The Riftbreaker Complete Edition (2025)The Riftbreaker Complete Pack contains the core game and all available addons. This package also includes the Original...","none","1","","55.99","17.39","Books","cj,books,exorstudios","https://www.yuplay.com/media/products/the-riftbreaker-complete-edition-2025/616/8983b4694b3b6798b6fd3c9ac5c3b0c246aeedf6.jpg","https://www.yuplay.com/product/the-riftbreaker-complete-edition-2025/?partner=cj","Ver Oferta","CJ","EXOR Studios"
"external","cj-018a7ba037335048573b","Wreckfest Complete Edition","1","1","visible","Wreckfest is a new demolition derby themed racing game with soft-body damage modeling, sophisticated driving dynamics and in-depth vehicle upgrading, featuri...","Wreckfest is a new demolition derby themed racing game with soft-body damage modeling, sophisticated driving dynamics and in-depth vehicle upgrading, featuri...","none","1","","49.85","15.50","Books","cj,books,thqnordic","https://www.yuplay.com/media/products/wreckfest-complete-edition/616/ed052a80f794d5ec67eefa53c6b88045acd56ddf.jpg","https://www.yuplay.com/product/wreckfest-complete-edition/?partner=cj","Ver Oferta","CJ","THQ Nordic"
"external","cj-1a01b4c7478d34ca890e","Realms of the Haunting","1","1","visible","Forged in the Beginning and protected by the Seven Seals, there lies a place where thought and creation intertwine.","Forged in the Beginning and protected by the Seven Seals, there lies a place where thought and creation intertwine.","none","1","","2.99","0.93","Accessories","cj,accessories,funboxmedia","https://www.yuplay.com/media/products/realms-of-the-haunting/616/cdf53ba328b4b0c517479e8d820a4777c06ebaff.jpg","https://www.yuplay.com/product/realms-of-the-haunting/?partner=cj","Ver Oferta","CJ","Funbox Media"
"external","cj-2b484dc987dab1ef105f","God of War","1","1","visible","His vengeance against the Gods of Olympus years behind him, Kratos now lives as a man in the realm of Norse Gods and monsters. It is in this harsh, unforgivi...","His vengeance against the Gods of Olympus years behind him, Kratos now lives as a man in the realm of Norse Gods and monsters. It is in this harsh, unforgivi...","none","1","","49.99","15.57","Accessories","cj,accessories,playstationpcllc","https://www.yuplay.com/media/products/god-of-war/616/a68dfc55fae814d548f9f07b94143d7b7b163ff8.jpg","https://www.yuplay.com/product/god-of-war/?partner=cj","Ver Oferta","CJ","PlayStation PC LLC"
"external","cj-3d2e2b6e5a8ad8e9a896","Planet Zoo: Tropical Pack","1","1","visible","Give a warm welcome to the Planet Zoo: Tropical Pack! Adopt and care for five incredible new animals commonly found in tropical rainforests around the world,...","Give a warm welcome to the Planet Zoo: Tropical Pack! Adopt and care for five incredible new animals commonly found in tropical rainforests around the world,...","none","1","","9.99","3.12","Accessories","cj,accessories,frontierdevelopments","https://www.yuplay.com/media/products/planet-zoo-tropical-pack/616/2d2432a77a578879b275c8a248249f54aac0e82c.jpg","https://www.yuplay.com/product/planet-zoo-tropical-pack/?partner=cj","Ver Oferta","CJ","Frontier Developments"
"external","cj-0946","Ashampoo® Video Optimizer Pro 3","1","1","visible","Edit, enhance and cut your videos–including cellphones and action cams","Edit, enhance and cut your videos–including cellphones and action cams","none","1","","80.00","25.00","Electronics","cj,electronics,ashampoo","https://img.ashampoo.com/images/products/0946/front.png","https://www.ashampoo.com/cookie/HqULT1OaTqFiPD4b?redirect=https%3A%2F%2Fwww.ashampoo.com%2Floc%2Fvideo-optimizer-pro-3%3Fx-source%3Dcj%26x-mid%3Dcj%26utm_source%3Dcj%26utm_medium%3Dcj%26utm_campaign%3Dcj%26coupon%3D1DL-5VK-U5H%26no-license-choice%3Dtrue","Ver Oferta","CJ","Ashampoo"
"external","cj-33b995e30eaba88884c1","Car Mechanic Manager","1","1","visible","Do you love cars? Do you like to take care of them?Washing, cleaning, waxing, colour change, repairing - fulfill all the wishes of your customers! Buy used c...","Do you love cars? Do you like to take care of them?Washing, cleaning, waxing, colour change, repairing - fulfill all the wishes of your customers! Buy used c...","none","1","","4.99","1.56","Accessories","cj,accessories,playwaysa","https://www.yuplay.com/media/products/car-mechanic-manager/616/49f522e338328d52a0d7d48a443566e5f1365156.jpg","https://www.yuplay.com/product/car-mechanic-manager/?partner=cj","Ver Oferta","CJ","PlayWay SA"
"external","cj-3e9441e965d1d12d7151","Mark of the Deep - Supporter Pack","1","1","visible","Explore Mysterious Islands, Support the Team, and Unlock Exclusive Concept Designs!This Supporter Pack is designed for fans of the hand-drawn style and the w...","Explore Mysterious Islands, Support the Team, and Unlock Exclusive Concept Designs!This Supporter Pack is designed for fans of the hand-drawn style and the w...","none","1","","7.79","2.44","Home","cj,home,lightupgames","https://www.yuplay.com/media/products/mark-of-the-deep-supporter-pack/616/4e216853f0588c610450ff38845e38d06960e110.jpg","https://www.yuplay.com/product/mark-of-the-deep-supporter-pack/?partner=cj","Ver Oferta","CJ","Light Up Games"
"external","cj-31279164b8b9c6274d04","Farm Together - Wedding Pack","1","1","visible","This DLC includes    New crop: Mint    New flower: Bleeding Heart    New decorations: Wedding Guestbook, Wedding Bench, Wedding Chairs, Wedding Sign    New f...","This DLC includes    New crop: Mint    New flower: Bleeding Heart    New decorations: Wedding Guestbook, Wedding Bench, Wedding Chairs, Wedding Sign    New f...","none","1","","3.99","1.25","Home","cj,home,milkstonestudios","https://www.yuplay.com/media/products/farm-together-wedding-pack/616/40c37b057de20fcc2a71abff24ba87fa987cb144.jpg","https://www.yuplay.com/product/farm-together-wedding-pack/?partner=cj","Ver Oferta","CJ","Milkstone Studios"
"external","cj-32f3844b44497825c6d5","Planet Zoo: Asia Animal Pack","1","1","visible","Uncover the beauty of Asia with the Planet Zoo: Asia Animal Pack! Embark on a breathtaking journey through one of the most bio-diverse continents and discove...","Uncover the beauty of Asia with the Planet Zoo: Asia Animal Pack! Embark on a breathtaking journey through one of the most bio-diverse continents and discove...","none","1","","9.99","3.14","Beauty","cj,beauty,frontierdevelopments","https://www.yuplay.com/media/products/planet-zoo-asia-animal-pack/616/98e0975b3fca21ebff50f4c182475abe5feffb3d.jpg","https://www.yuplay.com/product/planet-zoo-asia-animal-pack/?partner=cj","Ver Oferta","CJ","Frontier Developments"
"external","cj-25151fdd8ecfb1c741a8","Taxi Life - Christmas Cosmetic Pack","1","1","visible","With these seasonal decorations, your taxis are sure to spread festive cheer through the streets of Barcelona!","With these seasonal decorations, your taxis are sure to spread festive cheer through the streets of Barcelona!","none","1","","2.99","0.94","Home","cj,home,nacon","https://www.yuplay.com/media/products/taxi-life-christmas-cosmetic-pack/616/39f37fa14556ffff16daba5d2192228452ad022a.jpg","https://www.yuplay.com/product/taxi-life-christmas-cosmetic-pack/?partner=cj","Ver Oferta","CJ","Nacon"
"external","cj-048fb97ddc407f5cbb0f","Fishing: North Atlantic - A.F. Theriault","1","1","visible","Expand your fishing fleet with the brand-new official DLC for Fishing: North Atlantic. This DLC includes three licensed combi boats from the license partner,...","Expand your fishing fleet with the brand-new official DLC for Fishing: North Atlantic. This DLC includes three licensed combi boats from the license partner,...","none","1","","6.99","2.20","Home","cj,home,miscgames","https://www.yuplay.com/media/products/fishing-north-atlantic-af-theriault/616/ab803a4d9cd2cc26d3d9e94ab805d801cb0b62b0.jpg","https://www.yuplay.com/product/fishing-north-atlantic-af-theriault/?partner=cj","Ver Oferta","CJ","Misc Games"
"external","cj-2ae6ec7f23729cd3c478","Red Dead Redemption 2: Ultimate Edition (Xbox One & Xbox Series X|S) Europe","1","1","visible","Important Notice: Please, make sure that your IP is LOCATED in EUROPE during the key activation. After a successful activation, the game will be available wi...","Important Notice: Please, make sure that your IP is LOCATED in EUROPE during the key activation. After a successful activation, the game will be available wi...","none","1","","99.99","31.55","Sports","cj,sports,rockstargames","https://www.yuplay.com/media/products/red-dead-redemption-2-ultimate-edition-xbox-one-xbox-series-xs-europe/616/145629f5bd1beccc3ad3aa625a1a1f36e47cc71c.jpg","https://www.yuplay.com/product/red-dead-redemption-2-ultimate-edition-xbox-one-xbox-series-xs-europe/?partner=cj","Ver Oferta","CJ","Rockstar Games"
"external","cj-0f8a9a2ab6b4463cf500","Battletank LOBA","1","1","visible","Battletank is a 1-4 player arcade game for Windows And Mac. Play with your friends or solo with up to 4 gamepads (plus Keyboard and Mouse) on a single comput...","Battletank is a 1-4 player arcade game for Windows And Mac. Play with your friends or solo with up to 4 gamepads (plus Keyboard and Mouse) on a single comput...","none","1","","4.99","1.58","Electronics","cj,electronics,strategyfirst","https://www.yuplay.com/media/products/battletank-loba/616/7b97b673e390400a90cbf184eb85f1020b02bf1e.jpg","https://www.yuplay.com/product/battletank-loba/?partner=cj","Ver Oferta","CJ","Strategy First"
"external","cj-3211e78233a534eca60d","The Great Empire: Relic of Egypt","1","1","visible","Stop a fuming pharaoh from ravaging an island paradise and send his mummified army scrambling for safety as you rebuild and defend your land!","Stop a fuming pharaoh from ravaging an island paradise and send his mummified army scrambling for safety as you rebuild and defend your land!","none","1","","5.69","1.81","Accessories","cj,accessories,alawarentertainment","https://www.yuplay.com/media/products/the-great-empire-relic-of-egypt/616/be2dc6138622578ec12caa37cd58e1be959c0bf6.jpg","https://www.yuplay.com/product/the-great-empire-relic-of-egypt/?partner=cj","Ver Oferta","CJ","Alawar Entertainment"
"external","cj-1ef2feea408dfde1add3","DEATHLOOP - Character Skin & One Trinket (Preorder bonus)","1","1","visible","Receive exclusive bonuses: character skin and equippable buff!","Receive exclusive bonuses: character skin and equippable buff!","none","1","","3.99","1.27","Accessories","cj,accessories,bethesdasoftworks","https://www.yuplay.com/media/products/deathloop-character-skin-one-trinket/616/335c232c7304dd9982eb4f4ecac2a757e3beec7e.jpg","https://www.yuplay.com/product/deathloop-character-skin-one-trinket/?partner=cj","Ver Oferta","CJ","Bethesda Softworks"
"external","cj-36ee682ceb531f4ffa4b","Hinterland: Orc Lords","1","1","visible","Hinterland: Orc Lords includes the full original full game, where you lead a diverse cast of characters to establish a small haven in the wild backcountry of...","Hinterland: Orc Lords includes the full original full game, where you lead a diverse cast of characters to establish a small haven in the wild backcountry of...","none","1","","9.99","3.18","Accessories","cj,accessories,tiltedmillentertainmentinc","https://www.yuplay.com/media/products/hinterland-orc-lords/616/b5fdbb70e580685f94e248a4c34a82c4699d0221.jpg","https://www.yuplay.com/product/hinterland-orc-lords/?partner=cj","Ver Oferta","CJ","Tilted Mill Entertainment, Inc"
"external","cj-3ea10ff50ad4e661d081","Planet Zoo: North America Animal Pack","1","1","visible","Introduce eight amazing new animals to your zoo with the North America Animal Pack! Featuring iconic species highly requested by the community, the North Ame...","Introduce eight amazing new animals to your zoo with the North America Animal Pack! Featuring iconic species highly requested by the community, the North Ame...","none","1","","9.99","3.18","Accessories","cj,accessories,frontierdevelopments","https://www.yuplay.com/media/products/planet-zoo-north-america-animal-pack/616/98e246a2b55e0ce7bcc5181ba1bf5d9289b398d1.jpg","https://www.yuplay.com/product/planet-zoo-north-america-animal-pack/?partner=cj","Ver Oferta","CJ","Frontier Developments"
"external","cj-03b607199d865d07b5a3","System Shock","1","1","visible","A first-person fight to the death in the depths of space! Meet SHODAN. The psychotic AI has taken control of Citadel Station and turned the crew into an army...","A first-person fight to the death in the depths of space! Meet SHODAN. The psychotic AI has taken control of Citadel Station and turned the crew into an army...","none","1","","39.99","12.76","Sports","cj,sports,primematter","https://www.yuplay.com/media/products/system-shock/616/c7fa6be0ee49a69b42fbf9f130f3907c33682e8b.jpg","https://www.yuplay.com/product/system-shock/?partner=cj","Ver Oferta","CJ","Prime Matter"
"external","cj-121dcb1ef7037014ed8e","Wordle 2","1","1","visible","Find the english words by moving the mouse among the letters presented. There are a lot of themed exercises to choose from and they gradually increase the di...","Find the english words by moving the mouse among the letters presented. There are a lot of themed exercises to choose from and they gradually increase the di...","none","1","","3.29","1.05","Electronics","cj,electronics,gigantumgames","https://www.yuplay.com/media/products/wordle-2/616/fbd959be347cb487ab63953d0b4651fad990e93f.jpg","https://www.yuplay.com/product/wordle-2/?partner=cj","Ver Oferta","CJ","Gigantum Games"
"external","cj-2d02b16ccdfe3e4d7349","Planet Zoo: Southeast Asia Animal Pack","1","1","visible","DISCOVER DIVERSE AND STUNNING ANIMALSThe most authentic zoo simulation expands with Planet Zoo's Southeast Asia Animal Pack! Discover diverse and distinctive...","DISCOVER DIVERSE AND STUNNING ANIMALSThe most authentic zoo simulation expands with Planet Zoo's Southeast Asia Animal Pack! Discover diverse and distinctive...","none","1","","9.99","3.19","Home","cj,home,frontierdevelopments","https://www.yuplay.com/media/products/planet-zoo-southeast-asia-animal-pack/616/78fe8291c391ba0d7c6ed75e0c62f5d6b02e8aa7.jpg","https://www.yuplay.com/product/planet-zoo-southeast-asia-animal-pack/?partner=cj","Ver Oferta","CJ","Frontier Developments"
"external","cj-2c84ac49e6d14410aa96","Shadow of the Orient","1","1","visible","Shadow of the Orient is a 2d pixel art action platformer where you play as a young warrior named Xiaolang who must venture across the orient fighting..","Shadow of the Orient is a 2d pixel art action platformer where you play as a young warrior named Xiaolang who must venture across the orient fighting..","none","1","","7.79","2.49","Accessories","cj,accessories,spaceflower","https://www.yuplay.com/media/products/shadow-of-the-orient/616/88af91f03a39a7cb2726a7d7891400bba9163b58.jpg","https://www.yuplay.com/product/shadow-of-the-orient/?partner=cj","Ver Oferta","CJ","Spaceflower"
"external","cj-12de85238cf351d97f06","The Sims 4: Seasons","1","1","visible","Add weather to your Sims lives to tell new stories, enjoy seasonal activities, and celebrate heartfelt holidays with The Sims 4 Seasons. Make the most out of...","Add weather to your Sims lives to tell new stories, enjoy seasonal activities, and celebrate heartfelt holidays with The Sims 4 Seasons. Make the most out of...","none","1","","39.99","12.85","Electronics","cj,electronics,electronicarts","https://www.yuplay.com/media/products/the-sims-4-seasons/616/e727bd233cd6c647e9960d0faf8aa434b2e4b567.jpg","https://www.yuplay.com/product/the-sims-4-seasons/?partner=cj","Ver Oferta","CJ","Electronic Arts"
"external","cj-2b754196cda28bafbf53","Fly Corp - American Dream","1","1","visible","Unlock state after state!Build a successful transportation company serving all the states of America. Each state has is unique - they differ in area and city...","Unlock state after state!Build a successful transportation company serving all the states of America. Each state has is unique - they differ in area and city...","none","1","","6.95","2.24","Home","cj,home,kishmishgames","https://www.yuplay.com/media/products/fly-corp-american-dream/616/6738cb6ad86c97a5979ed72513794dddc63e6d62.jpg","https://www.yuplay.com/product/fly-corp-american-dream/?partner=cj","Ver Oferta","CJ","KishMish Games"
"external","cj-2b2836114a7e16fb0729","Monster Prom Second Term","1","1","visible","The school year at Spooky High continues with Monster Prom: Second Term, the very first premium content expansion of the widely-popular multiplayer dating si...","The school year at Spooky High continues with Monster Prom: Second Term, the very first premium content expansion of the widely-popular multiplayer dating si...","none","1","","4.99","1.61","Home","cj,home,thoseawesomeguys","https://www.yuplay.com/media/products/monster-prom-second-term/616/b8dd672e26389437b6aa4322db059e459cccf12d.jpg","https://www.yuplay.com/product/monster-prom-second-term/?partner=cj","Ver Oferta","CJ","Those Awesome Guys"
"external","cj-3688a02ec6d1d9f6052d","Pax Nova","1","1","visible","A sci-fi turn-based 4X strategy game where you lead the fate of one of several factions divided between three races. Explore new worlds and new star systems ...","A sci-fi turn-based 4X strategy game where you lead the fate of one of several factions divided between three races. Explore new worlds and new star systems ...","none","1","","9.67","3.12","Accessories","cj,accessories,iceberginteractive","https://www.yuplay.com/media/products/pax-nova/616/5332588815dc810226b52ea35a6ad6ddf447403d.jpg","https://www.yuplay.com/product/pax-nova/?partner=cj","Ver Oferta","CJ","Iceberg Interactive"
"external","cj-2b0d663d2c089ae1e3c2","Farm Together - Polar Pack","1","1","visible","This DLC containsNew flowers: Euphorbia (3 variants)New tree: Holly TreeNew building: Smoked Fish StandNew decorations: Curling Stone, Curling Target, Wooden...","This DLC containsNew flowers: Euphorbia (3 variants)New tree: Holly TreeNew building: Smoked Fish StandNew decorations: Curling Stone, Curling Target, Wooden...","none","1","","3.99","1.29","Home","cj,home,milkstonestudios","https://www.yuplay.com/media/products/farm-together-polar-pack/616/033941121a86ead7264150a1074630569669c534.jpg","https://www.yuplay.com/product/farm-together-polar-pack/?partner=cj","Ver Oferta","CJ","Milkstone Studios"
"external","cj-265818385f38a2906401","Ship Graveyard Simulator 2 - Fishing Boats DLC","1","1","visible","Four Unique Fishing Boats AwaitStep aboard four distinctive fishing vessels: Arc, Sea Hunter, Mono-brew, and Richi-Kali. Each boat offers its own structure, ...","Four Unique Fishing Boats AwaitStep aboard four distinctive fishing vessels: Arc, Sea Hunter, Mono-brew, and Richi-Kali. Each boat offers its own structure, ...","none","1","","5.89","1.91","Accessories","cj,accessories,playwaysa","https://www.yuplay.com/media/products/ship-graveyard-simulator-2-fishing-boats-dlc/616/ac29506c30952cdacc2371697603818556b2357f.jpg","https://www.yuplay.com/product/ship-graveyard-simulator-2-fishing-boats-dlc/?partner=cj","Ver Oferta","CJ","PlayWay SA"
"external","cj-0096","Ashampoo® Video Converter","1","1","visible","Program to convert videos with ease","Program to convert videos with ease","none","1","","40.00","13.00","Beauty","cj,beauty,ashampoo","https://img.ashampoo.com/images/products/0096/front.png","https://www.ashampoo.com/cookie/HqULT1OaTqFiPD4b?redirect=https%3A%2F%2Fwww.ashampoo.com%2Floc%2Fvideo-converter%3Fx-source%3Dcj%26x-mid%3Dcj%26utm_source%3Dcj%26utm_medium%3Dcj%26utm_campaign%3Dcj%26coupon%3DMH6-92P-HG7%26no-license-choice%3Dtrue","Ver Oferta","CJ","Ashampoo"
"external","cj-03d0cd3b869eec009039","Talisman - The Frostmarch Expansion","1","1","visible","It is the Frostmarch, brought here across the northern waters by the Ice Queen. Armed with the Crown of Command, she is transforming the realm into a desolat...","It is the Frostmarch, brought here across the northern waters by the Ice Queen. Armed with the Crown of Command, she is transforming the realm into a desolat...","none","1","","3.99","1.30","Home","cj,home,nomadgames","https://www.yuplay.com/media/products/talisman-the-frostmarch-expansion/616/3db1ccf35f3cf4ebed0187695e572b22177e005b.jpg","https://www.yuplay.com/product/talisman-the-frostmarch-expansion/?partner=cj","Ver Oferta","CJ","Nomad Games"
"external","cj-32ac78090258ee0924a8","Ashes of the Singularity: Escalation - Oblivion DLC","1","1","visible","The Post Human Coalition and the Substrate continue to fight for control  of worlds across the galaxy as the PHC looks to expand their reach.  Crush your ene...","The Post Human Coalition and the Substrate continue to fight for control  of worlds across the galaxy as the PHC looks to expand their reach.  Crush your ene...","none","1","","3.99","1.30","Home","cj,home,stardockentertainment","https://www.yuplay.com/media/products/ashes-of-the-singularity-escalation-oblivion-dlc/616/921defae301f4b18b720c4eb1fc45786e70afa7b.jpg","https://www.yuplay.com/product/ashes-of-the-singularity-escalation-oblivion-dlc/?partner=cj","Ver Oferta","CJ","Stardock Entertainment"
"external","cj-375f26797c05a06c6151","Ashes of the Singularity: Escalation - Inception DLC","1","1","visible","Choose your story in &#8220;Inception,&#8221; the first split-faction scenario in Ashes of the Singularity: Escalation. A mysterious entity known as Nihilon ...","Choose your story in &#8220;Inception,&#8221; the first split-faction scenario in Ashes of the Singularity: Escalation. A mysterious entity known as Nihilon ...","none","1","","3.99","1.30","Accessories","cj,accessories,stardockentertainment","https://www.yuplay.com/media/products/ashes-of-the-singularity-escalation-inception-dlc/616/0f7c4941689a1d2e10912b11fce353cb5315de46.jpg","https://www.yuplay.com/product/ashes-of-the-singularity-escalation-inception-dlc/?partner=cj","Ver Oferta","CJ","Stardock Entertainment"
"external","cj-0cc6d89922eb3f466b64","FATAL FURY: City of the Wolves - Legend Edition","1","1","visible","26 years on, a brand-new entry in the Fatal Fury series is set to arrive on the scene!","26 years on, a brand-new entry in the Fatal Fury series is set to arrive on the scene!","none","1","","49.99","16.29","Books","cj,books,snkcorporation","https://www.yuplay.com/media/products/fatal-fury-city-of-the-wolves-legend-edition/616/c0ef34e0367ca2dbc8cde2803e623b8608516ae8.jpg","https://www.yuplay.com/product/fatal-fury-city-of-the-wolves-legend-edition/?partner=cj","Ver Oferta","CJ","SNK CORPORATION"
"external","cj-22cc3939e6f7b81a296d","Sid Meier's Civilization VII - Nintendo Switch 2 Edition","1","1","visible","Steer the course of history in Sid Meier's Civilization VII. Featuring new mouse controls that offer a more intuitive experience, players decisions will shap...","Steer the course of history in Sid Meier's Civilization VII. Featuring new mouse controls that offer a more intuitive experience, players decisions will shap...","none","1","","69.99","22.83","Electronics","cj,electronics,2k","https://www.yuplay.com/media/products/sid-meiers-civilization-vii-nintendo-switch-2-edition/616/320d3f90a96a7d86c94ed409de4db609d54aaf18.jpg","https://www.yuplay.com/product/sid-meiers-civilization-vii-nintendo-switch-2-edition/?partner=cj","Ver Oferta","CJ","2K"
"external","cj-331706726e19324127af","Coin Push RPG","1","1","visible","Coin Push RPG is a unique blend of Semi-Idle RPG and coin-pusher gameplay!","Coin Push RPG is a unique blend of Semi-Idle RPG and coin-pusher gameplay!","none","1","","9.75","3.19","Accessories","cj,accessories,wisegames","https://www.yuplay.com/media/products/coin-push-rpg/616/b4d6238effddc2f97f4c68b7a565a2b2319aac7c.jpg","https://www.yuplay.com/product/coin-push-rpg/?partner=cj","Ver Oferta","CJ","Wise Games"
"external","cj-029c64a1c9821382d156","Supersonic Racer","1","1","visible","Super Sonic Racer has it all with twelve over the top wacky characters and vehicles: From space shuttle to monster truck, from pizza dude or taxi driver to a...","Super Sonic Racer has it all with twelve over the top wacky characters and vehicles: From space shuttle to monster truck, from pizza dude or taxi driver to a...","none","1","","2.99","0.98","Accessories","cj,accessories,funboxmedia","https://www.yuplay.com/media/products/supersonic-racer/616/44c30ffcd8e0d576f72c7501b54cd6d908e9cdda.jpg","https://www.yuplay.com/product/supersonic-racer/?partner=cj","Ver Oferta","CJ","Funbox Media"
"external","cj-2850daa54bcb65868707","Ratchet & Clank: Rift Apart","1","1","visible","Go dimension-hopping with Ratchet and Clank as they venture onto a PC near you for the very first time. Help them take on an evil emperor from another realit...","Go dimension-hopping with Ratchet and Clank as they venture onto a PC near you for the very first time. Help them take on an evil emperor from another realit...","none","1","","59.99","19.71","Accessories","cj,accessories,playstationpcllc","https://www.yuplay.com/media/products/ratchet-clank-rift-apart/616/6f40ffe5bddce8276b313ad970398b68a546b430.jpg","https://www.yuplay.com/product/ratchet-clank-rift-apart/?partner=cj","Ver Oferta","CJ","PlayStation PC LLC"
"external","cj-32e5acb7c2153adae219","Europa Universalis IV: The Cossacks Content Pack","1","1","visible","Europa Universalis IV: Cossacks Content Pack includes three new unit packs and a fort pack as part of the Cossacks expansion.The Cossacks is the sixth major ...","Europa Universalis IV: Cossacks Content Pack includes three new unit packs and a fort pack as part of the Cossacks expansion.The Cossacks is the sixth major ...","none","1","","7.99","2.63","Home","cj,home,paradoxinteractive","https://www.yuplay.com/media/products/europa-universalis-iv-the-cossacks-content-pack/616/13702cab6f8013a81832469416b678644a72a9cd.jpg","https://www.yuplay.com/product/europa-universalis-iv-the-cossacks-content-pack/?partner=cj","Ver Oferta","CJ","Paradox Interactive"
"external","cj-23bc9360a2df1705dc61","Yu-Gi-Oh! Duelist Kingdom","1","1","visible","Play 2 pre-constructed decks, Chaos Deck and Ritual Deck. Includes additional duels in Yu-Gi-Oh! Campaign and Challenge Mode.","Play 2 pre-constructed decks, Chaos Deck and Ritual Deck. Includes additional duels in Yu-Gi-Oh! Campaign and Challenge Mode.","none","1","","4.99","1.65","Accessories","cj,accessories,konami","https://www.yuplay.com/media/products/yu-gi-oh-duelist-kingdom/616/4a2821fab9a3f65fa76a03c5787de726f1daabc4.jpg","https://www.yuplay.com/product/yu-gi-oh-duelist-kingdom/?partner=cj","Ver Oferta","CJ","KONAMI"
"external","cj-3228f6353b28c4ebf97f","Sea Dogs: To Each His Own - Hero of the Nation","1","1","visible","After the siege of St. Pierre at Martinique you have become the most notorious Captain of French Navy - it's a great opportunity to take all the power you ca...","After the siege of St. Pierre at Martinique you have become the most notorious Captain of French Navy - it's a great opportunity to take all the power you ca...","none","1","","4.99","1.65","Accessories","cj,accessories,akella","https://www.yuplay.com/media/products/sea-dogs-to-each-his-own-hero-of-the-nation/616/5524c573bbc4ea606e6ca908861a98a99778ea1a.jpg","https://www.yuplay.com/product/sea-dogs-to-each-his-own-hero-of-the-nation/?partner=cj","Ver Oferta","CJ","Akella"
"external","cj-070b34d49cd4657f6076","Farm Together - Celery Pack","1","1","visible","This DLC includes New crop: Celery New Tree: Persimmon New outfit with four different skins New hat New tractor: Bumper Car New antenna: Bumper Car Antenna N...","This DLC includes New crop: Celery New Tree: Persimmon New outfit with four different skins New hat New tractor: Bumper Car New antenna: Bumper Car Antenna N...","none","1","","3.99","1.32","Accessories","cj,accessories,milkstonestudios","https://www.yuplay.com/media/products/farm-together-celery-pack/616/343513b0be2ba5c8b00e4acaf3a9bb41b655c37e.jpg","https://www.yuplay.com/product/farm-together-celery-pack/?partner=cj","Ver Oferta","CJ","Milkstone Studios"
"external","cj-1487ac1336b279825000","Farm Together - Sugarcane Pack","1","1","visible","This DLC includesTwo new outfits (male and female) with four different skins eachNew hat with four skinsNew glasses: EyepatchNew earring: Pirate EarringNew f...","This DLC includesTwo new outfits (male and female) with four different skins eachNew hat with four skinsNew glasses: EyepatchNew earring: Pirate EarringNew f...","none","1","","3.99","1.32","Accessories","cj,accessories,milkstonestudios","https://www.yuplay.com/media/products/farm-together-sugarcane-pack/616/80e0b8bf60155d88f78b54b75401c1376ace42b0.jpg","https://www.yuplay.com/product/farm-together-sugarcane-pack/?partner=cj","Ver Oferta","CJ","Milkstone Studios"
"external","cj-133fada90d4923a3a062","The Sims 4 Growing Together","1","1","visible","Strengthen family bonds, make friends or enemies, and discover your Sims truest selves with The Sims 4 Growing Together Expansion Pack. The ways your Sims re...","Strengthen family bonds, make friends or enemies, and discover your Sims truest selves with The Sims 4 Growing Together Expansion Pack. The ways your Sims re...","none","1","","39.99","13.32","Electronics","cj,electronics,electronicarts","https://www.yuplay.com/media/products/the-simstm-4-growing-together-expansion-pack/616/5db8e6c2c0bf58e5c445ebef89e13a6f29432220.jpg","https://www.yuplay.com/product/the-simstm-4-growing-together-expansion-pack/?partner=cj","Ver Oferta","CJ","Electronic Arts"
"external","cj-40047735505086","Rexing X5 Motorized Wireless 15W/7.5W Qi Charging Car Mount w/Auto Sensing Automatic Clamping","1","1","visible","Windshield Air Vent Car Phone Mount | Compatible w/iPhone, Android, Galaxy Smartphones (No Car Charger) WIRELESS QI CHARGING - Wirelessly charge your phone with","Windshield Air Vent Car Phone Mount | Compatible w/iPhone, Android, Galaxy Smartphones (No Car Charger) WIRELESS QI CHARGING - Wirelessly charge your phone with advanced Qi-Certified technology without having to deal with any wires. Phones with fast charging capabilities up to 15W/7.5W require QC 2.0/ QC 3.0 Adapter. 5W standard wireless charging for other Qi Wireless Charging phones (5V/2A adapter included) AUTOMATIC CLAMPING - Advanced motion sensor allows for you to easily mount your phone or retrieve your phone with one button press by automatically opening and closing clamping arms when it senses the phone. Internal built-in energy storage allows for you to retrieve the phone even if you turn off your car within 10-20s. ADJUSTABLE VIEW - Telescopic arm extends upwards or downwards 4.9”-8.3” and pivots up to 225° for many different viewing angles per your needs. 2 WAYS TO INSTALL - Mount the phone mount by either installing it on the vehicle’s dashboard air vent with the included clip or utilize the additionally included suction cup base with 3M Adhesive. RELIABLE BUILD & LIVE CUSTOMER SERVICE & WARRANTY - You can count on our solid Anti-Shake ABS plastic design and mold which features built-in motorized arms which activate per the proximity sensor. Need help? Email or call our personal LIVE CUSTOMER SUPPORT. Rexing stands behind all of its products with an industry-leading ***18 Month Warranty ***","none","1","","59.99","19.99","Electronics","cj,electronics,rexingusa","https://cdn.shopify.com/s/files/1/0556/5536/6846/files/X5-1.jpg?v=1685918545","https://rexing.com/products/rexing-motorized-wireless-15w-7-5w-qi-charging-car-mount-w-auto-sensing-automatic-clamping?variant=40047735505086","Ver Oferta","CJ","Rexing USA"
"external","cj-42497710358718","Rexing PV6 Smart DLP Projector 600ANSI with 3D Projection, Wi-Fi, Bluetooth","1","1","visible","Autofocus | 3D Video | HDMI | Duo USB 2.0 | WiFi | 40-100 inch” DLP Projector | App Store | Google Play | Chrome | YouTube | Netflix | Home Entertainment Video","Autofocus | 3D Video | HDMI | Duo USB 2.0 | WiFi | 40-100 inch” DLP Projector | App Store | Google Play | Chrome | YouTube | Netflix | Home Entertainment Video Resolution - Project stunning HD video with a throw ratio of 1.2:1 and transform any room into your personal movie theatre where you can watch your favorite movies, games, shows, and more. 600 ANSI Lumens - It projects bright and clear 600 ANSI Lumens video onto any surface that is sure to impress you and your guests. Automatic Image Adjustment - With automatic horizontal and vertical keystoning, you can project a squared, stable image at almost any angle. 3D Projection - Enjoy the immersive 3D movies that jump right out at you. Media Support - Have access to thousands of applications through the App Store and watch your favorite videos and movies via pre-installed Youtube, and Netflix apps. Compact Design - Our portable and lightweight design allows you to easily project video from anywhere in your home. Auto Focus - Enjoy hassle-free high-tech Auto-Focusing that will allow you to easily set up your DLP projector in an instant. Electronic focusing via the included TV Remote Control is also available. Built-in Speaker - Enjoy crisp, booming quality music via the built-in 3W speakers, with deep bass and exceptional clarity.","none","1","","899.99","299.99","Electronics","cj,electronics,rexingusa","https://cdn.shopify.com/s/files/1/0556/5536/6846/products/MAIN_f57a0e0e-d48f-40cf-87f2-94633c72c9d5.jpg?v=1674773866","https://rexing.com/products/rexing-pv6-smart-dlp-projector-600ansi-with-3d-projection-wi-fi-bluetooth?variant=42497710358718","Ver Oferta","CJ","Rexing USA"
"external","cj-00100","Ashampoo® WebCam Guard","1","1","visible","Ashampoo® WebCam Guard - Effective against unauthorized webcam and microphone access!","Ashampoo® WebCam Guard - Effective against unauthorized webcam and microphone access!","none","1","","30.00","10.00","Electronics","cj,electronics,ashampoo","https://img.ashampoo.com/images/products/00100/front.png","https://www.ashampoo.com/cookie/HqULT1OaTqFiPD4b?redirect=https%3A%2F%2Fwww.ashampoo.com%2Floc%2Fwebcam-guard%3Fx-source%3Dcj%26x-mid%3Dcj%26utm_source%3Dcj%26utm_medium%3Dcj%26utm_campaign%3Dcj%26coupon%3D9NS-7FC-1QQ%26no-license-choice%3Dtrue","Ver Oferta","CJ","Ashampoo"
"external","cj-1066","Ashampoo® Slideshow Studio HD 4","1","1","visible","Ashampoo® Slideshow Studio HD 4 - Create quality slideshows instantly","Ashampoo® Slideshow Studio HD 4 - Create quality slideshows instantly","none","1","","30.00","10.00","Beauty","cj,beauty,ashampoo","https://img.ashampoo.com/images/products/1066/front.png","https://www.ashampoo.com/cookie/HqULT1OaTqFiPD4b?redirect=https%3A%2F%2Fwww.ashampoo.com%2Floc%2Fslideshow-studio-hd-4%3Fx-source%3Dcj%26x-mid%3Dcj%26utm_source%3Dcj%26utm_medium%3Dcj%26utm_campaign%3Dcj%26coupon%3DAUH-3GE-BV2%26no-license-choice%3Dtrue","Ver Oferta","CJ","Ashampoo"
"external","cj-2de2b93dcb9349e14569","Battlefield: Bad Company 2 Vietnam","1","1","visible","Get ready for a whole new war, as DICE's massively popular online shooter Battlefield: Bad Company 2 makes the journey back to the 60's and the infamous Viet...","Get ready for a whole new war, as DICE's massively popular online shooter Battlefield: Bad Company 2 makes the journey back to the 60's and the infamous Viet...","none","1","","9.99","3.33","Electronics","cj,electronics,electronicarts","https://www.yuplay.com/media/products/battlefield-bad-company-2-vietnam/616/1dd834ba322536b32c938bf75b747c631f4c3348.jpg","https://www.yuplay.com/product/battlefield-bad-company-2-vietnam/?partner=cj","Ver Oferta","CJ","Electronic Arts"
"external","cj-17b2b2d97baec9e2181f","EARTH DEFENSE FORCE IRON RAIN","1","1","visible","Year 2040. An action TPS where you will become one of the EDF soldiers and fight against the invaders from outer space which ruined the world.","Year 2040. An action TPS where you will become one of the EDF soldiers and fight against the invaders from outer space which ruined the world.","none","1","","59.99","20.00","Accessories","cj,accessories,d3publisher","https://www.yuplay.com/media/products/earth-defense-force-iron-rain/616/ddd9fbac17eee1d35a13e4171a91e75554a686a6.jpg","https://www.yuplay.com/product/earth-defense-force-iron-rain/?partner=cj","Ver Oferta","CJ","D3PUBLISHER"
"external","cj-067aaa66e6704d52b244","Bleeding Edge (Xbox One & Xbox Series X|S & PC) United States","1","1","visible","Important Notice: Please, make sure that your IP is LOCATED in UNITED STATES during the key activation. After a successful activation, the game will be avail...","Important Notice: Please, make sure that your IP is LOCATED in UNITED STATES during the key activation. After a successful activation, the game will be avail...","none","1","","29.99","10.01","Accessories","cj,accessories,xboxgamestudios","https://www.yuplay.com/media/products/bleeding-edge-xbox-one-xbox-series-xs-pc-united-states/616/2901eb24fbc37cf96169b31d9f8b34c500898e2c.jpg","https://www.yuplay.com/product/bleeding-edge-xbox-one-xbox-series-xs-pc-united-states/?partner=cj","Ver Oferta","CJ","Xbox Game Studios"
"external","cj-2ac7e2b9311ce19d0221","Farmer's Father: Save the Innocence","1","1","visible","""The first casualty of war is innocence""War breeds heroes you've never heard of. You are the ordinary person holding a huge burden of protecting what's most ...","""The first casualty of war is innocence""War breeds heroes you've never heard of. You are the ordinary person holding a huge burden of protecting what's most ...","none","1","","9.75","3.26","Accessories","cj,accessories,playwaysa","https://www.yuplay.com/media/products/farmers-father-save-the-innocence/616/3709c0b48615a64ccc397e213fe337370c97f256.jpg","https://www.yuplay.com/product/farmers-father-save-the-innocence/?partner=cj","Ver Oferta","CJ","PlayWay SA"
"external","cj-3c8bbecb4b42ad232016","Hymer 2000","1","1","visible","Hymer 2000 is an interactive text puzzle game, where players freely converse with the ""Hymer"" and use an open ""Search"" function to retrieve past conversations.","Hymer 2000 is an interactive text puzzle game, where players freely converse with the ""Hymer"" and use an open ""Search"" function to retrieve past conversations.","none","1","","4.99","1.67","Accessories","cj,accessories,indienova","https://www.yuplay.com/media/products/hymer-2000/616/d98899738738f1349a6c25a0d5c49f735d2028d8.jpg","https://www.yuplay.com/product/hymer-2000/?partner=cj","Ver Oferta","CJ","indienova"
"external","cj-17f629e25c782270caae","Les Mis&#233;rables: Cosette's Fate","1","1","visible","Montfermeil, France, 1826. Fantine lives in poverty and is doing everything she can to get by. Fantine is forced to leave her little girl Cosette at the Th&#...","Montfermeil, France, 1826. Fantine lives in poverty and is doing everything she can to get by. Fantine is forced to leave her little girl Cosette at the Th&#...","none","1","","2.39","0.80","Accessories","cj,accessories,microids","https://www.yuplay.com/media/products/les-miserables-cosettes-fate/616/19917b4402b21746e238ff4ec2371308482114f4.jpg","https://www.yuplay.com/product/les-miserables-cosettes-fate/?partner=cj","Ver Oferta","CJ","Microids"
"external","cj-1dcef095012a878127c0","Songs of Conquest","1","1","visible","Songs of Conquest is a turn-based strategy game inspired by 90s classics.","Songs of Conquest is a turn-based strategy game inspired by 90s classics.","none","1","","29.99","10.11","Accessories","cj,accessories,coffeestainstudios","https://www.yuplay.com/media/products/songs-of-conquest/616/8a36c9d550c3cf2d52c6fa9fabc5c26a03beec6d.jpg","https://www.yuplay.com/product/songs-of-conquest/?partner=cj","Ver Oferta","CJ","Coffee Stain Studios"
"external","cj-19afaeeb2186f5d5f35f","Listen to the Wind","1","1","visible","During the Ming dynasty Jiajing era, rampant government corruption and border mismanagement has given Japanese pirates a chance to attack the south-east coas...","During the Ming dynasty Jiajing era, rampant government corruption and border mismanagement has given Japanese pirates a chance to attack the south-east coas...","none","1","","9.99","3.37","Home","cj,home,gameragames","https://www.yuplay.com/media/products/listen-to-the-wind/616/76aca7b85689cc3e292783adb69587013ace762f.jpg","https://www.yuplay.com/product/listen-to-the-wind/?partner=cj","Ver Oferta","CJ","Gamera Games"
"external","cj-32661e310b7357911eb8","Jurassic World Evolution 2: Camp Cretaceous Dinosaur Pack","1","1","visible","Showcase an array of outstanding new prehistoric species with the Jurassic World Evolution 2: Camp Cretaceous Dinosaur Pack. This DLC features two entirely n...","Showcase an array of outstanding new prehistoric species with the Jurassic World Evolution 2: Camp Cretaceous Dinosaur Pack. This DLC features two entirely n...","none","1","","9.99","3.38","Accessories","cj,accessories,frontierdevelopments","https://www.yuplay.com/media/products/jurassic-world-evolution-2-camp-cretaceous-dinosaur-pack/616/a456802f76e12c971d59a6da98c7e463d81a711b.jpg","https://www.yuplay.com/product/jurassic-world-evolution-2-camp-cretaceous-dinosaur-pack/?partner=cj","Ver Oferta","CJ","Frontier Developments"
"external","cj-24de12c858cca50158a7","Hoards of Glory","1","1","visible","Hoards of Glory is a dice placement game for 1-4 players.","Hoards of Glory is a dice placement game for 1-4 players.","none","1","","3.99","1.35","Accessories","cj,accessories,kerberosproductionsinc","https://www.yuplay.com/media/products/hoards-of-glory/616/18adcac6ed479b572ac1b352bfbf5cfbc27eb581.jpg","https://www.yuplay.com/product/hoards-of-glory/?partner=cj","Ver Oferta","CJ","Kerberos Productions Inc."
"external","cj-3af477b663f40518d85f","Shift 87","1","1","visible","Shift 87 is a first person observation horror game. Keen investigators can find a total of 66 anomalies throughout 3 levels of handcrafted, highly atmospheri...","Shift 87 is a first person observation horror game. Keen investigators can find a total of 66 anomalies throughout 3 levels of handcrafted, highly atmospheri...","none","1","","4.99","1.69","Accessories","cj,accessories,daedalicentertainment","https://www.yuplay.com/media/products/shift-87/616/8b695ff38d8974f55abdf915af4448a34af99eb8.jpg","https://www.yuplay.com/product/shift-87/?partner=cj","Ver Oferta","CJ","Daedalic Entertainment"
"external","cj-1d8786f67de86ef8b59a","The Colony: New Haven Chronicles","1","1","visible","New Haven is a utopia under a red moon, turned into a dystopian nightmare. You are a prisoner with no name, waking up in the middle of an emergency.","New Haven is a utopia under a red moon, turned into a dystopian nightmare. You are a prisoner with no name, waking up in the middle of an emergency.","none","1","","9.49","3.22","Accessories","cj,accessories,indieio","https://www.yuplay.com/media/products/the-colony-new-haven-chronicles/616/6dcf6f92b3a7009516fd1c018b0f5bd15eecb34c.jpg","https://www.yuplay.com/product/the-colony-new-haven-chronicles/?partner=cj","Ver Oferta","CJ","indie.io"
"external","cj-3f7de5b8233d25c74162","YEAH! YOU WANT ""THOSE GAMES,"" RIGHT? SO HERE YOU GO! NOW, LET'S SEE YOU CLEAR THEM!","1","1","visible","""Those Games"" is a collection of minigames that you wantedto play to your heart's content, but couldn't, so we developedthis game with cute and comical stick...","""Those Games"" is a collection of minigames that you wantedto play to your heart's content, but couldn't, so we developedthis game with cute and comical stick...","none","1","","9.99","3.39","Accessories","cj,accessories,d3publisher","https://www.yuplay.com/media/products/yeah-you-want-those-games-right-so-here-you-go-now-lets-see-you-clear-them/616/ea6c15714dcb7af24f5a71b0aaea60d4a5d2b518.jpg","https://www.yuplay.com/product/yeah-you-want-those-games-right-so-here-you-go-now-lets-see-you-clear-them/?partner=cj","Ver Oferta","CJ","D3PUBLISHER"
"external","cj-3f2c1fbed14dce66509c","Izmir: An Independence Simulator","1","1","visible","3 different enemy classes: Infantry, Armored and Robotic. Beat the toughest levels with the right combinations and bonus damage.","3 different enemy classes: Infantry, Armored and Robotic. Beat the toughest levels with the right combinations and bonus damage.","none","1","","1.59","0.54","Accessories","cj,accessories,trainspottingstudio","https://www.yuplay.com/media/products/izmir-an-independence-simulator/616/1abb20b58a766cea084e1aa901567efbf710bc77.jpg","https://www.yuplay.com/product/izmir-an-independence-simulator/?partner=cj","Ver Oferta","CJ","Trainspotting Studio"
"external","cj-2418","Ashampoo® Photo Commander 18","1","1","visible","Ashampoo® Photo Commander 18 - Chockfull of features: More than 200 functions for your photos in a single software","Ashampoo® Photo Commander 18 - Chockfull of features: More than 200 functions for your photos in a single software","none","1","","50.00","17.00","Beauty","cj,beauty,ashampoo","https://img.ashampoo.com/images/products/2418/front.png","https://www.ashampoo.com/cookie/HqULT1OaTqFiPD4b?redirect=https%3A%2F%2Fwww.ashampoo.com%2Floc%2Fphoto-commander-18%3Fx-source%3Dcj%26x-mid%3Dcj%26utm_source%3Dcj%26utm_medium%3Dcj%26utm_campaign%3Dcj%26coupon%3DGVX-EG9-8C1%26no-license-choice%3Dtrue","Ver Oferta","CJ","Ashampoo"
"external","cj-0b8a01592d3947ffc2fa","The Legend of Heroes: Trails of Cold Steel IV - Standard Cosmetic Set","1","1","visible","This Cosmetic Set contains the following:  The Legend of Heroes: Trails of Cold Steel IV - Swimsuit Bundle  The Legend of Heroes: Trails of Cold Steel IV - M...","This Cosmetic Set contains the following:  The Legend of Heroes: Trails of Cold Steel IV - Swimsuit Bundle  The Legend of Heroes: Trails of Cold Steel IV - M...","none","1","","31.21","10.62","Fashion","cj,fashion,nisamerica","https://www.yuplay.com/media/products/the-legend-of-heroes-trails-of-cold-steel-iv-standard-cosmetic-set/616/e58fdc778f613f76c0c3564e37a205e3c595cebd.jpg","https://www.yuplay.com/product/the-legend-of-heroes-trails-of-cold-steel-iv-standard-cosmetic-set/?partner=cj","Ver Oferta","CJ","NIS America"
"external","cj-165f5bcc1178f5c57a68","REVEIL Funhouse Pack","1","1","visible","The Funhouse Pack contains the following DLC for REVEIL:REVEIL Original Soundtrack: 14 original compositions, beautiful and haunting.Digital&#160;Artbook: A ...","The Funhouse Pack contains the following DLC for REVEIL:REVEIL Original Soundtrack: 14 original compositions, beautiful and haunting.Digital&#160;Artbook: A ...","none","1","","9.99","3.40","Books","cj,books,daedalicentertainment","https://www.yuplay.com/media/products/reveil-supporter-pack/616/90e762392ba7f34c3e69b28ea7dd1d7a0010f68d.jpg","https://www.yuplay.com/product/reveil-supporter-pack/?partner=cj","Ver Oferta","CJ","Daedalic Entertainment"
"external","cj-3961d679d2ba3f200d84","Curse of the Assassin","1","1","visible","Youve risen through society after dealing with Eltane and saving the city, capturing the affections of the Duke's daughter along the way. The mysterious deat...","Youve risen through society after dealing with Eltane and saving the city, capturing the affections of the Duke's daughter along the way. The mysterious deat...","none","1","","4.99","1.70","Accessories","cj,accessories,tinmangames","https://www.yuplay.com/media/products/curse-of-the-assassin/616/8396d63933ec52ce50d9798d49fe54113dea9b0f.jpg","https://www.yuplay.com/product/curse-of-the-assassin/?partner=cj","Ver Oferta","CJ","Tin Man Games"
"external","cj-215e5be36d819a06e76c","Premier Manager 08","1","1","visible","layability has always been at the core of Premier Manager and will be enhanced by a refreshed user interface, which enables extremely simple navigation and w...","layability has always been at the core of Premier Manager and will be enhanced by a refreshed user interface, which enables extremely simple navigation and w...","none","1","","2.99","1.02","Accessories","cj,accessories,funboxmedia","https://www.yuplay.com/media/products/premier-manager-08/616/cc75a091fde438b61e43c89931ab9a71840ec80a.jpg","https://www.yuplay.com/product/premier-manager-08/?partner=cj","Ver Oferta","CJ","Funbox Media"
"external","cj-2151f17637b5fe94badf","White Noise 2 - Supporter Pack","1","1","visible","The White Noise 2 Supporter pack was created as a ""Thank you"" gift to our Early Access supporters. It features 2 new items","The White Noise 2 Supporter pack was created as a ""Thank you"" gift to our Early Access supporters. It features 2 new items","none","1","","1.99","0.68","Accessories","cj,accessories,milkstonestudios","https://www.yuplay.com/media/products/white-noise-2-supporter-pack/616/47ee0c7f512e9de70e43b380ffd8c7c312a47396.jpg","https://www.yuplay.com/product/white-noise-2-supporter-pack/?partner=cj","Ver Oferta","CJ","Milkstone Studios"
"external","cj-2e57216c2c0f8d191f21","White Noise 2 - Okiku","1","1","visible","This downloadable content for White Noise 2 allows you to play with Okiku, the Wretched Doll. It also includes a new Idol to use in the game","This downloadable content for White Noise 2 allows you to play with Okiku, the Wretched Doll. It also includes a new Idol to use in the game","none","1","","1.99","0.68","Accessories","cj,accessories,milkstonestudios","https://www.yuplay.com/media/products/white-noise-2-okiku/616/b076853800d3fe485f89f725ffed356607944303.jpg","https://www.yuplay.com/product/white-noise-2-okiku/?partner=cj","Ver Oferta","CJ","Milkstone Studios"
"external","cj-32137e01a15ea591b196","Magicka: Gamer Bundle","1","1","visible","The Gamer Bundle contains three new robes inspired by some of the developers favorite games. Armed to the teeth with new exciting gear these diverse robes wi...","The Gamer Bundle contains three new robes inspired by some of the developers favorite games. Armed to the teeth with new exciting gear these diverse robes wi...","none","1","","1.99","0.68","Accessories","cj,accessories,paradoxinteractive","https://www.yuplay.com/media/products/magicka-gamer-bundle/616/b8a67eaab8159bdf9d155e791123edbc350742b6.jpg","https://www.yuplay.com/product/magicka-gamer-bundle/?partner=cj","Ver Oferta","CJ","Paradox Interactive"
"external","cj-1b396ef6659b2050be40","March of Shrooms","1","1","visible","Ninety-nine years ago, mushrooms took to the skies, their spores landing on magical, floating islands and blossoming into a happy, joyous civilization. Unfor...","Ninety-nine years ago, mushrooms took to the skies, their spores landing on magical, floating islands and blossoming into a happy, joyous civilization. Unfor...","none","1","","6.99","2.39","Accessories","cj,accessories,indieio","https://www.yuplay.com/media/products/march-of-shrooms/616/b0b77abd899cbd0ab54628a3288c8c889b8eae98.jpg","https://www.yuplay.com/product/march-of-shrooms/?partner=cj","Ver Oferta","CJ","indie.io"
"external","cj-068a0fdfb489e316effc","Roll'd","1","1","visible","Enter the world of Roll'd where rolling comes in at a new degree.","Enter the world of Roll'd where rolling comes in at a new degree.","none","1","","0.99","0.34","Accessories","cj,accessories,foreverentertainmentsa","https://www.yuplay.com/media/products/rolld/616/3ccec93bccb377b1d88040ef145b65fb3d8b7616.jpg","https://www.yuplay.com/product/rolld/?partner=cj","Ver Oferta","CJ","Forever Entertainment S. A."
"external","cj-15ec5144a89430aed89e","Tropico 3 Absolute Power Expansion Pack","1","1","visible","Tropico 3: Absolute Power is the official expansion pack for the hit PC title Tropico 3. Your task is to lead a remote Caribbean island to prosperity, using ...","Tropico 3: Absolute Power is the official expansion pack for the hit PC title Tropico 3. Your task is to lead a remote Caribbean island to prosperity, using ...","none","1","","2.41","0.83","Home","cj,home,kalypsomedia","https://www.yuplay.com/media/products/tropico-3-absolute-power-expansion-pack/616/c89ee109d80273ecf1bf7833f7df7ef98c0d313c.jpg","https://www.yuplay.com/product/tropico-3-absolute-power-expansion-pack/?partner=cj","Ver Oferta","CJ","Kalypso Media"
"external","cj-1f955d6bddeb4d742dc9","Tactics Ogre Reborn","1","1","visible","Tactics Ogre, crown jewel of the tactical role-playing genre, is reborn!","Tactics Ogre, crown jewel of the tactical role-playing genre, is reborn!","none","1","","49.99","17.22","Accessories","cj,accessories,squareenix","https://www.yuplay.com/media/products/tactics-ogre-reborn/616/6421a3a8a4d350569f281bf485eaba055683414b.jpg","https://www.yuplay.com/product/tactics-ogre-reborn/?partner=cj","Ver Oferta","CJ","Square Enix"
"external","cj-102616c3551ba8262336","City of Gangsters: Atlantic City","1","1","visible","Start a crime syndicate from nothing, and grow it into a well-oiled money machine. Build speakeasies and illegal distilleries. Manage production chains and r...","Start a crime syndicate from nothing, and grow it into a well-oiled money machine. Build speakeasies and illegal distilleries. Manage production chains and r...","none","1","","4.99","1.72","Beauty","cj,beauty,kasedogames","https://www.yuplay.com/media/products/city-of-gangsters-atlantic-city/616/c06cc0336e9d1c262e9b36c74e419dbe0488bda2.jpg","https://www.yuplay.com/product/city-of-gangsters-atlantic-city/?partner=cj","Ver Oferta","CJ","Kasedo Games"
"external","cj-3eedb5171e5f699b4586","Total War : Shogun 2 - Otomo Clan Pack DLC","1","1","visible","The Otomo Clan Pack adds a new playable faction to Total War: SHOGUN 2 for use in single or multiplayer Campaign modes and Custom and Multiplayer Battles.","The Otomo Clan Pack adds a new playable faction to Total War: SHOGUN 2 for use in single or multiplayer Campaign modes and Custom and Multiplayer Battles.","none","1","","4.99","1.72","Accessories","cj,accessories,sega","https://www.yuplay.com/media/products/total-war-shogun-2-otomo-clan-pack-dlc/616/8d0f9053b57ae744abfa612f95eb55b343db11e7.jpg","https://www.yuplay.com/product/total-war-shogun-2-otomo-clan-pack-dlc/?partner=cj","Ver Oferta","CJ","SEGA"
"external","cj-3f61a4046430b919010a","Atelier Sophie 2: The Alchemist of the Mysterious Dream Digital Deluxe Edition","1","1","visible","A mysterious story of a mysterious dream ... This is a story about one of the adventures Sophie the Alchemist had after she left her hometown of Kirchen Bell.","A mysterious story of a mysterious dream ... This is a story about one of the adventures Sophie the Alchemist had after she left her hometown of Kirchen Bell.","none","1","","69.99","24.17","Home","cj,home,koeitecmogamescoltd","https://www.yuplay.com/media/products/atelier-sophie-2-the-alchemist-of-the-mysterious-dream-digital-deluxe-edition/616/7a339a8de5c2fdb3f22d8c502ceea1ac8d32ea4b.jpg","https://www.yuplay.com/product/atelier-sophie-2-the-alchemist-of-the-mysterious-dream-digital-deluxe-edition/?partner=cj","Ver Oferta","CJ","KOEI TECMO GAMES CO., LTD."
"external","cj-331f919ff1f8ed454e9c","theHunter: Call of the Wild - Saseka Safari Trophy Lodge","1","1","visible","It's time to present your prize trophies in the fashion they deserve. The luxurious and exotic design of the Saseka Safari is perfect to show off your single...","It's time to present your prize trophies in the fashion they deserve. The luxurious and exotic design of the Saseka Safari is perfect to show off your single...","none","1","","3.99","1.38","Home","cj,home,expansiveworlds","https://www.yuplay.com/media/products/thehunter-call-of-the-wildtm-saseka-safari-trophy-lodge/616/2975a7d4f4a7ef4ccb5f38f401f2bc8690f864ef.jpg","https://www.yuplay.com/product/thehunter-call-of-the-wildtm-saseka-safari-trophy-lodge/?partner=cj","Ver Oferta","CJ","Expansive Worlds"
"external","cj-3b1974491d046d40e3c8","Crouching Pony Hidden Dragon","1","1","visible","Sense&#239; is the undisputed chieftain. His followers are well versed in every extortion, infiltration and martial art. Pony and Biki are his best students,...","Sense&#239; is the undisputed chieftain. His followers are well versed in every extortion, infiltration and martial art. Pony and Biki are his best students,...","none","1","","1.59","0.55","Accessories","cj,accessories,nekoentertainment","https://www.yuplay.com/media/products/crouching-pony-hidden-dragon/616/456894ee64401d73eff9b6826623a660003bd05b.jpg","https://www.yuplay.com/product/crouching-pony-hidden-dragon/?partner=cj","Ver Oferta","CJ","Neko Entertainment"
"external","cj-2e6cbfaae324cf6cef49","Murky Divers","1","1","visible","Dive with a team of up to 4 to the bottom of the ocean. Your mission: Remove all corpses from Pharma Corps' abandoned labs. Erase any evidence of their faile...","Dive with a team of up to 4 to the bottom of the ocean. Your mission: Remove all corpses from Pharma Corps' abandoned labs. Erase any evidence of their faile...","none","1","","8.99","3.11","Accessories","cj,accessories,embers","https://www.yuplay.com/media/products/murky-divers/616/ee480d2fe98599abefb584d28e5aa8f429515113.jpg","https://www.yuplay.com/product/murky-divers/?partner=cj","Ver Oferta","CJ","Embers"
"external","cj-18c8165f4cace9694ca6","Capcom Fighting Collection 1 + 2 Bundle","1","1","visible","Items included in this packageCapcom Fighting CollectionCapcom Fighting Collection 2Capcom Fighting Collection 2 - SP BONUS TRACKS by CAP-JAMSCapcom Fighting...","Items included in this packageCapcom Fighting CollectionCapcom Fighting Collection 2Capcom Fighting Collection 2 - SP BONUS TRACKS by CAP-JAMSCapcom Fighting...","none","1","","59.99","20.78","Accessories","cj,accessories,capcom","https://www.yuplay.com/media/products/capcom-fighting-collection-1-plus-2-bundle/616/7bb965445cc35d43cb97173998a068c6d8157206.jpg","https://www.yuplay.com/product/capcom-fighting-collection-1-plus-2-bundle/?partner=cj","Ver Oferta","CJ","Capcom"
"external","cj-1f09f3f505939fb599dd","RIDE 5","1","1","visible","Rev up your engine and get ready to hit the track with RIDE 5.","Rev up your engine and get ready to hit the track with RIDE 5.","none","1","","59.99","20.82","Books","cj,books,milestonesrl","https://www.yuplay.com/media/products/ride-5/616/8c8048ee7160f8ca25c2c5fdd874517507751373.jpg","https://www.yuplay.com/product/ride-5/?partner=cj","Ver Oferta","CJ","Milestone SRL"
"external","cj-216e33ae2e6e162b30e3","GRAVEN - Deluxe Edition","1","1","visible","Action, mystery, and a chance for redemption await you in the gritty action first person puzzler GRAVEN.","Action, mystery, and a chance for redemption await you in the gritty action first person puzzler GRAVEN.","none","1","","29.67","10.30","Books","cj,books,fulqrumpublishing","https://www.yuplay.com/media/products/graven-deluxe-edition/616/b026b0b68f06ef2ec43de8bfdf6831a328a0d212.jpg","https://www.yuplay.com/product/graven-deluxe-edition/?partner=cj","Ver Oferta","CJ","Fulqrum Publishing"
"external","cj-1f78b09f01cdd360d93b","Gangs of Sherwood - Alan-a-Dale Alternative Skin","1","1","visible","The band's minstrel and puppeteer has more than one costume up his sleeve. He will look his best each time you meet during the adventure and in your hideout.","The band's minstrel and puppeteer has more than one costume up his sleeve. He will look his best each time you meet during the adventure and in your hideout.","none","1","","2.99","1.04","Accessories","cj,accessories,nacon","https://www.yuplay.com/media/products/gangs-of-sherwood-alan-a-dale-alternative-skin/616/49716224dfd37b48094b8dfd86822984339de541.jpg","https://www.yuplay.com/product/gangs-of-sherwood-alan-a-dale-alternative-skin/?partner=cj","Ver Oferta","CJ","Nacon"
"external","cj-1159c0413d1e91765ac8","Combat Mission Battle for Normandy - Market Garden","1","1","visible","CMBN Market Garden Module is an add-on Module for Combat Mission Battle for Normandy that portrays the famous battles for the bridges over the Rhine. You wil...","CMBN Market Garden Module is an add-on Module for Combat Mission Battle for Normandy that portrays the famous battles for the bridges over the Rhine. You wil...","none","1","","33.99","11.83","Accessories","cj,accessories,slitherineltd","https://www.yuplay.com/media/products/combat-mission-battle-for-normandy-market-garden/616/c06939fa38b424a078acac7f19ece26691ac97fb.jpg","https://www.yuplay.com/product/combat-mission-battle-for-normandy-market-garden/?partner=cj","Ver Oferta","CJ","Slitherine Ltd"
"external","cj-317b53b16b69e3bb0f89","Revenge of the Savage Planet Cosmic Hoarder Upgrade","1","1","visible","Revenge of the Savage Planet Cosmic Hoarder Upgrade includes:  3-Day Early Access  4 new missions  Soundtrack & Artbook  More skins       Gold Lame Space Sui...","Revenge of the Savage Planet Cosmic Hoarder Upgrade includes:  3-Day Early Access  4 new missions  Soundtrack & Artbook  More skins       Gold Lame Space Sui...","none","1","","9.99","3.48","Books","cj,books,raccoonlogicstudiosinc","https://www.yuplay.com/media/products/revenge-of-the-savage-planet-cosmic-hoarder-upgrade/616/f9b8b71abbe8decf971c83e39ab5460e0960bd4f.jpg","https://www.yuplay.com/product/revenge-of-the-savage-planet-cosmic-hoarder-upgrade/?partner=cj","Ver Oferta","CJ","Raccoon Logic Studios Inc."
"external","cj-1710f56bf770690eb89c","RiMS Racing (Xbox Series X|S) Turkey","1","1","visible","The first motorbike simulation that combines a realistic racing challenge with engineering and mechanics! Ride the world's most powerful motorbikes and optim...","The first motorbike simulation that combines a realistic racing challenge with engineering and mechanics! Ride the world's most powerful motorbikes and optim...","none","1","","39.99","13.97","Sports","cj,sports,nacon","https://www.yuplay.com/media/products/rims-racing-xbox-series-xs-turkey/616/4dd953b6b02f75294801e5e82da98f658e8272f3.jpg","https://www.yuplay.com/product/rims-racing-xbox-series-xs-turkey/?partner=cj","Ver Oferta","CJ","Nacon"
"external","cj-2e2fe622b24cf65a5f27","Stranger of Paradise Final Fantasy Origin","1","1","visible","This game features memorable locales from other entries in the FINAL FANTASY series.","This game features memorable locales from other entries in the FINAL FANTASY series.","none","1","","39.99","13.97","Accessories","cj,accessories,squareenix","https://www.yuplay.com/media/products/stranger-of-paradise-final-fantasy-origin/616/3b09eabb4dc5282230330d7b27f7a02449fc6fca.jpg","https://www.yuplay.com/product/stranger-of-paradise-final-fantasy-origin/?partner=cj","Ver Oferta","CJ","Square Enix"
"external","cj-18b284e43fe9176d4991","Snooker Nation Championship","1","1","visible","Welcome to the Snooker Nation Championship, the most important event of your digital Snooker Career. Challenge the very best Snooker players in the world to ...","Welcome to the Snooker Nation Championship, the most important event of your digital Snooker Career. Challenge the very best Snooker players in the world to ...","none","1","","3.29","1.15","Accessories","cj,accessories,cherrypopgames","https://www.yuplay.com/media/products/snooker-nation-championship/616/cd6d0ffe66d2c9077e98f630b646d77fb17a4425.jpg","https://www.yuplay.com/product/snooker-nation-championship/?partner=cj","Ver Oferta","CJ","Cherry Pop Games"
"external","cj-2230","Ashampoo® Music Studio 11","1","1","visible","Ashampoo Music Studio 11 offers a comprehensive selection of tools for easy editing, producing, cutting, mixing, and organizing of sound files. It also allows f","Ashampoo Music Studio 11 offers a comprehensive selection of tools for easy editing, producing, cutting, mixing, and organizing of sound files. It also allows for convenient recording from apps like Spotify, Deezer, and Amazon Music.","none","1","","40.00","14.00","Beauty","cj,beauty,ashampoo","https://img.ashampoo.com/images/products/2230/front.png","https://www.ashampoo.com/cookie/HqULT1OaTqFiPD4b?redirect=https%3A%2F%2Fwww.ashampoo.com%2Floc%2Fmusic-studio-11%3Fx-source%3Dcj%26x-mid%3Dcj%26utm_source%3Dcj%26utm_medium%3Dcj%26utm_campaign%3Dcj%26coupon%3D66S-AAE-DT5%26no-license-choice%3Dtrue","Ver Oferta","CJ","Ashampoo"
"external","cj-2703","Ashampoo® UnInstaller 15","1","1","visible","Ashampoo® UnInstaller 15 - Remove unwanted programs down to the last byte","Ashampoo® UnInstaller 15 - Remove unwanted programs down to the last byte","none","1","","40.00","14.00","Beauty","cj,beauty,ashampoo","https://img.ashampoo.com/images/products/2703/front.png","https://www.ashampoo.com/cookie/HqULT1OaTqFiPD4b?redirect=https%3A%2F%2Fwww.ashampoo.com%2Floc%2Funinstaller-15%3Fx-source%3Dcj%26x-mid%3Dcj%26utm_source%3Dcj%26utm_medium%3Dcj%26utm_campaign%3Dcj%26coupon%3DFEU-1K9-X76%26no-license-choice%3Dtrue","Ver Oferta","CJ","Ashampoo"
"external","cj-187e1f7e8cf62d811543","Earth 2140 + Mission Pack 1 + Mission Pack 2","1","1","visible","After numerous wars and several environmental disasters, only two world powers remain; The United Civilized States (&#187;UCS&#171;)and the Eurasian Dynasty ...","After numerous wars and several environmental disasters, only two world powers remain; The United Civilized States (&#187;UCS&#171;)and the Eurasian Dynasty ...","none","1","","1.20","0.42","Accessories","cj,accessories,topwareinteractive","https://www.yuplay.com/media/products/earth-2140/616/4ab1f19522a5ba20c9617c33f7565a2341c96747.jpg","https://www.yuplay.com/product/earth-2140/?partner=cj","Ver Oferta","CJ","TopWare Interactive"
"external","cj-326b8d281e0340062562","ONE PUNCH MAN: A HERO NOBODY KNOWS (Xbox One & Xbox Series X|S) Europe","1","1","visible","Important Notice: Please, make sure that your IP is LOCATED in EUROPE during the key activation. After a successful activation, the game will be available wi...","Important Notice: Please, make sure that your IP is LOCATED in EUROPE during the key activation. After a successful activation, the game will be available wi...","none","1","","69.99","24.50","Accessories","cj,accessories,bandainamcoentertainmentinc","https://www.yuplay.com/media/products/one-punch-man-a-hero-nobody-knows-xbox-one-xbox-series-xs-europe/616/6720946f9daf719597029f2386335fa5fc10ade6.jpg","https://www.yuplay.com/product/one-punch-man-a-hero-nobody-knows-xbox-one-xbox-series-xs-europe/?partner=cj","Ver Oferta","CJ","Bandai Namco Entertainment Inc"
"external","cj-3239bb2b164bd0c2aa36","Medieval Dynasty - Ultimate Edition","1","1","visible","Medieval Dynasty - Ultimate EditionMedieval Dynasty base gameMedieval Dynasty - Digital Supporter PackMedieval Dynasty - Official GuideMedieval Dynasty - Off...","Medieval Dynasty - Ultimate EditionMedieval Dynasty base gameMedieval Dynasty - Digital Supporter PackMedieval Dynasty - Official GuideMedieval Dynasty - Off...","none","1","","56.96","19.94","Sports","cj,sports,toplitzproductions","https://www.yuplay.com/media/products/medieval-dynasty-ultimate-edition/616/0826f172ad29aa32eab12f9694d368dbb3b6f1fe.jpg","https://www.yuplay.com/product/medieval-dynasty-ultimate-edition/?partner=cj","Ver Oferta","CJ","Toplitz Productions"
"external","cj-1879deb0c01751d22922","The Sims 4 - Get Together","1","1","visible","Create Clubs for your Sims where you set the rules, define their looks, and customize their hangouts in The Sims 4 Get Together.","Create Clubs for your Sims where you set the rules, define their looks, and customize their hangouts in The Sims 4 Get Together.","none","1","","39.99","14.02","Electronics","cj,electronics,electronicarts","https://www.yuplay.com/media/products/the-sims-4-get-together/616/f797f0afa9bc13fd6e4dcc5f51803920073664fa.jpg","https://www.yuplay.com/product/the-sims-4-get-together/?partner=cj","Ver Oferta","CJ","Electronic Arts"
"external","cj-3acaca60d0da5a6d0d4c","Talisman - Character Pack #3 - Devil's Minion","1","1","visible","Character pack release for Talisman: Digital Edition - Devil's Minion.","Character pack release for Talisman: Digital Edition - Devil's Minion.","none","1","","1.59","0.56","Books","cj,books,nomadgames","https://www.yuplay.com/media/products/talisman-character-pack-3-devils-minion/616/571c819d6405caf92aead82fa4ce6df208d4c9c3.jpg","https://www.yuplay.com/product/talisman-character-pack-3-devils-minion/?partner=cj","Ver Oferta","CJ","Nomad Games"
"external","cj-164cde40ae29511a656a","Chivalry 2 (Epic)","1","1","visible","Chivalry 2 is a multiplayer first person slasher inspired by epic medieval movie battles. Players are thrust into the action of every iconic moment of the er...","Chivalry 2 is a multiplayer first person slasher inspired by epic medieval movie battles. Players are thrust into the action of every iconic moment of the er...","none","1","","35.99","12.70","Accessories","cj,accessories,iceberginteractive","https://www.yuplay.com/media/products/chivalry-2-epic/616/80c8f28be32a8d2434b82826e489bab68620b633.jpg","https://www.yuplay.com/product/chivalry-2-epic/?partner=cj","Ver Oferta","CJ","Iceberg Interactive"
"external","cj-40008539078846","REXING PRD615 Smart Home Projector 750 ANSI Lumens HD","1","1","visible","Autofocus | 3D Video | HDMI | Duo USB 2.0 | WiFi | 40-150 inch” DLP Projector | Miracast | App Store | Google Play | Chrome | YouTube | Netflix | Home Entertain","Autofocus | 3D Video | HDMI | Duo USB 2.0 | WiFi | 40-150 inch” DLP Projector | Miracast | App Store | Google Play | Chrome | YouTube | Netflix | Home Entertainment THEATRE EXPERIENCE – Project stunning ultra-bright 750 ANSI DLP HD video (1280*800) with a throw ratio of 1.2:1 and transform any room into your personal movie theatre where you can watch your favorite movies, games, shows, and more. INCREDIBLE AUDIO – Enjoy Booming, lag-free audio via dual built-in 3W Stereo Speakers that will bring those movie sounds to real life and entertain you and your guests. Also, have the option to connect your own surround system via the 3.5mm headphone jack or play music via Bluetooth AUTOFOCUS – Remove the need for manually focusing your projected video where the PRD615 automatically calculates the distance between the wall and window projector giving you crystal clear imaging. 3D FUNCTIONALITY & MULTIMEDIA – Fully immerse yourself into 3D movies and games that jump right at you and your family. (3D glasses not included) MULTIMEDIA: Access thousands of Apps via the Playstore by connecting to your home WiFi, Including Android TV 9.0, or play media through sources like your phone, Laptop, PC, Tablet, Blu-ray DVD player, SD card, USB Flash Drive, or duo HDMI ports. WARRANTY – Need help? Email or call our personal Live US Based Customer Support. We stand behind all our products with an ***18 Month Warranty ***","none","1","","849.99","299.99","Electronics","cj,electronics,rexingusa","https://cdn.shopify.com/s/files/1/0556/5536/6846/files/PRD615-1-1.jpg?v=1740779274","https://rexing.com/products/rexing-prd615-smart-home-projector?variant=40008539078846","Ver Oferta","CJ","Rexing USA"
"external","cj-173fdba1dab5ad8a6519","Assassin's Creed Chronicles: China","1","1","visible","Assassin's Creed Chronicles: China takes place in China, 1526, as the Ming dynasty starts to crumble. You embody Shao Jun, the last remaining Assassin of the...","Assassin's Creed Chronicles: China takes place in China, 1526, as the Ming dynasty starts to crumble. You embody Shao Jun, the last remaining Assassin of the...","none","1","","9.99","3.53","Accessories","cj,accessories,ubisoft","https://www.yuplay.com/media/products/assassins-creed-chronicles-china/616/b384c348c7e0b969012ea978669ea94ba89d2e93.jpg","https://www.yuplay.com/product/assassins-creed-chronicles-china/?partner=cj","Ver Oferta","CJ","Ubisoft"
"external","cj-2ef1d6fc05512a0e6799","Total War: THREE KINGDOMS - A World Betrayed","1","1","visible","A World Betrayed portrays a seminal moment in the history of the Three Kingdoms. Many of the iconic warlords of Total War: THREE KINGDOMS have now passed on,...","A World Betrayed portrays a seminal moment in the history of the Three Kingdoms. Many of the iconic warlords of Total War: THREE KINGDOMS have now passed on,...","none","1","","9.99","3.53","Accessories","cj,accessories,sega","https://www.yuplay.com/media/products/total-war-three-kingdoms-a-world-betrayed/616/51af6fcf5ba31ca5a4fbaac495dd4c936c87ae00.jpg","https://www.yuplay.com/product/total-war-three-kingdoms-a-world-betrayed/?partner=cj","Ver Oferta","CJ","SEGA"
"external","cj-23caa1f44f8852962120","Red Dead Redemption 2 (Xbox One & Xbox Series X|S) Europe","1","1","visible","Important Notice: Please, make sure that your IP is LOCATED in EUROPE during the key activation. After a successful activation, the game will be available wi...","Important Notice: Please, make sure that your IP is LOCATED in EUROPE during the key activation. After a successful activation, the game will be available wi...","none","1","","59.99","21.29","Accessories","cj,accessories,rockstargames","https://www.yuplay.com/media/products/red-dead-redemption-2-xbox-one-xbox-series-xs-europe/616/1629afe5825b52ad117d7c55881f9b59b4152954.jpg","https://www.yuplay.com/product/red-dead-redemption-2-xbox-one-xbox-series-xs-europe/?partner=cj","Ver Oferta","CJ","Rockstar Games"
"external","cj-19a0b91c71b63a5fd848","Assassin's Creed The Ezio Collection (Xbox One & Xbox Series X|S) Europe","1","1","visible","Important Notice: Please, make sure that your IP is LOCATED in EUROPE during the key activation. After a successful activation, the game will be available wi...","Important Notice: Please, make sure that your IP is LOCATED in EUROPE during the key activation. After a successful activation, the game will be available wi...","none","1","","49.99","17.80","Accessories","cj,accessories,ubisoft","https://www.yuplay.com/media/products/assassins-creed-the-ezio-collection-xbox-one-xbox-series-xs-europe/616/611ad78460012a1e560e570fce6f4574c6d86529.jpg","https://www.yuplay.com/product/assassins-creed-the-ezio-collection-xbox-one-xbox-series-xs-europe/?partner=cj","Ver Oferta","CJ","Ubisoft"
"external","cj-404d368dff69a7297bf3","Autobahn Police Simulator 3","1","1","visible","Autobahn Police Simulator 3 lets you play as a rookie officer who just resumed their position after a serious car accident left them incapacitated for a whil...","Autobahn Police Simulator 3 lets you play as a rookie officer who just resumed their position after a serious car accident left them incapacitated for a whil...","none","1","","29.95","10.67","Accessories","cj,accessories,aerosoftgmbh","https://www.yuplay.com/media/products/autobahn-police-simulator-3/616/80e67831a1467f1909df625297db2e816a10ea24.jpg","https://www.yuplay.com/product/autobahn-police-simulator-3/?partner=cj","Ver Oferta","CJ","Aerosoft GmbH"
"external","cj-3d8b3c6173ee9cfddff8","Little Nightmares II Digital Content Bundle","1","1","visible","Purchase the Digital Content Bundle and receive the following digital content:The Nome's Attic DLCFollow the Nomes to find this special in-game puzzle and un...","Purchase the Digital Content Bundle and receive the following digital content:The Nome's Attic DLCFollow the Nomes to find this special in-game puzzle and un...","none","1","","9.99","3.56","Accessories","cj,accessories,bandainamcoentertainmentinc","https://www.yuplay.com/media/products/little-nightmares-ii-digital-content-bundle/616/fe157e820f6000e8deb925c33d8c65fa25b78263.jpg","https://www.yuplay.com/product/little-nightmares-ii-digital-content-bundle/?partner=cj","Ver Oferta","CJ","Bandai Namco Entertainment Inc"
"external","cj-14a4c22b4cfcff6344a7","NARUTO SHIPPUDEN: Ultimate Ninja STORM 4 Road to Boruto Bundle","1","1","visible","NARUTO SHIPPUDEN: Ultimate Ninja STORM 4 Road To Boruto is the ultimate choice for Naruto fans!","NARUTO SHIPPUDEN: Ultimate Ninja STORM 4 Road To Boruto is the ultimate choice for Naruto fans!","none","1","","49.99","17.82","Sports","cj,sports,bandainamcoentertainmentinc","https://www.yuplay.com/media/products/naruto-shippuden-ultimate-ninja-storm-4-road-to-boruto/616/4b4bd33f4cd993905d5ef7adf08e51fefb650bc3.jpg","https://www.yuplay.com/product/naruto-shippuden-ultimate-ninja-storm-4-road-to-boruto/?partner=cj","Ver Oferta","CJ","Bandai Namco Entertainment Inc"
"external","cj-0487c37954917e0b44e3","Florence","1","1","visible","Florence is a heartfelt experience that lasts around 30 minutes. It's short, but deeply meaningful.At 25, Florence Yeoh feels a little stuck. Her life is an ...","Florence is a heartfelt experience that lasts around 30 minutes. It's short, but deeply meaningful.At 25, Florence Yeoh feels a little stuck. Her life is an ...","none","1","","4.99","1.78","Accessories","cj,accessories,annapurnainteractive","https://www.yuplay.com/media/products/florence/616/e7944e97d2150f1877ecc2bb4ae828c6146f9f6a.jpg","https://www.yuplay.com/product/florence/?partner=cj","Ver Oferta","CJ","Annapurna Interactive"
"external","cj-2a3c618091dc33758cb1","Cities in Motion 2 Bus Mania","1","1","visible","Want more buses? Here they are! The Bus Mania pack offers five all-new bus type vehicles to spice up the game. Try out these modern vehicles to make the most...","Want more buses? Here they are! The Bus Mania pack offers five all-new bus type vehicles to spice up the game. Try out these modern vehicles to make the most...","none","1","","4.99","1.78","Accessories","cj,accessories,paradoxinteractive","https://www.yuplay.com/media/products/cities-in-motion-2-bus-mania/616/28874e335bb75c89d10cd9e052798394f0b0c1cb.jpg","https://www.yuplay.com/product/cities-in-motion-2-bus-mania/?partner=cj","Ver Oferta","CJ","Paradox Interactive"
"external","cj-1f122f8eabb9f4478df5","The Sims 4 - Snowy Escape","1","1","visible","Gear up for thrilling snow sports, relax in natural hot springs, and design your Japanese-inspired home in The Sims 4 Snowy Escape Expansion Pack*. Discover ...","Gear up for thrilling snow sports, relax in natural hot springs, and design your Japanese-inspired home in The Sims 4 Snowy Escape Expansion Pack*. Discover ...","none","1","","39.99","14.29","Electronics","cj,electronics,electronicarts","https://www.yuplay.com/media/products/the-sims-4-snowy-escape/616/06b772d087fcec470191402e7b820255a29cb4f5.jpg","https://www.yuplay.com/product/the-sims-4-snowy-escape/?partner=cj","Ver Oferta","CJ","Electronic Arts"
"external","cj-0b4abe08b44bc1d97ee6","A Street Cat's Tale","1","1","visible","A Tale of a street cat left alone","A Tale of a street cat left alone","none","1","","3.99","1.43","Accessories","cj,accessories,h2interactivecoltd","https://www.yuplay.com/media/products/a-street-cats-tale/616/819358f70fa75017228521ac58b761a8f734a715.jpg","https://www.yuplay.com/product/a-street-cats-tale/?partner=cj","Ver Oferta","CJ","H2 Interactive Co., Ltd"
"external","cj-18492338236c1d2d9182","Sea Dogs: To Each His Own - Happily Ever After","1","1","visible","The end is near... One final adventure of Charles de Maure is upon you! Dive into the intrigues between French nobility and British intelligence, reclaim you...","The end is near... One final adventure of Charles de Maure is upon you! Dive into the intrigues between French nobility and British intelligence, reclaim you...","none","1","","3.99","1.43","Accessories","cj,accessories,akella","https://www.yuplay.com/media/products/sea-dogs-to-each-his-own-happily-ever-after/616/4b4fa6d317a7cc23c6453c1c286b3077c34ce3a7.jpg","https://www.yuplay.com/product/sea-dogs-to-each-his-own-happily-ever-after/?partner=cj","Ver Oferta","CJ","Akella"
"external","cj-351afa434c095181b850","Blazing Sails - Privateer Pack","1","1","visible","Fight for survival in Blazing Sails, a pirate battle royale game! Create your own unique pirate and ship. Band together with other players to command your mi...","Fight for survival in Blazing Sails, a pirate battle royale game! Create your own unique pirate and ship. Band together with other players to command your mi...","none","1","","4.99","1.79","Accessories","cj,accessories,iceberginteractive","https://www.yuplay.com/media/products/blazing-sails-privateer-pack/616/cc6016be202917c62899b74cb3cbd39b315e54e5.jpg","https://www.yuplay.com/product/blazing-sails-privateer-pack/?partner=cj","Ver Oferta","CJ","Iceberg Interactive"
"external","cj-38246e15380ecf1a6259","Craftlands Workshoppe","1","1","visible","Does your job description include anything about depressed demigods and skeletons with short memories? Ours neither. But things work differently when you acc...","Does your job description include anything about depressed demigods and skeletons with short memories? Ours neither. But things work differently when you acc...","none","1","","5.26","1.89","Accessories","cj,accessories,excaliburpublishing","https://www.yuplay.com/media/products/craftlands-workshoppe/616/4c88543fd32cc2f12149cf49aae03d1aded4a3f4.jpg","https://www.yuplay.com/product/craftlands-workshoppe/?partner=cj","Ver Oferta","CJ","Excalibur Publishing"
"external","cj-0d05307119fdc611f91a","Naruto to Boruto Shinobi Striker - Season Pass","1","1","visible","Extend your experience with the NARUTO TO BORUTO: SHINOBI STRIKER Season Pass! The Season Pass gives you access to 9 Master Character Training Packs. SEASON ...","Extend your experience with the NARUTO TO BORUTO: SHINOBI STRIKER Season Pass! The Season Pass gives you access to 9 Master Character Training Packs. SEASON ...","none","1","","29.99","10.78","Accessories","cj,accessories,bandainamcoentertainmentinc","https://www.yuplay.com/media/products/naruto-to-boruto-shinobi-striker-season-pass/616/5b08caea4436741a277a707f1dfea5f19113e70a.jpg","https://www.yuplay.com/product/naruto-to-boruto-shinobi-striker-season-pass/?partner=cj","Ver Oferta","CJ","Bandai Namco Entertainment Inc"
"external","cj-1754d7586407933c5afd","DRAGON BALL Z: KAKAROT Season Pass 2","1","1","visible","Deepen your DRAGON BALL Z: KAKAROT experience by grabbing  Season Pass 2 which includes 3 additional story arcs!","Deepen your DRAGON BALL Z: KAKAROT experience by grabbing  Season Pass 2 which includes 3 additional story arcs!","none","1","","39.99","14.38","Sports","cj,sports,bandainamcoentertainmentinc","https://www.yuplay.com/media/products/dragon-ball-z-kakarot-season-pass-2/616/e24c1b62b80a3eec8cf79f3b785dbdafa9d60389.jpg","https://www.yuplay.com/product/dragon-ball-z-kakarot-season-pass-2/?partner=cj","Ver Oferta","CJ","Bandai Namco Entertainment Inc"
"external","cj-14dfe70817c82ab84df4","SCARLET NEXUS Ultimate Upgrade Bundle","1","1","visible","The Deluxe Edition includes the SCARLET NEXUS full game and Brain Punk Bundle, along with 2 bonuses.","The Deluxe Edition includes the SCARLET NEXUS full game and Brain Punk Bundle, along with 2 bonuses.","none","1","","39.99","14.39","Sports","cj,sports,bandainamcoentertainmentinc","https://www.yuplay.com/media/products/scarlet-nexus-ultimate-upgrade-bundle/616/4e2cd3c1e1b9b74b995240669ec589161becec8f.jpg","https://www.yuplay.com/product/scarlet-nexus-ultimate-upgrade-bundle/?partner=cj","Ver Oferta","CJ","Bandai Namco Entertainment Inc"
"external","cj-1c81dc4fd56d5cb8a2c0","The Sims 4 Island Living","1","1","visible","Explore a breezy world drenched in sun, sand, and endless fun as your Sims make their own paradise in The Sims 4 Island Living. Whether they contribute to th...","Explore a breezy world drenched in sun, sand, and endless fun as your Sims make their own paradise in The Sims 4 Island Living. Whether they contribute to th...","none","1","","39.99","14.40","Electronics","cj,electronics,electronicarts","https://www.yuplay.com/media/products/the-sims-4-island-living/616/99d047d8f1c976a1cc433d57f3f268b5aed903c0.jpg","https://www.yuplay.com/product/the-sims-4-island-living/?partner=cj","Ver Oferta","CJ","Electronic Arts"
"external","cj-130bc55229b70751b79d","Farm Together - Laurel Pack","1","1","visible","This DLC includesTwo new outfits (male and female) with and without cape, with three different skins eachNew hatNew backpack: Roman ShieldNew crop: ChiveNew ...","This DLC includesTwo new outfits (male and female) with and without cape, with three different skins eachNew hatNew backpack: Roman ShieldNew crop: ChiveNew ...","none","1","","3.99","1.44","Accessories","cj,accessories,milkstonestudios","https://www.yuplay.com/media/products/farm-together-laurel-pack/616/d8bc567a183c5c2fdb497a599496e043e99ab417.jpg","https://www.yuplay.com/product/farm-together-laurel-pack/?partner=cj","Ver Oferta","CJ","Milkstone Studios"
"external","cj-09fbefa67ca6ad86cba6","Total War: PHARAOH","1","1","visible","In Total War: PHARAOH, the newest entry in the award-winning grand strategy series, immerse yourself in ancient Egypt at the zenith of its power and experien...","In Total War: PHARAOH, the newest entry in the award-winning grand strategy series, immerse yourself in ancient Egypt at the zenith of its power and experien...","none","1","","59.99","21.66","Accessories","cj,accessories,sega","https://www.yuplay.com/media/products/total-war-pharaoh/616/ea07cfa894fc6199bc73c2856f26eecea3d69f8d.jpg","https://www.yuplay.com/product/total-war-pharaoh/?partner=cj","Ver Oferta","CJ","SEGA"
"external","cj-414909ef99d6b071ac90","Psychonauts 2 (Xbox One & PC) Europe","1","1","visible","Important Notice: Please, make sure that your IP is LOCATED in EUROPE during the key activation. After a successful activation, the game will be available wi...","Important Notice: Please, make sure that your IP is LOCATED in EUROPE during the key activation. After a successful activation, the game will be available wi...","none","1","","59.99","21.67","Accessories","cj,accessories,xboxgamestudios","https://www.yuplay.com/media/products/psychonauts-2/616/29ad178e33160d7a894d65cd802e9e02087ef822.jpg","https://www.yuplay.com/product/psychonauts-2/?partner=cj","Ver Oferta","CJ","Xbox Game Studios"
"external","cj-055a2ed3929411a47019","Kingdoms of Amalur: Reckoning (EA App)","1","1","visible","The minds of New York Times bestselling author R.A. Salvatore, Spawn creator Todd McFarlane, and Elder Scrolls IV: Oblivion lead designer Ken Rolston have co...","The minds of New York Times bestselling author R.A. Salvatore, Spawn creator Todd McFarlane, and Elder Scrolls IV: Oblivion lead designer Ken Rolston have co...","none","1","","9.99","3.61","Books","cj,books,thqnordic","https://www.yuplay.com/media/products/kingdoms-of-amalur-reckoningtmorigin/616/d558af78e9196d747c6d497596f71bcc80355e3e.jpg","https://www.yuplay.com/product/kingdoms-of-amalur-reckoningtmorigin/?partner=cj","Ver Oferta","CJ","THQ Nordic"
"external","cj-1a0345cb03377d84027b","RiMS - 8X Nolan X-lite Helmets DLC","1","1","visible","Get 8 exclusive official Nolan X-Lite helmets. These eight X-Lite X-803 RS carbon fibre helmets are replicas of helmets worn in races by Chaz Davies, Danilo ...","Get 8 exclusive official Nolan X-Lite helmets. These eight X-Lite X-803 RS carbon fibre helmets are replicas of helmets worn in races by Chaz Davies, Danilo ...","none","1","","1.99","0.72","Accessories","cj,accessories,nacon","https://www.yuplay.com/media/products/rims-8x-nolan-x-lite-helmets-dlc/616/170ea3154d5b15822c8efb651997f1138ababdeb.jpg","https://www.yuplay.com/product/rims-8x-nolan-x-lite-helmets-dlc/?partner=cj","Ver Oferta","CJ","Nacon"
"external","cj-0308a6061356217e616c","Terminator Resistance","1","1","visible","There is no fate but what you make.","There is no fate but what you make.","none","1","","39.99","14.47","Accessories","cj,accessories,reefentertainment","https://www.yuplay.com/media/products/terminator-resistance/616/a75009ebe97d89533a4f1f38d098ad52e5f27ee2.jpg","https://www.yuplay.com/product/terminator-resistance/?partner=cj","Ver Oferta","CJ","Reef Entertainment"
"external","cj-26d8b02b1e3970f36f71","Worms Battlegrounds + Worms W.M.D (Xbox One & Xbox Series X|S) Europe","1","1","visible","Important Notice: Please, make sure that your IP is LOCATED in EUROPE during the key activation. After a successful activation, the game will be available wi...","Important Notice: Please, make sure that your IP is LOCATED in EUROPE during the key activation. After a successful activation, the game will be available wi...","none","1","","34.99","12.70","Accessories","cj,accessories,team17","https://www.yuplay.com/media/products/worms-battlegrounds-plus-worms-wmd-xbox-one-xbox-series-xs-europe/616/45017ca87931ecbd3b52ca4afd5a694d72e9edd5.jpg","https://www.yuplay.com/product/worms-battlegrounds-plus-worms-wmd-xbox-one-xbox-series-xs-europe/?partner=cj","Ver Oferta","CJ","Team17"
"external","cj-3f36c417018b11fa2939","Sniper Ghost Warrior 3 - Sniper Rifle McMillan TAC-338A","1","1","visible","Feel the power of this legendary rifle and test your sharpshooting skills on the field. Fitted with the McMillan Long Range Scope, the McMillan TAC-338A rifl...","Feel the power of this legendary rifle and test your sharpshooting skills on the field. Fitted with the McMillan Long Range Scope, the McMillan TAC-338A rifl...","none","1","","0.99","0.36","Accessories","cj,accessories,cigames","https://www.yuplay.com/media/products/sniper-ghost-warrior-3-sniper-rifle-mcmillan-tac-338a/616/b63d971ae3bd4051f427b749e6f5f8326c66aa7c.jpg","https://www.yuplay.com/product/sniper-ghost-warrior-3-sniper-rifle-mcmillan-tac-338a/?partner=cj","Ver Oferta","CJ","CI Games"
"external","cj-411c675a911bab26566c","Gomo","1","1","visible","Far away, in a hidden valley Gomo and his dog Dingo live in undisturbed peace; but serenity in this fairy tale vale soon comes to a violent end: an unknown a...","Far away, in a hidden valley Gomo and his dog Dingo live in undisturbed peace; but serenity in this fairy tale vale soon comes to a violent end: an unknown a...","none","1","","1.56","0.57","Home","cj,home,daedalicentertainment","https://www.yuplay.com/media/products/gomo/616/b06b6aa895e3d87f3275729a2f31ebe20ae92029.jpg","https://www.yuplay.com/product/gomo/?partner=cj","Ver Oferta","CJ","Daedalic Entertainment"
"external","cj-37d38614486a9ae3b01c","JDM: Japanese Drift Master","1","1","visible","Discover Japan's legendary car culture in JDM: Japanese Drift Master!","Discover Japan's legendary car culture in JDM: Japanese Drift Master!","none","1","","34.99","12.80","Electronics","cj,electronics,gamingfactory","https://www.yuplay.com/media/products/jdm-japanese-drift-master/616/e97cd8753abf6b266d30eaddd6483355a0f8912e.jpg","https://www.yuplay.com/product/jdm-japanese-drift-master/?partner=cj","Ver Oferta","CJ","Gaming Factory"
"external","cj-01d3e622f7d9897af2ea","Power and Revolution 2023 Edition","1","1","visible","2023: A World Under Pressure!","2023: A World Under Pressure!","none","1","","49.99","18.30","Books","cj,books,eversim","https://www.yuplay.com/media/products/power-and-revolution-2023-edition/616/1b943b1ac0b30dc8bd79ce15cd04847c5820348f.jpg","https://www.yuplay.com/product/power-and-revolution-2023-edition/?partner=cj","Ver Oferta","CJ","Eversim"
"external","cj-229387c3cdb1eb1a79fe","Chuusotsu! Sound Correction","1","1","visible","Chuusotsu! - Sound Disc is an original Soundtrack for Chuusotsu! - 1st Graduation, containing 13 tracks of stellar music from the game.Track List:1. Philosop...","Chuusotsu! - Sound Disc is an original Soundtrack for Chuusotsu! - 1st Graduation, containing 13 tracks of stellar music from the game.Track List:1. Philosop...","none","1","","8.19","3.00","Accessories","cj,accessories,fruitbatfactory","https://www.yuplay.com/media/products/chuusotsu-sound-correction/616/0a09acddb9d36902f310573a155321213fcdd61a.jpg","https://www.yuplay.com/product/chuusotsu-sound-correction/?partner=cj","Ver Oferta","CJ","Fruitbat Factory"
"external","cj-03495905f969380adb56","Odysseus Kosmos and his Robot Quest - Episode 5","1","1","visible","Welcome aboard San-Francisco, a scientific vessel exploring the outer reaches of space. 30 years ago, the ship's crew has mysteriously vanished leaving two m...","Welcome aboard San-Francisco, a scientific vessel exploring the outer reaches of space. 30 years ago, the ship's crew has mysteriously vanished leaving two m...","none","1","","4.99","1.83","Accessories","cj,accessories,herocraftpc","https://www.yuplay.com/media/products/odysseus-kosmos-and-his-robot-quest-episode-5/616/18b3b90e4c3ae7673ff5e202a6c2fe28d5e067b7.jpg","https://www.yuplay.com/product/odysseus-kosmos-and-his-robot-quest-episode-5/?partner=cj","Ver Oferta","CJ","HeroCraft PC"
